:020000040800F2
:10300000004000207D5A0008295400082B54000875
:103010002D5400082F54000831540008000000000F
:103020000000000000000000000000003354000811
:1030300035540008000000003754000839540008D7
:10304000CD5A0008CD5A00083D540008CD5A00085A
:10305000CD5A0008CD5A0008CD5A0008495400083E
:10306000CD5A0008CD5A0008CD5A0008CD5A0008A4
:10307000CD5A0008CD5A0008CD5A00085154000816
:10308000CD5A0008CD5A0008CD5A0008CD5A000884
:1030900000000000CD5A0008CD5A0008CD5A0008A3
:1030A000CD5A0008CD5A0008CD5A0008CD5A000864
:1030B000CD5A0008CD5A0008CD5A0008CD5A000854
:1030C000CD5A0008CD5A0008CD5A0008CD5A000844
:1030D000CD5A00085D540008CD5A0008CD5A0008AA
:1030E000CD5A0008CD5A000869540008CD5A00088E
:1030F000CD5A00080000000000000000CD5A000872
:10310000CD5A0008CD5A000875540008CD5A000861
:10311000CD5A0008CD5A0008CD5A0008CD5A0008F3
:10312000CD5A0008CD5A0008CD5A0008CD5A0008E3
:08313000CD5A0008CD5A000839
:1031400010B5054C237833B9044B13B10448AFF3E1
:1031500000800123237010BD7C00002000000000CF
:103160008CD8000808B5034B1BB103490348AFF3E3
:10317000008008BD00000000800000208CD80008FE
:10318000034613F8012B002AFBD1181A01387047A7
:1031900001F0FF01102A2BDB10F0070F08D010F808
:1031A000013B013A8B422DD010F0070F42B3F6D10C
:1031B000F0B441EA012141EA014122F007047FF025
:1031C00000070023F0E80256083C85EA010586EA7C
:1031D000010685FA47F5A3FA87F586FA47F6A5FAB8
:1031E00087F68EB9EED1F0BC01F0FF0102F00702C4
:1031F00032B110F8013B013A83EA010313B1F8D16F
:103200000020704701387047002D06BF354603384F
:10321000073815F0010F07D1013015F4807F02BF88
:10322000013015F4C03F0130F0BC0138704700BFD9
:1032300080F0004002E000BF81F0004142001FBF6B
:103240005FEA410392EA030F7FEA226C7FEA236C74
:103250006AD04FEA1262D2EB1363C1BFD218414069
:1032600048404140B8BF5B42192B88BF704710F0FF
:10327000004F40F4000020F07F4018BF404211F0A2
:10328000004F41F4000121F07F4118BF494292EA0A
:10329000030F3FD0A2F1010241FA03FC10EB0C0036
:1032A000C3F1200301FA03F100F0004302D54942C3
:1032B00060EB4000B0F5000F13D3B0F1807F06D370
:1032C00040084FEA310102F10102FE2A51D2B1F168
:1032D000004F40EBC25008BF20F0010040EA03005D
:1032E0007047490040EB0000013A28BFB0F5000FDD
:1032F000EDD2B0FA80FCACF1080CB2EB0C0200FA93
:103300000CF0AABF00EBC25052421843BCBFD040E1
:103310001843704792F0000F81F4000106BF80F45B
:1033200000000132013BB5E74FEA41037FEA226C1E
:1033300018BF7FEA236C21D092EA030F04D092F0E9
:10334000000F08BF0846704790EA010F1CBF00201D
:10335000704712F07F4F04D1400028BF40F000407A
:10336000704712F100723CBF00F50000704700F09A
:10337000004343F0FE4040F4000070477FEA2262C1
:1033800016BF08467FEA23630146420206BF5FEA92
:10339000412390EA010F40F4800070474FF0000392
:1033A00004E000BF10F0004348BF40425FEA000C59
:1033B00008BF704743F0964301464FF000001CE001
:1033C00050EA010208BF70474FF000030AE000BF57
:1033D00050EA010208BF704711F0004302D5404295
:1033E00061EB41015FEA010C02BF84460146002007
:1033F00043F0B64308BFA3F18053A3F50003BCFA22
:103400008CF2083AA3EBC25310DB01FA02FC6344CE
:1034100000FA02FCC2F12002BCF1004F20FA02F2D5
:1034200043EB020008BF20F00100704702F12002C8
:1034300001FA02FCC2F1200250EA4C0021FA02F229
:1034400043EB020008BF20EADC7070474FF0FF0C2E
:103450001CEAD0521EBF1CEAD15392EA0C0F93EA29
:103460000C0F6FD01A4480EA010C400218BF5FEACB
:1034700041211ED04FF0006343EA501043EA51113E
:10348000A0FB01310CF00040B1F5000F3EBF490038
:1034900041EAD3715B0040EA010062F17F02FD2A3C
:1034A0001DD8B3F1004F40EBC25008BF20F001001F
:1034B000704790F0000F0CF0004C08BF49024CEA36
:1034C000502040EA51207F3AC2BFD2F1FF0340EAC8
:1034D000C250704740F400004FF00003013A5DDC39
:1034E00012F1190FDCBF00F000407047C2F100027A
:1034F000410021FA02F1C2F1200200FA02FC5FEA67
:10350000310040F1000053EA4C0308BF20EADC70B0
:10351000704792F0000F00F0004C02BF400010F422
:10352000000F013AF9D040EA0C0093F0000F01F0CF
:10353000004C02BF490011F4000F013BF9D041EAF1
:103540000C018FE70CEAD15392EA0C0F18BF93EAF3
:103550000C0F0AD030F0004C18BF31F0004CD8D11D
:1035600080EA010000F00040704790F0000F17BFA4
:1035700090F0004F084691F0000F91F0004F14D0EA
:1035800092EA0C0F01D142020FD193EA0C0F03D142
:103590004B0218BF084608D180EA010000F0004045
:1035A00040F0FE4040F40000704740F0FE4040F420
:1035B000400070474FF0FF0C1CEAD0521EBF1CEABF
:1035C000D15392EA0C0F93EA0C0F69D0A2EB0302DD
:1035D00080EA010C49024FEA402037D04FF0805377
:1035E00043EA111143EA10130CF000408B4238BF3C
:1035F0005B0042F17D024FF4000C8B4224BF5B1A4A
:1036000040EA0C00B3EB510F24BFA3EB510340EA97
:103610005C00B3EB910F24BFA3EB910340EA9C0045
:10362000B3EBD10F24BFA3EBD10340EADC001B01B5
:1036300018BF5FEA1C1CE0D1FD2A3FF650AF8B4259
:1036400040EBC25008BF20F0010070470CF0004C66
:103650004CEA50207F32C2BFD2F1FF0340EAC25091
:10366000704740F400004FF00003013A37E792F052
:10367000000F00F0004C02BF400010F4000F013AB0
:10368000F9D040EA0C0093F0000F01F0004C02BFAB
:10369000490011F4000F013BF9D041EA0C0195E714
:1036A0000CEAD15392EA0C0F08D142027FF47DAFAD
:1036B00093EA0C0F7FF470AF084676E793EA0C0F9D
:1036C00004D14B023FF44CAF08466EE730F0004C9B
:1036D00018BF31F0004CCAD130F000427FF45CAF2B
:1036E00031F000437FF43CAF5FE700BF4FF0FF3C99
:1036F00006E000BF4FF0010C02E000BF4FF0010CEC
:103700004DF804CD4FEA40024FEA41037FEA226CB4
:1037100018BF7FEA236C11D001B052EA530C18BFD6
:1037200090EA010F58BFB2EB030088BFC81738BF3B
:103730006FEAE17018BF40F0010070477FEA226C29
:1037400002D15FEA402C05D17FEA236CE4D15FEA25
:10375000412CE1D05DF8040B704700BF8446084659
:103760006146FFE70FB5FFF7C9FF002848BF10F11A
:10377000000F0FBD4DF808EDFFF7F4FF0CBF01205F
:1037800000205DF808FB00BF4DF808EDFFF7EAFFE9
:1037900034BF012000205DF808FB00BF4DF808EDA4
:1037A000FFF7E0FF94BF012000205DF808FB00BF99
:1037B0004DF808EDFFF7D2FF94BF012000205DF81F
:1037C00008FB00BF4DF808EDFFF7C8FF34BF01202C
:1037D00000205DF808FB00BF4FEA40024FEA4103BA
:1037E0007FEA226C02D15FEA402C08D17FEA236C89
:1037F00002D15FEA412C02D14FF0000070474FF038
:10380000010070474FEA4002B2F1FE4F0FD34FF074
:103810009E03B3EB12620DD94FEA002343F000433D
:1038200010F0004F23FA02F018BF404270474FF0EB
:103830000000704712F1610F01D1420205D110F072
:10384000004008BF6FF0004070474FF00000704725
:1038500042000ED2B2F1FE4F0BD34FF09E03B3EBFA
:10386000126209D44FEA002343F0004323FA02F026
:1038700070474FF00000704712F1610F01D1420212
:1038800002D14FF0FF3070474FF00000704700BF8B
:1038900053B94AB9002908BF00281CBF4FF0FF31B7
:1038A0004FF0FF3000F06AB9ADF1080C6DE904CEBD
:1038B00000F006F8DDF804E0DDE9022304B070470B
:1038C0002DE9F047089D0C46002B4ED194468C45BF
:1038D0008646B2FA82F262D94AB1C2F1200391401F
:1038E00020FA03F30CFA02FC194300FA02FE4FEA35
:1038F0001C471FFA8CF6B1FBF7F44FEA1E4307FB97
:10390000141143EA014304FB06F199420AD91CEB66
:10391000030304F1FF3080F01281994240F20F81DD
:10392000023C6344591A1FFA8EF3B1FBF7F007FB10
:10393000101143EA014300FB06F69E420AD91CEB34
:10394000030300F1FF3180F0FC809E4240F2F980D9
:10395000634402389B1B40EA044000211DB1D34060
:103960000022C5E90032BDE8F0878B4205D90DB1D0
:10397000C5E9000100210846F5E7B3FA83F1002903
:1039800046D1A34202D39042C0F0F080861A64EB85
:1039900003030120002DE6D0C5E90063E3E7002A18
:1039A00040F09080A1EB0C044FEA1C481FFA8CF702
:1039B0000121B4FBF8F64FEA1E4308FB164443EA24
:1039C000044307FB06F0984208D91CEB030306F1F9
:1039D000FF3402D2984200F2CD8026461C1A1FFA0C
:1039E0008EF3B4FBF8F008FB104443EA044300FBF9
:1039F00007F79F4208D91CEB030300F1FF3402D202
:103A00009F4200F2B0802046DB1B40EA0640A5E75B
:103A1000C1F120068B4022FA06F71F4320FA06FC6C
:103A200004FA01F343EA0C03F44000FA01F8380CFD
:103A30004FEA1349B4FBF0FE1FFA87FC00FB1E445B
:103A400049EA04440EFB0CF9A14502FA01F20AD935
:103A50003C190EF1FF3A80F08480A14540F281804C
:103A6000AEF1020E3C44A4EB09041FFA83F9B4FB47
:103A7000F0F300FB134449EA044403FB0CFCA445A7
:103A800007D93C1903F1FF3067D2A44565D9023B41
:103A90003C4443EA0E40A0FB0293A4EB0C049C427E
:103AA000CE469C4651D34ED055B1B8EB0E0364EBD5
:103AB0000C0404FA06F6CB401E43CC40C5E9006472
:103AC000002150E7C2F1200320FA03F10CFA02FCB6
:103AD00024FA03F394400C434FEA1C4800FA02FE18
:103AE0001FFA8CF7B3FBF8F008FB1031230C43EA04
:103AF000014300FB07F1994208D91CEB030300F1D5
:103B0000FF362CD299422AD9023863445B1AA4B2F8
:103B1000B3FBF8F108FB113344EA034401FB07F35C
:103B2000A34208D91CEB040401F1FF3613D2A342CF
:103B300011D902396444E41A41EA004139E70446E4
:103B4000F0E6084606E7C845AED2B9EB020E63EBD5
:103B5000070C0138A8E73146EDE7034699E7304600
:103B6000D4E7D6467FE7634402384DE7064623464E
:103B700008460FE7023E634430E700BF704700BFCE
:103B8000F7B5154606460F4603F0D4FA154B16480E
:103B90004FF400421A6106F17842D30A022102EB87
:103BA000C502C0E90013C3EBD223DB0A013301A92C
:103BB000836003F057FB044680B9083FAC4206EB34
:103BC000C40103DB03F0C8FA002009E0F7E902238F
:103BD000012003F001FB08B90134EFE703F0C8FA54
:103BE00003B0F0BD00400058A4000020520092B283
:103BF00000EB8202091A904200D1704703680B5013
:103C00000430F8E710B5ADF5FA6D0446FA22044821
:103C10006946FFF7EBFF1DF904000DF5FA6D10BDC5
:103C200000F8010810B5ADF5FA6D0446FA22044813
:103C30006946FFF7DBFF5DF804000DF5FA6D10BD76
:103C400000F8010870B50A4EADF5FA6D04460D4650
:103C500030466946FA22FFF7C9FFFA226946304624
:103C60000DF80450FFF78CFF0DF5FA6D70BD00BF25
:103C700000F8010870B50A4EADF5FA6D04460D4620
:103C800030466946FA22FFF7B1FFFA22694630460C
:103C90004DF80450FFF774FF0DF5FA6D70BD00BFCD
:103CA00000F8010813B5044603F044FA0A4B0B4828
:103CB0004FF400421A6104F1784402230360E40ADD
:103CC000012301A94460836003F0CCFA08B103F03A
:103CD0004FFA02B010BD00BF00400058980000200D
:103CE0001148124A08B50023C0E9002304224261AA
:103CF0000122C0E90233C0E90933C0E90C33036192
:103D000003838376C26180F8203080F82C3083638F
:103D100080F83C30C36402F051FE18B1BDE80840A1
:103D200001F006B908BD00BFB0000020002401402A
:103D300010B596B004461422002103A809F014F926
:103D40003822002108A809F00FF92268184B9A427E
:103D50002BD14FF48043089308A84FF0805313935E
:103D600004F0BAFC08B101F0E3F84FF0B04303A946
:103D70001A6E42F400721A661A6E02F4007202920F
:103D8000029ADA6C42F00102DA64DB6C03F00103A0
:103D90000193019B4FF480620323CDE903234FF08D
:103DA00090400023059303F0ABFA16B010BD00BF9E
:103DB00000240140F8B50546174609F0EAF8044624
:103DC00060B1461B2846FFF7DBF9C6F10102013658
:103DD00002442146A81909F0ADF82770F8BDF8B5DE
:103DE000164607460C461D46FFF7CAF9B04211D3E6
:103DF000731983420EDCB81900239D4205DC25EAC5
:103E0000E575002363552046F8BD10F8012BE254F8
:103E10000133F2E70024F6E770B50E46144600259C
:103E2000A54205DB0CD10378002B08BF002070BD34
:103E3000314609F0A1F80028F9D001300135EFE74B
:103E40000020F4E72DE9F043B34C89B000F014FFF3
:103E500014233C222146B14806F0DCF8B049412247
:103E60002046FFF7A7FF01224FF480714FF09040EA
:103E700003F066FBAB49204609F08BF8054688B194
:103E80004FF0904000224FF4807103F059FB204620
:103E900001F096F83C220021204609B0BDE8F0432D
:103EA00009F062B8A049204609F073F8C8B10420AF
:103EB000FFF7B8FE064600F0A3FC9C4B0095CDE949
:103EC00001502A462946022008F08EFA0A2001F005
:103ED00059FB0096964B2A462946022008F084FAA0
:103EE000D8E79449204609F054F8054610B102F08D
:103EF00007FACFE79049204609F04BF8064648B14B
:103F00008E4B01221A7029468D4B2A46022008F05A
:103F10006BFABFE78B49204609F03BF8054648B3EA
:103F200031465020FFF7A6FE8748FFF7BBFE31461B
:103F300004465020FFF79EFE94B9844B224621464A
:103F4000012008F051FA4FF0904022464FF4807162
:103F500003F0F6FAC82001F015FB02F093FE05E02D
:103F60007B4B32463146012008F03EFA3C220021CC
:103F7000694892E77749204609F00BF890B1764BF3
:103F80002A462946012008F02FFA3C2229462046DD
:103F900008F0EAFF642001F0F5FA09B0BDE8F0434B
:103FA00002F070BE6D49204608F0F3FF054670B37D
:103FB0002046FFF7E5F83D210546204608F0DCFFE6
:103FC000021BAB1A013B013205A92046FFF707FF90
:103FD00005A808F07BFE624B421F9A42044611D8A6
:103FE00001460420FFF746FE0420FFF71BFE5D4B51
:103FF00018605D4B012284421A70B7D14C4B00947B
:10400000002207E1594B002211460220ACE7584933
:10401000204608F0BEFF20B10420FFF703FE009009
:1040200058E75449204608F0B4FF58B32046FFF73C
:10403000A7F83D210546204608F09EFF021BAB1A5B
:10404000013B013205A92046FFF7C9FE05A808F08B
:104050003DFE441E072C13D8E1B26420FFF7F2FDA9
:104060006420FFF7CFFD844280D10134424B00949D
:1040700000221146022008F0B7F94FF47A706AE77F
:104080003E4BC0E73E49204608F083FF30B1642034
:10409000FFF7B8FD0130384B0090B1E739491E48B1
:1040A00008F077FF064638B31B48FFF769F83D2153
:1040B0000546194808F060FF021BAB1A013B0132AC
:1040C00005A91548FFF78BFE05A808F0FFFD4FF680
:1040D000FE73421E9A4204460CD801466C20FFF73C
:1040E000C9FD6C20FFF79EFD84427FF43FAF264B55
:1040F000009485E7254B86E72549074808F049FFE6
:104100000546002846D06C20FFF78CFD1E4B009022
:1041100032463146022088E014010020680B00205E
:1041200005DB0008D7D80008DFD80008EAD8000867
:1041300021D900082CD9000837D90008FF0C00202D
:104140003DD9000849D9000800F8010852D90008F3
:104150005CD9000869D9000872D900087CD9000828
:104160007B51010004000020000D002087D90008C9
:1041700095D900089FD90008A6D90008ADD9000834
:10418000B7D90008BDD90008C8D90008D3D900089C
:10419000E1D90008AF49B04808F0FBFE40B3AE4893
:1041A000FEF7EEFF3D210646AB4808F0E5FE021B98
:1041B000B31A013B013205A9A748FFF710FE05A875
:1041C00008F084FD0428044606D9A44B2A46294653
:1041D000022008F009F9C0E0C1B20820FFF732FD63
:1041E0000820FFF70FFDA0422AD19D4B00903FE72A
:1041F0009C49994808F0CDFE20B30820FFF702FD46
:1042000004281DD8DFE800F003080C141800002271
:10421000954B009211467DE701230093934BEFE607
:1042200002200022924B0090114608F0DDF89DE636
:10423000032300938F4BE3E6042300938E4BDFE6CA
:10424000864BE0E68D49844808F0A3FE064640B35D
:104250008148FEF795FF3D2105467F4808F08CFE1A
:10426000021BAB1A013B7C48013205A9FFF7B7FDE1
:104270009DF81440A4F14103022B10D821460C20D4
:10428000FFF7E0FC0C20FFF7BDFC412CC0B202D1CF
:104290007B4B0090B4E6432C7FF468AEF8E7784B94
:1042A000B1E678496C4808F074FE054630B10C2040
:1042B000FFF7A8FCC0B2724B009029E7724966482C
:1042C00008F067FE064600284AD06348FEF758FF0C
:1042D0003D210646604808F04FFE021BB31A013B21
:1042E000013205A95C48FFF77AFD2A462C2105A872
:1042F000FFF792FD08F0EAFC01222C21074605A8F1
:10430000FFF78AFD08F0E2FC022206462C2105A8F0
:10431000FFF782FD08F0DAFCF9B204461420FFF73B
:1043200091FCF1B21820FFF78DFCE1B21C20FFF7E1
:1043300089FC1420FFF766FC04461820FFF762FC96
:1043400006461C20FFF75EFC504B0094CDE901604F
:104350002A462946022008F047F83C22294607E66B
:104360004B493D4808F015FE0546A0B11420FFF763
:1043700049FC04461820FFF745FC05461C20FFF7C2
:1043800041FC424B0094CDE90150324631460220B7
:1043900008F02AF8EAE53F492F4808F0FAFD58B33B
:1043A0002D48FEF7EDFE3D2106462B4808F0E4FDC2
:1043B000021BB31A013B05A901322748FFF70FFD85
:1043C0002A462C2105A8FFF727FD08F07FFCC1B283
:1043D0001820FFF737FC1820FFF714FC2E4B009035
:1043E0002A462946022007F0FFFF4FF47A7001F0B9
:1043F000C9F802F047FCB0E72849174808F0C9FDA2
:1044000028B11820FFF7FEFB234B0090F8E5244964
:10441000114808F0BEFD0646002859D00E48FEF7A8
:10442000AFFE3D2105460C4808F0A6FD021BAB1A65
:10443000013B013205A90848FFF7D1FC00222C21DD
:1044400005A8FFF7E9FC08F041FC441E772C2BD9A6
:10445000144BD8E5EBD9000814010020F4D900086A
:1044600000DA000809DA000811DA00081DDA00088D
:1044700029DA000835DA000841DA00084DDA0008C8
:1044800057DA000861DA00086ADA000876DA00080C
:1044900088DA000893DA00089ADA0008A1DA00083E
:1044A000A7DA0008B1DA0008754BC1B260201970B4
:1044B000FFF7C8FB0F236420B4FBF3F1C9B2FFF789
:1044C000C1FB6020FFF79EFBC0B26E4B009097E5EA
:1044D0006D496E4808F05DFD054630B16020FFF77C
:1044E00091FBC0B2674B009012E66949674808F03B
:1044F00050FD0646B8B36548FEF742FE3D2106462C
:10450000624808F039FD021BB31A013B05A90132CC
:104510005E48FFF764FC2A462C2105A8FFF77CFCC7
:1045200008F0D4FB012206462C2105A8FFF774FCF5
:1045300008F0CCFBF1B204462420FFF79BFB214698
:104540002820FFF797FB2420FFF76CFB0446282068
:10455000FFF768FB4F4BCDE900402A462946022071
:1045600007F042FFF9E64C49484808F012FD0546BD
:1045700078B12420FFF756FB04462820FFF752FBB2
:10458000444BCDE9004032463146022007F02CFF73
:10459000ECE442493D4808F0FCFC064600285FD0A8
:1045A0000C20FFF72FFB04460820FFF72BFB81466A
:1045B0001420FFF727FB06461820FFF723FB0746CA
:1045C0001C20FFF71FFBE4B2354B00942A46294616
:1045D0008046022007F008FF5FFA89F0042896BFA2
:1045E000304BDFF8C49053F820906420FFF70AFBAB
:1045F00005466020FFF706FB04466C20FFF712FB20
:1046000000221146294B0090022007F0EDFE002207
:104610001146274BCDF80090022007F0E5FE01354A
:1046200000221146234B0095022007F0DDFEE4B284
:104630000022144B00941146022007F0D5FE3C22C4
:104640000021124808F090FC0022CDE901781A4BB5
:1046500000961146022007F0C7FE09B0BDE8F083BE
:1046600016490A4808F095FC054618B1144B324625
:104670003146CAE42378002BEFD0124BA6E500BFE9
:1046800010000020BEDA0008C8DA0008140100207B
:10469000D1DA0008DCDA0008EADA0008F4DA000807
:1046A00057DA000828DB0008D1D80008C8D900086C
:1046B000FBDA0008A6D9000876DA000804DB000857
:1046C00058D90008B7DA000810B5064C70202168E8
:1046D000FFF7D0FA044B22681A6000F04BFF034B3F
:1046E000186010BD5C01002058010020500100201E
:1046F00008B50C4B19680C4B1868FEF79DFD0B496B
:1047000020F00040FFF754F818B1BDE80840FFF76B
:10471000DBBF00F02FFF064B1B68C01A054B984209
:10472000F3D808BD580100205C0100200000404083
:1047300050010020FFFFA20208B500F01BFF014B53
:10474000186008BD5401002070B5044600F012FF47
:104750001A4B1B68C01AFEF721FE1949FEF72AFF03
:1047600018490546FEF76AFD01462046FEF764FD3E
:1047700000210446FFF708F800B100241249134E47
:104780002046FEF717FF1249FEF760FE1149FEF7BB
:1047900055FD0D4904462846FEF70CFF0E49FEF76D
:1047A00055FE01462046FEF749FD3168FEF746FDFD
:1047B0003060BDE87040FFF79BBF00BF5401002090
:1047C00000007A44EC51383D000061455C01002056
:1047D00014AE473E6F12033A0000BE42064B074834
:1047E000196810B5FEF728FD00210446FEF7CCFF3E
:1047F00000B10024204610BD5C01002000709446EA
:1048000010B5FFF7EBFF0E49FEF7D4FE0D49FEF79A
:104810001DFE00210446FEF7B7FF68B9094920468E
:10482000FEF7D0FF50B94FF07C512046FEF706FD51
:10483000FFF70EF8C0B210BD0024F4E7014CF2E718
:10484000007094460000C842F0B5702085B0FFF7B4
:10485000E9F9284C431C0ABF002320602360256827
:1048600029462846FEF7B8FF48B900212846FEF73A
:104870008BFF20B920492846FEF7A4FF08B100238A
:1048800023601E4B22681A6000F074FE1C4B1860F7
:10489000FFF7A4FF0646FFF7B3FF04463046FEF7D6
:1048A000B1FF05462046FEF779FD07462046FEF794
:1048B00079FD01463846FEF7BFFC1249FEF7C6FDFA
:1048C000FEF7A0FFCDE902402846FEF76BFD01464A
:1048D0003046FEF7B1FC0B49FEF7B8FDFEF792FF3C
:1048E0000022CDE90050084B1146012007F07CFD65
:1048F00005B0F0BD5C010020007094465801002016
:10490000500100200000C8423CDB000838B50021FF
:104910000446FEF739FF00B10024084D084920463F
:10492000FEF748FE0749FEF791FD2968FEF786FC71
:104930002860BDE83840FFF7DBBE00BF5C01002007
:10494000000061450000A04010B5074CFEF726FDB1
:104950000649FEF77BFD2168FEF770FC2060BDE88C
:104960001040FFF7C5BE00BF5C0100206F12033A84
:104970004FF0B04307B59A6C42F004029A649A6C07
:1049800002F004020192019A9A6C42F001029A64C8
:104990009B6C03F001030093002202210F20009B77
:1049A00002F01EF90F2003B05DF804EB02F04AB9E3
:1049B00008B502F0BFFB10B16FF0040008BD064B54
:1049C0009A6942F040429A614CF2FA321A6102F05E
:1049D000C3FB0028F2D0EFE700400058F0B585B0E7
:1049E00000230D4600930646A8B3FFF7E1FF0446F7
:1049F00070BB02F09FFB88BB1A481B4A022301933D
:104A0000D0F8E01506F1784302EA8121B3FBF1F713
:104A100001FB1733DB0A0293D0F8E00505F178417A
:104A20000139314402EA8022B1FBF2F002FB10119D
:104A3000C3EBD1230133694601A8039302F012FCB2
:104A400020B1022814BF6FF00104012402F084FB9E
:104A5000204605B0F0BD6FF00504F9E76FF00404DF
:104A6000F6E700BF0070FF1F00FCFF03014B18605A
:104A700000207047600100202DE9F04FB0F1006F79
:104A800089B006460F469046C0F0C080DFF890918E
:104A9000644DD9F8E03505EA832303F10063013B57
:104AA000984200F2B380002900F0B38040EA02038C
:104AB0005B0740F0AE80FFF77BFF044690BB02F03F
:104AC00039FB002840F0A880D9F8E015009705EAE6
:104AD000812106F17842B2FBF1F301FB132208F1C8
:104AE0007843013B3344B3FBF1F001FB1033DB0AA5
:104AF00001334FEAD22AA3EBD222012A039388BFC3
:104B0000C6F30A050AF58037C6F108038CBFC5F560
:104B100000654546FF02B3460693039B9A4505D3BD
:104B200002F01AFB204609B0BDE8F08FA6F1080399
:104B3000069A1A4495421CD8009B04950193CDF81F
:104B400014B04FF00009059B09EB0301049B994544
:104B50003DD3009BAB442B44A8EB0505B5F5006F96
:104B6000009328BF4FF400650AF1010A07F50067BA
:104B7000D3E753F8081F5A68B2F1FF3F08BFB1F1FD
:104B8000FF3FD5D0284B186810B96FF00504C7E770
:104B900027B14FF40062394607F02CFDDFF888900A
:104BA0000099D9F80030CBF30A001844AAB207F0F4
:104BB00021FD4FF400613846FFF710FF00BBD9F824
:104BC000003001934FF4006305970493B9E7019B0C
:104BD00007914B4402930120D3E9002302F0FCFA31
:104BE00088B90799019BD1E9000259F80310029B8B
:104BF0005B689A4208BF884205D109F10809A2E71B
:104C00006FF001048CE76FF0030489E74FF0FF3485
:104C100088E76FF0050485E76FF0040482E700BFC2
:104C20000070FF1F00FCFF0360010020B0F1006F67
:104C300010B40DD3084BD3F8E045084B03EA8423A6
:104C400003F10063013B984202D810BCFFF7C6BED7
:104C50004FF0FF3010BC70470070FF1F00FCFF03D7
:104C60004FF0B04382B0DA6C0243DA64DB6C03408D
:104C70000193019B02B070472DE9F04186B01422E8
:104C8000002101A808F070F90220FFF7E9FF0120D8
:104C9000FFF7E6FFDFF8A8802A4F0420FFF7E0FFC8
:104CA00048F2101100224FF0904002F049FC4046BB
:104CB00000224FF4805102F043FC002238464FF4AA
:104CC000005102F03DFC002402264FF4881301A994
:104CD0004FF090400125CDE90163039402F010FBF1
:104CE00048F2101301A94FF09040CDE90135CDE90C
:104CF000034402F005FB4FF48053CDE9013501A9CF
:104D0000032340460493039402F0FAFA01A94FF4F6
:104D100000533846CDE90135CDE9034402F0F0FAFD
:104D2000094B0720DE6001F0D3FF22462146072011
:104D300001F056FF072001F085FF06B0BDE8F081C5
:104D400000040048000800480008005808B5124850
:104D5000124A134BC0E9002300230122C0E90232AA
:104D6000C0E90433C0E90633036202F081FD08B1F3
:104D700000F0DEF80848002102F02CFF08B100F036
:104D8000D7F80548002102F04BFF18B1BDE80840F4
:104D900000F0CEB808BD00BF640100200054004000
:104DA000885D801010B596B004461422002103A837
:104DB00008F0DAF83822002108A808F0D5F82268AF
:104DC000184B9A422BD14023089308A84FF4403344
:104DD0000D9303F081FC08B100F0AAF84FF0B04445
:104DE000C022E36C104843F00203E364E36C03F079
:104DF00002030293029B1223CDE903230023CDE992
:104E0000053303A90423079302F07AFAA36D43F450
:104E10000013A365A36D03F400130193019B16B067
:104E200010BD00BF005400400004004808B50268EF
:104E3000094B9A420FD14FF0B0420848936D23F4CA
:104E400000139365402102F007FBBDE808400348CA
:104E5000802102F001BB08BD00540040000400485E
:104E600000B59BB04822002108A808F07DF8182260
:104E7000002102A808F078F802F0F8FE4FF0B042E6
:104E80008121D2F8903023F01803C2F89030D2F884
:104E9000003423F4C06343F40073C2F80034D2F842
:104EA000003403F4C0630193019B262308934FF45D
:104EB0008073CDE90B130123109340230D93B0228F
:104EC000002308A8CDE91132139303F047F808B185
:104ED00072B6FEE74F23CDE90230CDE90400CDE9FB
:104EE0000600022102A803F0D3FA08B172B6FEE769
:104EF0001BB05DF804FB000008B50B4B0B4A9A6031
:104F000062B601F00FFDFFF7ABFFFFF7B5FE00F053
:104F1000DEFDFEF7E5FEFFF719FF0020FFF7A6FD17
:104F200000F0DCFDFCE700BF00ED00E00030000811
:104F300072B6FEE770B5FF23074D084E01441C46CC
:104F4000814202D143EA042070BD10F8012B5A407F
:104F5000AB5C6340B45CF3E771DC000871DB000814
:104F600010B50446FEF70CF9214682B2BDE81040A8
:104F70000148C82304F0FCBF680B002030B521F0C5
:104F800003010E4D034601444FF0FF308B4200D128
:104F900030BD9A785C78120442EA04221C782243DD
:104FA000DC7842EA04625040202200284FEA4000A8
:104FB000B8BF6840013AF8D10433E7E7B71DC10430
:104FC0002DE9F04F3D2195B007F0D6FF044628B9F2
:104FD000784815B0BDE8F04FFFF7C2BF00210A22A4
:104FE000013007F069FF2C210546204607F0C4FF79
:104FF0000028EDD010220021013007F05DFF6B1E6C
:10500000B3F5604F009002D215F0030701D06A4853
:10501000DFE76A4E6A4801234FF460413370FFF7BF
:1050200005FE30B16748FFF79BFF377015B0BDE84C
:10503000F08F6548DFF894B1FFF792FFBA463C461F
:10504000B846A5EB0809B9F1F40F28BF4FF0F409F1
:105050005F484FF47A631FFA89F20BEB040104F006
:10506000D9FF019020B15B48FFF77AFF002312E0DF
:105070004C44B4F5006FC84419D30AF100604FF4F2
:105080000062594600F58830FFF7F6FC28B1524817
:10509000FFF766FF019B3370C8E75049A4F5006431
:1050A0002246A1F500600AF5006A07F043FF4C4A6A
:1050B0004346302108A807F009FF08A8FFF750FF72
:1050C0004545BED8B4B1FF2314F007080ED10AF14C
:1050D00000603E49224600F58830FFF7CDFC48B11C
:1050E0003D48FFF73DFF86F800809FE70BF804304E
:1050F0000134E9E73022002108A807F035FFDFF886
:10510000D08000246423012204A9404604F082FFD9
:1051100090B99DF8102004F15001631C0DEB0104BF
:105120000A2A04F8302C0DD12E4908A807F031FFC7
:10513000044650B12C4897E70137322FF4D8234664
:105140001C46DFE72F2BFBD1EEE71D482946FFF772
:1051500015FF009B984204D02448FFF701FF3470EC
:1051600064E7234B2348CDE90435009B06934FF4B5
:10517000006101230793FFF759FD08B11E4873E74B
:1051800010221C480DEB0201FFF776FC04460028B4
:10519000F4D11A48FFF7E4FE194A0394039B9342A3
:1051A00002D901F06FFD41E700BF039B0133039378
:1051B000F4E700BF71DD000884DD0008AC0A0020C0
:1051C0000010010895DD0008A7DD0008B8010020E7
:1051D000680B0020B4DD0008C8DD0008B809002015
:1051E000DADD0008E8DD0008F4DD000803DE000871
:1051F0003143414D00F0010813DE000824DE0008B1
:10520000BF27090000B58DB02C22002101A807F0AE
:10521000ABFE1748174B03601F2383604FF080429B
:105220000023C0E90433C0E9072383614FF480738E
:10523000436203F0D3FB08B1FFF77AFE0C4803F09A
:10524000F9FC08B1FFF774FE4FF0005300220793FA
:10525000074808924FF4807301A9029206920B93BB
:1052600003F01CFC08B1FFF763FE0DB05DF804FB12
:10527000B00A00200028004010B5044690B0382243
:10528000002102A807F070FE2268194B9A422CD127
:105290004FF48033029302A84FF480730F9303F00E
:1052A0001BFA08B1FFF744FE4FF0B0430220D3F8D9
:1052B000902042F40042C3F890209A6D42F480623C
:1052C0009A659B6D002203F4806311460193019B54
:1052D00001F086FC022001F0B5FC00222A201146D4
:1052E00001F07EFC2A2001F0ADFC10B010BD00BF23
:1052F00000280040014B002019707047E80A002088
:10530000F0B587B0164F8DF80F101C460A23009396
:105310001546397801230DF10F02064602F016FBFF
:10532000D0B99DF80F30E02B18D0F62B14BF0A200F
:10533000052000F027F90A2300933978062304AAF0
:10534000304602F0AFFB38B9BDF810305BBA2B80A5
:10535000BDF813305BBA238007B0F0BD0220E8E748
:10536000E80A002008B5FEF71DF80549FEF76EF8BB
:105370000449FEF71FF90449FDF75EFF08BD00BFB1
:1053800000002F4300FF7F470000344208B5FEF7BE
:1053900009F80549FEF75AF80449FEF70BF90449E4
:1053A000FDF74AFF08BD00BF0000FA4200FF7F473B
:1053B0000000C04073B516461D4601AA0DF1060354
:1053C000FFF79EFF044648B9BDF80400FFF7CAFF87
:1053D0003060BDF80600FFF7D9FF2860204602B014
:1053E00070BD704708B501F0BFFA044B0120C3F847
:1053F0008800BDE8084002F091BC00BF00040058DE
:1054000001F0B9BA08B501F0B6FABDE8084000F0FD
:10541000F5BA08B501F0A8FABDE80840012100205E
:1054200002F02CBC70477047FEE7FEE7FEE7FEE7A0
:10543000FEE770477047704701F08ABA014803F0F1
:105440001FBC00BFB00A0020022002F07FB800009D
:10545000014801F001BE00BF080B0020014803F025
:10546000D3BF00BF680B0020014803F03DBA00BF66
:10547000B00A0020014803F02CBE00BFEC0A002057
:10548000054808B50823036003F040FC18B1BDE8E7
:105490000840FFF74DBD08BDEC0A00204FF0B043B7
:1054A00007B55A6E42F001025A665B6E002203F0A5
:1054B0000103019311463220019B01F091FB322040
:1054C00003B05DF804EB01F0BDBB00000CB407B500
:1054D000054A05AB1021019307F0D6FA03B05DF839
:1054E00004EB02B0704700BF48DE000830B585B05D
:1054F000044602A80D4607F055F9BDF90C30064ADE
:1055000000931021029B2046FFF7E0FF2046FDF7A5
:1055100037FE288005B030BD48DE00084FF0B042AD
:1055200010B5936823F40043936007F061F90A4BC8
:1055300001241C7000F02CF806F0ECFE074806F081
:1055400003FF022006F006FF06F0FEFF214620467C
:10555000BDE8104007F018B8F80A0020ED54000824
:1055600007F028B80121022006F0F8BF0021022030
:1055700006F0F4BF024B187808B100F069B8704724
:10558000F80A002082B00190019802B000F0FCB847
:1055900008B501F0F7F901F0FDF9BDE8084001F0A8
:1055A00001BA00000B4A116810B5034609B90A494F
:1055B0001160106809490A4C0344091B8B4206D943
:1055C00007F0FEFC0C2303604FF0FF3010BD1360AA
:1055D000FCE700BFFC0A00208015002000400020EE
:1055E00000080000014B1868704700BF000B002046
:1055F0000320704708B501464FF47A7200238002F9
:10560000890DFEF745F908BD4FF47A73A0FB03033B
:10561000800A40EA83507047034B98689A6890422A
:10562000FBD1C043704700BF0028004008B5FFF71A
:10563000F3FF014B186008BD000B002008B5FFF711
:10564000EBFF024B1B68C01A08BD00BF000B002017
:10565000024B187808B1FFF7DFBF7047040B00203A
:1056600010B5074B074C0122DA654FF480712046D4
:1056700003F000F94FF0FF332363002010BD00BF9B
:1056800000280040B00A002002460021014803F033
:1056900008BB00BFB00A002002460121014803F008
:1056A00000BB00BFB00A002010B58CB02C22002136
:1056B000044601A807F058FCFFF7D2FF0C4B0D4839
:1056C0001B681C440023089306934FF00053E443E7
:1056D000079301224FF4807301A902940B9303F006
:1056E000DDF908B1FFF724FC00200CB010BD00BFAD
:1056F000000B0020B00A002038B50546FFF78CFFEC
:1057000002210446074803F0D3FAC4F309024FF418
:105710007A71A2FB0121920AA30A2A8043EA8050EF
:1057200038BD00BFB00A00200148002103F0C0BA14
:10573000B00A00200148012103F0BABAB00A0020E3
:10574000F8B50F4D2E78CEB90E4C4FF0FF372763CA
:10575000FFF758FDFFF784FF4FF48071204603F0F8
:1057600089F82046276303F047FA32462046022193
:1057700003F097FAFFF75AFF01232B700020F8BDC2
:10578000040B0020B00A0020014610B54FF47A72D5
:1057900000238002890DFEF77BF80146FFF73CFFEE
:1057A0000446FFF739FF031B8B4200D310BD00BF37
:1057B000F7E707F025B9000010B5064C0221204696
:1057C00003F076FA0221421C2046BDE8104003F0A7
:1057D00068BA00BFB00A00201648174A08B54FF44F
:1057E0006133C0E9002300230C22C0E90233C0E981
:1057F0000523C0E90733C0E90933036104F0A8FCBD
:1058000008B1FFF795FB0B48002104F018FE08B122
:10581000FFF78EFB0748002104F031FE08B1FFF7C7
:1058200087FB044804F0EBFD18B1BDE80840FFF722
:105830007FBB08BD680B00200044004070B596B0E7
:1058400006461422002103A807F08EFB382200210F
:1058500008A807F089FB3268284B9A424BD10223F3
:10586000089308A84FF440230A9302F035FF08B1CB
:10587000FFF75EFB4FF0B04300259A6D204C42F4D9
:1058800000329A659A6D02F400320292029ADA6C42
:1058900042F00102DA64DB6C03F001030193019B27
:1058A0000C220223CDE903230323CDE9055303A9E9
:1058B00007234FF09040079301F022FD1149256224
:1058C0001423C4E900131023C4E9023520468023C1
:1058D000C4E90435C4E9065501F048FA08B1FFF7F8
:1058E00027FB2520F46700220221A66201F078F947
:1058F000252001F0A7F916B070BD00BF004400409C
:10590000080B00205800024002680C4B9A4210B568
:10591000044612D14FF0B0420C21936D23F40033B2
:1059200093654FF0904001F097FDE06F01F090FA21
:10593000BDE81040252001F093B910BD004400409F
:1059400008B50A460146024803F0C2FC002008BD23
:10595000680B002013B5114B114C18604FF4001365
:10596000009302AB13E90600204604F0ECFC236828
:10597000DA69D103FCD4DA695202FCD59A68084886
:1059800042F480029A6004F024FD06490448012292
:1059900004F092FC002002B010BD00BFFC0B002000
:1059A000680B0020040C002008B5074B1860FEF7B8
:1059B000DFFFFFF711FF054AD2F8803043F00063A4
:1059C000C2F88030002008BD000C002000080058FC
:1059D00008B54FF0B04308489A6B42F400329A631E
:1059E0009A6B22F400329A63FFF78EFF0F2001F0CA
:1059F00037F9002008BD00BF680B002008B5074834
:105A000004F0A6FB08B1FFF793FA054801F0AEF9E0
:105A100018B1BDE80840FFF78BBA08BD680B00203D
:105A2000080B00200268044B9A4203D1034B00206C
:105A30001B681847704700BF00440040000C00205E
:105A400002680B4B9A4210B504460FD1094B1B68F4
:105A50002BB1D0F8902012B9074801219847204671
:105A60000549BDE81040012204F026BC10BD00BF6E
:105A700000440040FC0B0020040C00200D4885462B
:105A800000F029FF0C480D490D4A002302E0D458CC
:105A9000C4500433C4188C42F9D30A4A0A4C002378
:105AA00001E013600432A242FBD307F08FFAFFF744
:105AB00023FAFEE700400020000000207C000020C8
:105AC000B8E600087C0000207C150020FEE708B541
:105AD000FFF724FDBDE8084000F004BD4FF0FF30A3
:105AE00006F0CCBD0E4B18684FF47A73584331283A
:105AF00010B513D90B490B6883EA433383EA534348
:105B000083EA43130B603222B0FBF2F25100013101
:105B1000801AB3FBF1F401FB1433184410BD00BF2D
:105B2000040000203C0D00202DE9F041374B0446D5
:105B300018889CB00D460022AA4234D30022344B70
:105B400000951146012006F04FFC324F6619B44211
:105B500046D100221146304BDFF8B880012006F014
:105B600043FC00222D4B00951146012006F03CFC21
:105B700003AE00243746AC423CD100221146264BEE
:105B8000012006F031FC0022254B00931146254BE5
:105B9000012006F029FC244B21469B6A3846984791
:105BA0001CB0BDE8F081511CA942B8BFA618A35C87
:105BB000BCBF767843EA0623A94202F17006B8BF5B
:105BC00070316E4483EA0003B8BF694406F8643C50
:105BD00002F10202BCBF1B0A01F8643CD2B2ABE77F
:105BE00014F8013B009300223B461146012006F0C9
:105BF000FBFBACE716F8013B00930022434611463D
:105C0000012006F0F1FB0134B5E700BF12000020CF
:105C1000A4DE0008B3DE000822DE0008B9DE0008BA
:105C2000C8DE000800DB0008D4E30008F0B585B04A
:105C300001224FF400414FF090400025029503955A
:105C400001F07EFCFFF782F888212348234EFFF7FE
:105C500051FB0A20FFF796FC03AB02AAFD211E4868
:105C6000FFF7A8FB00224FF4004104464FF090409C
:105C700001F066FC184801F050FE1CBB039F29464A
:105C80003846FDF781FDA0B1039515490298FDF74F
:105C9000DDFBFDF7B7FD134B114918800398FDF7A5
:105CA000D5FBFDF7D5FD104B18800023337005B0F0
:105CB000F0BD0B4C38462146FDF784FD0028E4D0AA
:105CC0000394E2E70123002233701146074B00944E
:105CD000022006F089FBEAE76401002000000020B2
:105CE0000000C8423A0D0020380D0020DEDE00081A
:105CF0000021012006F08ABC024B0120002118700F
:105D000006F084BC020D002008B50122054B0021DD
:105D1000104606F069FBBDE808400021012006F0AE
:105D200075BC00BFFBDE0008014806F017BE00BFCF
:105D3000440D002013B50D4B1B7803F0FF0443B155
:105D40000B4B5B6B01934FF4FA6002B0BDE810405F
:105D5000184701222146074B104606F045FB214615
:105D6000012002B0BDE8104006F050BCFB0C002042
:105D7000D4E3000809DF000870B5174B1A7802F069
:105D8000FF0412B3154A164900241C701378CD6A1B
:105D9000012B0DD91378013BDBB21370114B012697
:105DA0001E70A847BDE870400021012006F02EBCFF
:105DB0000D4B14701A78002AF3D01C7022460B4B3E
:105DC0002146022006F010FBEBE70122084B21469A
:105DD000104606F009FBE5E7FB0C0020F90C00205B
:105DE000D4E30008F80C0020FE0C002015DF0008AA
:105DF0001EDF000830B5164B1B7885B02BB1154956
:105E000005B0BDE8304007F007B9134BB3F90050B7
:105E1000124B85EAE5721C886421A2EBE572B4FBA3
:105E2000F1F392B201FB1344CDE90234B2FBF1F37A
:105E300001FB1322CDE90032094A0A4B5A2133EA09
:105E4000250328BF1346084A07F040F805B030BDC7
:105E5000000000202EDF00083A0D0020380D002041
:105E60002CDF000823DE000865DF0008F0B55E4B7C
:105E70001A789BB0B2B100245C481C7006F020FD7B
:105E8000FFF730FE0146594806F0A2FD574806F0DC
:105E900065FD574B1B6800932246564B2146022056
:105EA00006F0A2FA544B1A7802F0FF00AAB10022C1
:105EB0001A70524B1B78C3F1030311460093022062
:105EC0004F4B06F091FAFEF737FC4E4B4E481978CF
:105ED0001BB0BDE8F040FFF727BE4C4A4C4C117890
:105EE00001F0FF03002964D010704A4A01231370A7
:105EF00023702378002B5AD02378474E454F013B1F
:105F0000DBB223703378002B69D03B78002B14BFB1
:105F100001230323394A03AC1370FFF787FE2046A1
:105F2000FFF768FF00223D4B00941146012006F068
:105F30005BFA06F081FC4FF47A73B0FBF3F5384B53
:105F4000314C1B7823700A236370FEF759FC002341
:105F5000E3702B0C23712B0A63713B78A070A57141
:105F6000002B3ED13378003B18BF0123DB012D4AC3
:105F7000254812781343E3712B4BB3F9002093F9B2
:105F800001302372294B62721B88E3721A0A0C21BA
:105F9000A272FEF7CFFF1B4B2073000A60730E2422
:105FA0001C70FEF7C9FB18482146FFF7BDFD1BB06A
:105FB000F0BD1F4A117800299BD01370154A0B4879
:105FC00013700123237006F07BFCFFF78BFD014665
:105FD000064806F0FDFC054806F0C0FC89E70123F1
:105FE00098E78023C3E700BF000D0020040D0020C8
:105FF00004000020ABDF0008F80C0020F90C0020A2
:10600000CBDF0008F70C0020050C0020FF0C00205F
:10601000010D0020FE0C0020FA0C0020D8DF000843
:1060200010000020000000203A0D0020380D002054
:10603000020D00202DE9F0435D4D98462B7889B084
:1060400006460C46174603F0FF09002B5AD00729D5
:106050001BD1584B06A91C8801220846771E072A27
:10606000BB5C1CBF16F802C043EA0C236340072A3E
:106070000B7010D10521BDF81D40FEF75BFF4E4BA4
:106080009DF818201B789A420AD04C4B4FF4FA60C6
:106090005B6B984733E01B0A4B7002320231DEE73C
:1060A0009DF81930AC2BF0D18442EED1444B002244
:1060B0001A70444B1978C9B143481A700388BDF867
:1060C0001A1001339BB2C9BA03809DF91C000491D8
:1060D0003E490590097803910A200121CDE901107C
:1060E000009311463A4B022006F07EF9334B002410
:1060F000DB6A2C7098472146012006F087FA09B028
:10610000BDE8F0830122334B4946104606F06CF996
:106110000122314B49461046CDE9007806F064F97A
:106120002E4B2F4883F80080DE22494606F01CFFE4
:106130002C4BDE2C1C8004D829482246314606F020
:1061400073FF294B264D1F700122284B009400211C
:10615000104606F049F90122254B264E264F002114
:10616000104606F041F9002415F8013B0093002287
:1061700033461146012006F037F904F00F030F2BC8
:1061800005D100223B461146012006F02DF90134CD
:10619000402CE9D100221146174B012006F024F9CA
:1061A0000021012009B0BDE8F04306F02FBA00BF7E
:1061B000FB0C00201200002010000020D4E3000897
:1061C000F90C0020FE0C0020FC0C00200800002030
:1061D000DBDF0008FADF000805E000085C0D0020A6
:1061E0003E0E00205E0D00205D0D002027E000081F
:1061F0003BE000084EE0000838E000087FB5FEF7FD
:10620000EDFA0646FEF7FCFA05463046FDF7FAFAC7
:106210000446FDF7C7F801463046FDF70DF80E4974
:10622000FDF714F94FF07C51FDF708F8FDF7EAFA95
:1062300000236328C4BF18460134642DA8BF642519
:106240000022CDE9010503930094044B114601207F
:1062500006F0CAF804B070BD0000C84251E0000862
:1062600037B5174B174C1B78FBB92378EBB9164B96
:106270001868FDF793F8FEF767FAFFF7BFFF134BB7
:1062800021781B78124D51EA030410D0114B0122E2
:106290004FF080401A70FEF739FB6B6B01934FF49F
:1062A000FA6003B0BDE8304018470020E3E7EB6A2E
:1062B00098472146012003B0BDE8304006F0A6B95A
:1062C000010D0020FE0C002004000020FA0C00202C
:1062D000D4E30008FB0C002008B5084B1B7863B121
:1062E00002280AD1FDF7AEFDBDE8084000224FF4B8
:1062F00080714FF0904001F023B908BD1C0D0020C3
:1063000010B59AB0FFF792FC03AC0120FEF71CFB1E
:106310002046FFF76FFD0022034B00941146012039
:1063200006F062F81AB010BDD8DF000800B5114BB6
:10633000D3F88025D3F8843589B0D1B20791C2F360
:1063400007210691C2F30741120E0492DAB20392BA
:10635000C3F307220292C3F3074201921B0E0022ED
:10636000059100931146044B022006F03DF809B058
:106370005DF804FB0070FF1F74E00008042807D8D4
:10638000072905D8034B01EBC00153F821007047E2
:1063900000207047D8E10008F7B56020FDF732FC17
:1063A000C0B2431E772B454F6ED838701820FDF7CA
:1063B00029FCC0B20528424C6CD820702378642098
:1063C000C3F10C032370FDF71DFCC6B20820FDF7D6
:1063D00019FC072EC5B204D900216420FDF732FC58
:1063E00000263C780F23013C94FBF3F4E4B2A64270
:1063F00003D021466420FDF725FC052D10D903218B
:106400000820FDF71FFC41210C20FDF71BFC00219B
:106410001420FDF717FC00211C20FDF713FC0325B9
:1064200021462846FFF7AAFF264B18601C20FDF7DF
:10643000E9FB254A254B012808BF1346244A14BF0F
:106440000021012111700022114600930220214BEE
:1064500005F0CAFF0420FDF7E5FB1F4B421F9A42DF
:106460001E4B1DD818606C20FDF7DCFB80B2431E6C
:106470009BB24FF6FD729342194B18D8188003B0A7
:10648000BDE8F040FEF7E0B9012160203970FDF76A
:10649000D9FB8BE7052118202170FDF7D3FB8DE791
:1064A0004FF4967104201960FDF7E4FBDBE740F23E
:1064B00057416C201980FDF7DDFBE0E7100000205C
:1064C000080000200C000020ABE00008C1E000083C
:1064D000FA0C0020C5E000087B51010004000020F8
:1064E000120000202DE9F04F8DB0FEF7C5FB6020B3
:1064F000FDF788FB00228B4B00901146022005F02F
:1065000073FF01224FF480714FF0904001F018F8B2
:106510004FF44870FFF736F800224FF480714FF0C7
:10652000904001F00DF84FF49670FFF72BF8012220
:106530004FF480714FF0904001F002F84FF4487032
:10654000FFF720F800224FF480714FF0904000F0E8
:10655000F7FF00220024012511464FF0050B724B76
:10656000724EDFF8CC91734F022005F03DFF2246BA
:106570002146CDE901B4704B0095022005F034FFAF
:10658000032322462146CDE9005302956B4B02209E
:1065900005F02AFFFFF7CAFE2246C821684B009487
:1065A000684806F02FF9674806F0D8F96648674B47
:1065B0000360674B8360674B4360674BC360674B07
:1065C000036133689847736998469847800DC9F806
:1065D0000000FFF7E1FEF36838689847224621463D
:1065E0005F4B022005F000FF224621465D4B022052
:1065F00005F0FAFE3B680093224621465A4B5B4F5A
:10660000022005F0F1FE7D23009322462146584BDF
:10661000022005F0E9FE3B78009322462146554BC7
:10662000022005F0E1FE544B1B88009322462146D0
:10663000524B022005F0D8FE514B1B6800932246B6
:106640002146504B022005F0CFFE22462146444B06
:10665000022005F0C9FE4FF0080A47F23053CDE999
:106660000743CDE90544CDE90345CDE9015A3B781F
:106670000093F3690B93DDF82CC02346224628468D
:106680001621E047CDE90845CDE90644CDE90445AA
:10669000CDE902B4CDE9004AB3690B933A780B9F78
:1066A0002B4621462846B847736D2846DE21984779
:1066B0002146DE22344806F057FCD9F8003000931A
:1066C00022462146314B284605F08EFEF36A984754
:1066D000214628462E4A06F055F82A464FF4FA611C
:1066E0002C4B00942C4806F08DF82B4806F036F918
:1066F000C0472A4B002808BF4FF0A5301860FFF7AD
:10670000F1F9274B009401462A46264806F07AF80C
:10671000244806F023F9244B1D70244B1D700DB046
:10672000BDE8F08FD7E00008E3E00008D4E30008FC
:10673000400D00200C000020F5E0000816E10008E4
:10674000295D0008440D00201C0F00206162000834
:1067500035600008095D0008795D0008355D0008B6
:1067600037E1000849E1000857E10008080000206F
:106770006CE1000882E100081200002096E10008A8
:1067800004000020A8E10008600D0020BEE1000820
:106790006D5E0008F15C0008200D00203C0D00201B
:1067A000F95C0008040D0020020D00201C0D0020E3
:1067B00000F00AB800F04AB800F082B800F082B8E1
:1067C00000F082B800F082B82DE9F04186B00024D4
:1067D0004FF0B0430594DA6C1B4D42F00402DA64CA
:1067E000DB6C039403F004030093009B1027012348
:1067F000CDE9017301A90323284604934FF40058FF
:1068000000F07EFD01A928468026CDF8048000F026
:1068100077FD01A94FF09040019600F071FD2246EE
:106820004146284600F08CFE22463946284600F0B4
:1068300087FE224631464FF0904000F081FE204610
:1068400006B0BDE8F08100BF0008004808B5032885
:1068500014D8DFE800F002151D2A002280214FF035
:10686000904000F06DFE00221448102100F068FEF8
:10687000002212484FF4005100F062FE002008BDD3
:10688000012280214FF0904000F05AFE0122EBE7F8
:10689000012280214FF0904000F052FE0122074873
:1068A000102100F04DFE0122E3E7012280214FF08C
:1068B000904000F045FE0022F1E700BF00080048CC
:1068C000022070470120704701207047002814BF44
:1068D00016200F207047704738B5104C23780546B6
:1068E0000BB9012038BD01F029FB22784FF47A73EF
:1068F000B3FBF2F3B0FBF3F000F0D6F90446002846
:10690000EFD10F2DEDD8024629464FF0FF3000F0B1
:1069100067F9034B20461D60E4E700BF1800002024
:106920001C00002010B5032000F048F901F006FB20
:10693000064B18600F20FFF7CFFF044618B9FEF78B
:1069400072FD204610BD0124FBE700BF14000020AB
:10695000034A044B11681B780B441360704700BF57
:10696000380F0020180000204FF0E022136923F0B8
:106970000203136170474FF0E022136943F00203F2
:1069800013617047024A536823F001035360704754
:10699000002004E0024A536823F00203536070476A
:1069A000002004E0024A536823F004035360704758
:1069B000002004E08068C0F380007047F7B5002332
:1069C00001930446002800F0E980856D25B9FDF7A4
:1069D000AFF9E56584F8545023689A68D00040F117
:1069E000A1809A68D10000F1B480A26D42F010023B
:1069F000A265E26D42F00102E26501251846FFF74B
:106A0000D9FFA26D02F01002024340F0C980A26DCE
:106A1000206922F4817242F00202A2659A68D207CC
:106A20005DD4226BA67E94F82CC0003A18BF0122D8
:106A30001703D4E902120A43217E42EA8132617EC1
:106A400042EAC13242EA4632002842EA4C02B4BF6E
:106A500020F000414FF400113A430A4394F820100B
:106A6000012903D1002E76D142F48032616A21B12E
:106A7000A66A01F4E07131430A43D968E66C21F457
:106A8000FE3121F4FF711143D96094F83C20616814
:106A9000012A01F0404C4CEA060609D1D4E910273E
:106AA0003A433243A66C324342EA0C0242F00106FA
:106AB0001F693E4A3A4032431A6121F00042B2F166
:106AC000804F0CD0B1F1004F09D0394ED6F80827CD
:106AD00001F4701122F470120A43C6F808275A69AB
:106AE000666BA16B22F0070232435A615A6922F0A9
:106AF000700242EA01125A61002835D19A6A62F0A6
:106B00000F029A625B6903F007039E423CD10023A7
:106B1000E365A36D23F0030343F00103A365284657
:106B200003B0F0BD9A68234922F0104222F0170208
:106B300042F080529A60204A1268B2FBF1F20132B0
:106B400052000192019A002A3FF44BAF019A013A98
:106B5000F7E7002552E7A16D41F02001A165E16D45
:106B600041F00101E16581E7B0F5001FCAD19A6AE1
:106B7000E269013A92006FF00F0102F01C0201FA83
:106B800002F2216E0A43BCE7A36D23F0120343F027
:106B90001003A365E36D43F00103E3650125BEE740
:106BA000A36D43F01003A365F8E700BF02FCFF1FCD
:106BB00000200140400D0300140000200749CA686E
:106BC00022F4E0620302120403F4E063120C1343A4
:106BD00043F0BF6343F40033CB60704700ED00E047
:106BE000164B30B5DC68C4F30224C4F10703251D3D
:106BF000042B28BF0423062D4FF0FF358CBF033C28
:106C0000002405FA03F321EA0303A54022EA050262
:106C1000A340002843EA0203ACBF00F16040084AE9
:106C20004FEA0313B8BF00F00F00DBB2AABF00F5B4
:106C30006140135480F8003330BD00BF00ED00E028
:106C400014ED00E0002807DB044A4109012300F0AD
:106C50001F00834042F82130704700BF00E100E090
:106C600000280CDB4309064900F01F0020330122F5
:106C7000824041F82320BFF34F8FBFF36F8F7047DF
:106C800000E100E0BFF34F8F0549064BCA6802F4EC
:106C9000E0621343CB60BFF34F8F00BFFDE700BF3F
:106CA00000ED00E00400FA050138B0F1807F0BD25E
:106CB0004FF0E023054A5861F02182F823100020AC
:106CC000072298611A6170470120704700ED00E0CB
:106CD000002808DB4309044900F01F00012260334B
:106CE000824041F82320704700E100E070B5D0E910
:106CF00013456560446D14B1D0E916456560D0E96F
:106D0000105404F01C060124B4406C6004686360F5
:106D10008368102B0BBFA260A160E160E26070BDD0
:106D20000268416CD3B210B5083B1424B3FBF4F3F2
:106D30000B4CA24288BF0B4A21F0030199BF01F11D
:106D4000804202F50232521807338264064AC26456
:106D500003F01F03012202FA03F3036510BD00BF15
:106D6000070402401C0802408008024038B5002891
:106D70005CD002682E4B9A424FF014014AD82D4B3A
:106D80001344B3FBF1F32C499B00C0E91013022319
:106D900080F825301368056923F4FF4323F070035E
:106DA0001360D0E9024323432B43456911682B4309
:106DB00085692B43C5692B43056A2B430B4313603D
:106DC000FFF7AEFFB4F5804F04BF00234360436874
:106DD000816C03F07F020A60D0E91314013B032B9E
:106DE0004C601ED8154B1649816513449B00012148
:106DF000013A01FA02F200214365C2651960114BA4
:106E00005A6400230122C36380F8243080F82520CF
:106E1000184638BD0C4B1344B3FBF1F30B499B00F0
:106E2000B3E70023C0E91533C365EAE70120F0E7C3
:106E300007040240F8FFFDBF000002403F8200103F
:106E40004009024000090240F8FBFDBF0004024077
:106E500038B5002841D00268136823F0010313609D
:106E60001F4B9A424FF0140130D81E4B1344B3FB12
:106E7000F1F31D499B00C0E91013012403F01C032A
:106E800004FA03F3002515604B60FFF749FF836C9C
:106E900041681D60D0E913325A604A1E032A06D8A1
:106EA000124B0B449B0094401D60114B5C6400230B
:106EB000C363C0E91533C0E90B33C0E90D33C365C3
:106EC00080F8253080F82430184638BD094B13442B
:106ED000B3FBF1F308499B00CDE70120F5E700BFC4
:106EE00007040240F8FFFDBF000002403F8200108F
:106EF00000090240F8FBFDBF0004024070B590F8A5
:106F00002450012D04463BD090F825600125AE4267
:106F100080F824504FF000062CD1022580F825502F
:106F20000568C6632E6826F001062E60FFF7DEFEB8
:106F3000036BBBB12B6843F00E032B60A36C1A6884
:106F4000D20342BF1A6842F480721A60636D1BB1AB
:106F50001A6842F480721A602B6843F001032B60B8
:106F6000002070BD2B6823F004032B602B6843F0D6
:106F70000A03E2E78023C36380F824602846F0E731
:106F80000220EEE7034640B190F82520022A06D001
:106F90000422C263002280F8242001207047026886
:106FA000806C116821F00E011160016821F480717C
:106FB0000160116821F001011160D3E9100202F0B3
:106FC0001C0101228A404260D3E9132151605A6DAD
:106FD00032B1116821F480711160D3E9162151603A
:106FE0000122002083F8252083F82400704708B58B
:106FF00090F82530022B03D00423C363012008BD81
:1070000003681A6822F00E021A601A6822F0010260
:107010001A60826C136823F480731360D0E9101334
:1070200003F01C02012393404B60D0E913325A60F5
:10703000436D33B11A6822F480721A60D0E91632B7
:107040005A60012380F82530002380F82430836BB8
:1070500003B198470020D2E770B4426C046C036817
:1070600026681D6802F01C020421914031420FD0B5
:1070700015F0040F0CD01A6892065EBF1A6822F051
:1070800004021A60036B6160002B33D070BC184798
:1070900002219140314217D015F0020F14D01A6826
:1070A000940606D41A6822F00A021A60012280F8B7
:1070B0002520114A93428CBF104B114B596000237D
:1070C00080F82430C36ADFE708219140314211D0B3
:1070D00029070FD5196821F00E011960012303FA61
:1070E00002F26260C36380F82530002380F8243008
:1070F000436BC9E770BC7047800002400004024047
:10710000000002400A4A536943F4802330B55361BA
:10711000EFF3108472B60023CD58C5500433B3F595
:10712000807FF9D11369DB03FCD484F3108830BD70
:1071300000400058064B5A69002ABFBF054A9A60B2
:1071400002F188329A60BABF5869C00F00207047B8
:107150000040005823016745044B5A6942F0004241
:107160005A615869C043C00F704700BF00400058C3
:10717000014B5868704700BF3C0F002070B50546B2
:10718000FEF7F8F9124E04463369D90313D4336974
:10719000DA0744BF012232614CF2FA32134011D1B6
:1071A0000B4E306910F480200BD0FEF7E3F9001B82
:1071B000A842F6D304E0FEF7DDF9001BA842E3D3B2
:1071C000032070BD024A1361024A01205360F8E7B0
:1071D000004000583C0F00202DE9F041184D984622
:1071E0002B78012B06460C46174626D001232B7020
:1071F0004FF47A7000236B60FFF7C0FFA0B9012E37
:1072000016D1104A536943F0010353612760BFF35D
:107210006F8FC4F804804FF47A70FFF7AFFF094A0C
:10722000536923EA0603536100232B70BDE8F08104
:1072300039462046FFF766FFEDE70220F6E700BF7C
:107240003C0F002000400058054A536923F47E7328
:1072500043EAC00040F4803040F0020050617047C3
:10726000004000582DE9F041234F3B78012B0546A3
:1072700088463FD001233B704FF47A7000237B6037
:10728000FFF77CFF044688B92B68042B13D11B4AF7
:10729000536943F4803343F0040353614FF47A702D
:1072A000FFF76CFF0446154B1A681B6800233B7000
:1072B0002046BDE8F0814FF0FF33C8F800306E681B
:1072C000D5E901321344B3420AD93046FFF7BCFF77
:1072D0004FF47A70FFF752FF50B1C8F800600446CF
:1072E000064A536923F47E7323F002035361DAE7FD
:1072F0000136E5E70224DBE73C0F002000400058A0
:107300002DE9F04F524C00234FF00F090A6832FA72
:1073100003F501D1BDE8F08F012505FA03F818EA5D
:10732000020200F08E804E68032706F003054FEA44
:10733000430E07FA0EFC6F1E012F6FEA0C0C32D8B9
:10734000876807EA0C0ACF6807FA0EF747EA0A07C8
:107350008760476827EA0808C6F300179F4047EA96
:1073600008074760C76807EA0C088F6807FA0EF736
:1073700047EA0807022DC76017D14FEAD30800EB90
:10738000880803F0070AD8F820704FEA8A0A09FA39
:107390000AFB27EA0B0B0F6907FA0AF747EA0B0704
:1073A000C8F8207001E0032DDCD1076805FA0EF55E
:1073B00007EA0C073D4316F4403F056041D023F037
:1073C000030707F1804707F5803703F0030CBD681A
:1073D0004FEA8C0C4FF0070E0EFA0CFEB0F1904FF6
:1073E00025EA0E0E2FD01B4DA8422ED005F5806544
:1073F000A84214BF0725022505FA0CF545EA0E053B
:10740000BD602568D74316F4801F0CBF3D4015436F
:107410002560656816F4001F0CBF3D40154365608C
:10742000D4F8805016F4803F0CBF3D401543C4F89B
:107430008050D4F88450B60354BF3D401543C4F87F
:107440008450013362E70025D6E70125D4E700BF69
:107450000008005800040048374A2DE9F04F002387
:107460004FF0010A4FF0070B4FF00F0931FA03F408
:1074700001D1BDE8F08F0AFA03FC1CEA010654D0E2
:1074800023F0030404F1804404F5803403F003077F
:10749000A568BF000BFA07F8B0F1904F08EA050E97
:1074A00045D0264DA84244D005F58065A8420CBFC2
:1074B00002250725BD40754517D1D2F8805025EA31
:1074C0000605C2F88050D2F8845025EA0605C2F8B5
:1074D0008450156825EA06051560556825EA0605F5
:1074E0005560A56825EA0805A560056803265C00C7
:1074F00006FA04F423FA06F6254300EB8606056037
:1075000003F00705376AAD0009FA05F527EA050714
:107510003762856825EA04058560456825EA0C051B
:107520004560C56825EA0404C46001339EE7002570
:10753000C0E70125BEE700BF00080058000400486E
:107540000AB181617047816270470000044AD168C6
:10755000014208B502D0D060FEF7BEFE08BD00BFF4
:107560000008005803689A69910744BF00229A6294
:107570009A69D2075EBF9A6942F001029A61704728
:1075800030B5039D04682B4343EA0243064A606812
:10759000C1F309010B4342EA555223F0004320EAAC
:1075A00002000343636030BDFF63FF0303682DE9FE
:1075B000F0419C6914F0100405460F4616466FD042
:1075C00010220024DA61A0462B689A69900661D4E3
:1075D000B8F1000F35D044F0040401202E68B369DF
:1075E000D90541BF4FF48072F26144F001040120DB
:1075F0005A0541BF4FF4806244F00804F261012053
:107600009B054FD54FF4007344F00204F361284604
:10761000FFF7A8FF736823F0FF7323F48B3323F481
:10762000FF7323F0010373606B6C23436B642023AF
:1076300085F84130002385F8423085F8403001203C
:1076400032E07A1CC1D0FDF795FF801BB84201D80B
:10765000002FB9D12B68596895F842209869000429
:10766000D2B20AD5490408D4202A06D05A6842F476
:1076700080425A60FDF77EFF06462B689B699B0699
:10768000A2D4FDF777FF801B1928F6D920244FF0EC
:10769000010899E7B8F1000F9DD12022DA619AE73D
:1076A00020469BE70028B2D1BDE8F08170B50446C2
:1076B0000D46164623689B699B0701D500201FE0F5
:1076C000324629462046FFF771FFC0B96A1CF1D047
:1076D000FDF750FF801BA84201D8002DEAD1236896
:1076E0009B6913F00203E5D1626C84F8403042F0EC
:1076F00020026264202284F8412084F84230012074
:1077000070BD2DE9F041DDF8188004460F4616469D
:107710001D4623689B6937EA03030CBF012300233E
:10772000B34201D0002025E0424629462046FFF71B
:107730003DFFF0B96B1CECD0FDF71CFFA0EB08007F
:10774000A84201D8002DE4D123689B6937EA0303DE
:107750000CBF01230023B342DBD1636C43F0200351
:107760006364202384F84130002384F8423084F895
:1077700040300120BDE8F08170B504460D46164644
:1077800023689B699B0601D500201DE032462946EF
:107790002046FFF70BFFB0B9FDF7ECFE801BA842B7
:1077A00001D8002DECD123689B6913F02003E7D1A9
:1077B000626C84F8403042F020026264202284F837
:1077C000412084F84230012070BD00002DE9F843CB
:1077D000DFF8989005460E46174600244FF0100833
:1077E0002B689B695B0700D414B12046BDE8F88381
:1077F0003A4631462846FFF7D9FE2B689A69044677
:1078000090060CD4003C18BF0124FDF7B3FEC01B4A
:10781000B04201D8002EE3D1D4B10124E0E79CB9F5
:107820009A699A69D10611D504222021C3F81C80D7
:107830006A64D9615A6802EA09025A6085F84110FF
:1078400085F8404085F842400124DEE76C64DCE7BF
:107850002B689B695A07C3D46B6C85F8404043F092
:1078600020036B64202385F84130D6E700E800FE52
:1078700010B5044600284ED090F8413003F0FF02C6
:107880001BB980F84020FDF78DFA242384F841309D
:1078900023681A6822F001021A60626822F070629E
:1078A0001A619A6822F400429A60D4E902210129FF
:1078B00006D142F400429A605A6822F4006207E05E
:1078C00042F4044202299A60F6D15A6842F40062F6
:1078D0005A605A6842F0007242F400425A60DA6814
:1078E00022F40042DA60D4E904210A43A16942EAA1
:1078F0000122DA60D4E907210A431A601A6842F0CB
:1079000001021A6000202023606484F84130206363
:1079100084F8420010BD0120FCE710B5044698B180
:107920000268242380F84130136823F001031360B8
:10793000FDF77CFA0020606484F8400084F8410080
:10794000206384F8420010BD0120FCE72DE9F347D5
:10795000994690F841300A9F202B04460E469046E7
:1079600040F09C8090F84030012B00F097804FF061
:10797000010A80F840A0FDF7FDFD1923054600909F
:1079800052464FF400412046FFF7BBFE18B10120DC
:1079900002B0BDE8F087212384F84130102384F839
:1079A00042306064A4F82A90638DC4F824809BB2AE
:1079B000FF2B98BF628D606395BF92B2FF224FF09C
:1079C00000734FF0807322859AB14146D4F800C00D
:1079D00011F8010BCCF828006162618D013989B280
:1079E000013A618592B22E49228501320091D2B2CC
:1079F00001E02B49009131462046FFF7C1FD638D20
:107A00009BB22A4639462046BBB9FFF7B5FE00288F
:107A1000BDD123682021D9615A6822F0FF7222F477
:107A20008B3222F4FF7222F001025A6084F8411076
:107A300084F8400084F84200AAE7FFF737FE0028E8
:107A4000A5D1636A226813F8011B91626362638D9A
:107A5000228D013B9BB26385638D013A92B29BB24A
:107A60002285002BCBD0002AC9D100953B4680212E
:107A70002046FFF746FE002889D1638D9BB2FF2B7D
:107A800005D9FF2222854FF080730090B3E7628D05
:107A900092B222854FF000730090A8E7022077E7AA
:107AA000002000802DE9F347984690F841300A9F66
:107AB000202B04460E46914640F0878090F84030D7
:107AC000012B00F082804FF0010A80F840A0FDF702
:107AD00051FD19230546009052464FF400412046BF
:107AE000FFF70FFE18B1012002B0BDE8F087222396
:107AF00084F84130102384F842306064A4F82A806E
:107B0000638DC4F824909BB2FF2B6063304B26D961
:107B1000FF22228500934FF0807331462046FFF705
:107B20002FFD638D9BB22A4639462046FBB9FFF7ED
:107B300023FE0028D7D123682021D9615A6822F07A
:107B4000FF7222F48B3222F4FF7222F001025A609B
:107B500084F8411084F8400084F84200C4E7628D44
:107B600092B2228500934FF00073D2B2D5E7FFF7AF
:107B70002DFE0028B7D123685A6A636A1A70636AB7
:107B8000228D01336362638D013B9BB26385638DFC
:107B9000013A92B29BB22285002BC2D0002AC0D1FA
:107BA00000953B4680212046FFF7ABFD00289AD187
:107BB000638D9BB2FF2B03D9FF2222850090AAE799
:107BC000628D92B222850090CDE702208CE700BF43
:107BD0000024008010B590F84120202A0346D4B23A
:107BE0001CD190F84020012A18D0242280F841208E
:107BF0000268106820F001001060106820F48050C6
:107C000010601068014311601168002041F001010B
:107C1000116083F8414083F8400010BD0220FCE76A
:107C200010B590F84120202A0346D4B21BD190F819
:107C30004020012A17D0242280F8412002681068D1
:107C400020F001001060106820F4706040EA01210B
:107C500011601168002041F00101116083F841407A
:107C600083F8400010BD0220FCE70000024A1368C0
:107C700043F4807313607047000400580D4B10B537
:107C80005B690C4628B99A0507D500F027F820B1A2
:107C900010BD9B0501D400F019F8074A1369012CA7
:107CA00023F00403136101D130BFF1E740BF20BFCF
:107CB00020BFEDE70004005800ED00E0024B18681B
:107CC00000F4C060704700BF00040058024A136807
:107CD00043F4804313607047000400580C4A136853
:107CE00023F4804313600B4B1B6832214B430A493A
:107CF000B3FBF1F35169890500D533B9536913F426
:107D0000007F14BF032000207047013BF2E700BF53
:107D1000000400581400002040420F000B4A136872
:107D200023F0070343F002031360094B1A6901288B
:107D300042F004021A6105D130BF1A6922F0040230
:107D40001A61704740BF20BF20BFF6E7000400580B
:107D500000ED00E04FF0B0431868C0F340407047BA
:107D60004FF0B0431868C0F3400070474FF0B04286
:107D7000536823F47F4343EA0023536070474FF076
:107D8000B0431868C0F34060704700007FB54FF003
:107D9000B0432C4AD3F80831C0F3031003F00F03AB
:107DA00052F82040284A52F82330B4FBF3F4FFF78E
:107DB00085FF264B054693E80700B5F5007F04AB29
:107DC00003E9070010D0224B9C4218D303F5B703F8
:107DD00003F67F539C4229D903F5741303F510630E
:107DE0009C4225D802230BE01A4B9C4207D91A4B20
:107DF0009C421BD903F5370303F5D853F0E7002362
:107E000004AA02EB830353F80C4C144D2B6823F0A7
:107E1000070323432B60FDF7ADFB06462B6803F0F9
:107E200007039C4206D1002004B070BD0123E7E7A0
:107E30000024EAE7FDF79EFB801B0228EED9032011
:107E4000F2E700BF78E20008D8E20008A4D80008F2
:107E5000C0CF6A00BFEA21013F93340200400058BE
:107E60004FF0B04310B59A68D96812F00C0205D0F3
:107E70000C2A4AD101F00303012B51D14FF0B0413C
:107E80002B480B6813F0080306D00B6813F00803A7
:107E900037D1D1F8941007E00C68240756BFD1F809
:107EA00094300968C3F3032350F82330002A0CBF31
:107EB000184600204FF0B0418A6802F00C020C2AEC
:107EC0001ED1CA6802F00302022A2ED0032A06D16C
:107ED0000B68184A13F4801F174B18BF13464FF056
:107EE000B042D068D168D268C0F306205843C1F3CD
:107EF00002130133B0FBF3F0530F0133B0FBF3F087
:107F000010BD0B68C3F30313CEE7042A05D0082A7B
:107F100006D11B6813F4801305D006480023C9E777
:107F200000231846C6E70448C4E7024BD7E700BF62
:107F300078E200080024F4000048E80108B5FFF7E3
:107F40008FFF4FF0B043044A9B68C3F3031352F80A
:107F50002330B0FBF3F008BDD8E200082DE9F04172
:107F60000446002853D04FF0B0439D68DE68036894
:107F70009B0605F00C0506F0030668D5026A1DB1E4
:107F80000C2D46D1012E44D1002A40D04FF0B043F1
:107F9000A16A1A68170756BFD3F894301B681B09EB
:107FA00003F0F00399421FD90846FFF7EFFE0028BF
:107FB0002DD14FF0B042136843F0080313601368EB
:107FC000A16A23F0F0030B431360606AFFF7CEFE53
:107FD000FFF7B4FFAB4B1860AB4B1868FEF77CFCA7
:107FE000002834D0BDE8F0814FF0B042136843F070
:107FF00008031360136823F0F0030B431360606AF7
:10800000FFF7B4FE0846FFF7C1FE0028E0D00120CC
:10801000E8E74FF0B043002A54D01A6842F001025A
:108020001A60FDF7A7FA0746FFF79AFE002842D02C
:108030004FF0B042136843F0080313601368A16A5D
:1080400023F0F0030B431360606AFFF78FFE236891
:10805000D80748D42368990700F18C8023681E074D
:1080600040F1FA80A3694FF0B046002B00F0E180A8
:10807000D6F89430E16903F01002914200F0C48018
:1080800003F00302022AC2D0D80740F1B380D6F829
:10809000943023F00103C6F89430FDF76BFA0746DD
:1080A000D6F89430990740F1A580FDF763FAC31B19
:1080B000112BF5D904E0FDF75DFAC01B0228B3D9F6
:1080C00003208FE71A6822F001021A60FDF752FAC6
:1080D0000746FFF745FE0028B9D0FDF74BFAC01B55
:1080E0000228F6D9ECE7082D03D00C2D05D1032E7C
:1080F00003D16368002BADD189E74FF0B043A1688D
:108100001A6822F480120A431A606268B2F5803F4E
:1081100010D11A6842F480321A60FDF72BFA074634
:10812000FFF718FE002895D1FDF724FAC01B64283C
:10813000F6D9C5E7B2F5041F04D11A6842F400125B
:108140001A60E6E7196821F480311960196821F492
:1081500000111960002AE0D1FDF70CFA0746FFF77D
:10816000F9FD00283FF476AFFDF704FAC01B642840
:10817000F5D9A5E7042D236903D00C2D0ED1022ECD
:108180000CD1002B3FF443AF4FF0B042616953680C
:1081900023F0FE4343EA016353605FE74FF0B046CC
:1081A000BBB1336843F480733360FDF7E3F90746EE
:1081B00033685A0505D4FDF7DDF9C31B022BF7D947
:1081C0007EE77368626923F0FE4343EA02637360EB
:1081D00044E7336823F480733360FDF7CBF9074637
:1081E00033685B057FF53AAFFDF7C4F9C31B022B7B
:1081F000F6D965E74FF0B042E169D2F8943023F048
:1082000010030B43C2F894304FF0B047D7F89430C6
:1082100043F00103C7F89430FDF7ACF90646D7F8F0
:1082200094309A0718D4FDF7A5F9831B112BF6D9C2
:1082300046E7D6F8943023F00103C6F89430FDF7F2
:1082400099F90746D6F894309B0705D5FDF792F9C2
:10825000C31B112BF6D933E72368580754D50B4FAE
:108260003B68D90514D4FFF701FDFDF783F90646F5
:108270003B68DA050CD4FDF77DF9831B022BF7D997
:108280001EE700BF140000201C000020000400585E
:10829000E3684FF0B046002B58D023F08003052B45
:1082A00002BFD6F8903043F00403C6F890304FF088
:1082B000B046FDF75FF9D6F8903043F0010307466A
:1082C000C6F8903041F28838D6F890309B0705D434
:1082D000FDF750F9C31B4345F6D9F1E6E36823F0F7
:1082E0000403812B1BD1FDF745F9D6F8903043F0FC
:1082F0008003C6F8903007464FF0B04641F2883808
:10830000D6F89030180504D5E36A002B4AD1002036
:1083100068E6FDF72FF9C01B4045F1D9D0E6FDF71F
:1083200029F9D6F8903023F08003C6F8903007463C
:108330004FF0B04641F28838D6F890301905E3D5B1
:10834000FDF718F9C01B4045F6D9B9E6FDF712F95B
:10835000D6F8903023F080030746C6F8903041F2FB
:108360008838D6F890301A0516D4FDF703F9D6F8F8
:10837000903023F00103C6F8903007464FF0B04824
:1083800041F28836D8F890309B07BDD5FDF7F2F85A
:10839000C31BB342F6D993E6FDF7ECF8C01B40458A
:1083A000DFD98DE60C2D4ED0022B4FF0B0431A686A
:1083B00022F080721A6033D1FDF7DCF80546FFF732
:1083C000DEFC38BBD4E90C314FF0B0420B43D0682F
:1083D0002D4901400B43E16B0B43216C0B43616C56
:1083E0000B43A16B43EA0123D360136843F080730E
:1083F0001360D36843F08053D360FDF7BBF80446A5
:10840000FFF7BDFC002882D1FDF7B4F8001B0A2855
:10841000F6D955E6FDF7AEF8401B0A28CFD94FE64E
:10842000FDF7A8F80446FFF7AAFC30B94FF0B042B8
:10843000164BD1680B40D36069E7FDF79BF8001B32
:108440000A28F0D93CE6012B3FF4E1AD4FF0B043F0
:10845000D868236B00F003029A427FF4D8AD626BB8
:1084600000F0700393427FF4D2ADA26B00F4FE43A0
:10847000B3EB022F7FF4CBAD636C00F06040C01A09
:1084800018BF0120AEE500BF8C80C111FCFFFEEEDD
:108490002DE9F0410D46044610B90120BDE8F081F8
:1084A000684E336803F007038B4216D323689A079C
:1084B00027D54FF0B047A268BB6823F0F003134301
:1084C000BB60FDF757F80646BB68DB0319D4FDF720
:1084D00051F8831B022BF7D911E0336823F007030F
:1084E0000B433360FDF746F80746336803F0070394
:1084F000AB42DBD0FDF73EF8C01B0228F5D90320C4
:10850000CCE72368580617D54FF0B0476269D7F813
:10851000083123F00F0343EA1213C7F80831FDF7BF
:1085200029F80646D7F80831D90305D4FDF722F813
:10853000831B022BF6D9E2E723685A0713D54FF0C5
:10854000B047E268BB6823F4E0631343BB60FDF708
:1085500011F80646BB689B0305D4FDF70BF8831B97
:10856000022BF7D9CBE72368180714D54FF0B04793
:108570002269BB6823F4605343EAC203BB60FCF783
:10858000F9FF0646BB68590305D4FCF7F3FF831BCC
:10859000022BF7D9B3E72368DA070FD4294C2368F5
:1085A00003F00703AB4239D8FFF7C8FC264B18602D
:1085B000264BBDE8F0411868FEF78EB96268022AC2
:1085C0001DD1FFF7C7FB00283FF467AF4FF0B0465F
:1085D00041F28838B36823F003031343B360FCF718
:1085E000C9FF0746B368626803F00C03B3EB820F60
:1085F000D4D0FCF7BFFFC01B4045F3D97FE7032A67
:1086000002D1FFF7BCFBDEE712B9FFF7A9FBDAE7FF
:108610004FF0B0431B685B05D8D43EE7236823F0D6
:1086200007032B432360FCF7A5FF0646236803F0EE
:108630000703AB42B8D0FCF79DFF801B0228F5D999
:108640005DE700BF00400058140000201C0000201F
:1086500008B5FFF773FC4FF0B043044A9B68C3F3BF
:10866000022352F82330D84008BD00BFB8E200080A
:1086700008B5FFF763FC4FF0B043044A9B68C3F3AF
:10868000C22352F82330D84008BD00BFB8E200082A
:108690004FF0B043D3F89000C0F3400070474FF064
:1086A000B0410209D1F8883002F47F22000123EAA8
:1086B000020300F47F200343C1F8883070474FF075
:1086C000B041020CD1F88830120423EA020343EAD5
:1086D0000040C1F8880070470368DA0370B50446AB
:1086E00039D5FFF7C3FAFCF745FF614E05463368FD
:1086F000DB0532D54FF0B043616BD3F8902002F424
:10870000407291421DD0D3F89010D3F8902042F4DB
:108710008032C3F89020D3F8902021F4407022F4E6
:1087200080328D07C3F89020C3F8900009D5FCF77C
:1087300021FF41F288360546FFF7AAFF012840F0E5
:1087400090804FF0B042616BD2F8903023F44073C8
:108750000B43C2F89030002605E0FCF70BFF401BEE
:108760000228C4D903262568E8070AD54FF0B0418E
:108770006268D1F8883023EA124392B21343C1F8F9
:108780008830A9070AD54FF0B041A268D1F88830E7
:1087900023EA124392B21343C1F88830AA0609D5DE
:1087A0004FF0B0422169D2F8883023F440630B4384
:1087B000C2F88830AB0502D5206AFFF780FF680554
:1087C00002D5606AFFF77BFF290502D5A06AFFF793
:1087D00076FF6A0602D56069FFF761FF2B0602D5B6
:1087E000A069FFF75CFFE80502D5E069FFF757FFD6
:1087F000E90610D54FF0B042E168D2F8883023F492
:1088000040730B43C2F88830B1F5807F02BFD36854
:1088100043F08073D3602A040ED54FF0B042216B31
:10882000D2F8883023F040430B43C2F8883019B99E
:10883000D36843F08073D3606B0410D54FF0B0421F
:10884000E16AD2F8883023F040530B43B1F1005F66
:10885000C2F8883003D1D36843F48033D360304604
:1088600070BDFCF787FE401BB0427FF665AF79E72D
:108870000004005830B590F82C30012B02464FF020
:10888000020022D0174B82F82D00CA24012582F85D
:108890002C505C6253245C62B1F5807F146B996943
:1088A00014D121F488519961596C24F0010421F00C
:1088B000004159641463DD650A4BFF2159620020B1
:1088C000012382F82D3082F82C0030BD21F40851AC
:1088D0009961D96C24F0020421F00041D964146339
:1088E000D865E9E70028004070B50B4E036B756D45
:1088F0001D40EA07044603D50123F365FCF759FF41
:10890000AB0704D50223F365204600F0C9F9012323
:1089100084F82D3070BD00BF0028004038B50A4CE7
:10892000E36823F02003E360FCF724FE0546E368D8
:108930009B0601D5002038BDFCF71CFE401BB0F59E
:108940007A7FF4D90320F6E700280040F8B5114DEE
:10895000EC6814F0400406461AD1EB6843F080033B
:10896000EB60FCF707FE23460746EC6814F0400472
:1089700001D1032B01D11846F8BDFCF7FBFDC01B4C
:10898000B0F57A7F234684BF032386F82D30ECE7C9
:108990000023F0E70028004038B50F4CE36823F0CF
:1089A0008003E360A3699B06054606D4FFF7B6FF84
:1089B00010B1032085F82D0038BDA36923F02003F2
:1089C000A361FFF7ABFF10B1032085F82D00A36969
:1089D00043F02003A361EFE70028004038B50446C8
:1089E00000284BD090F82D3003F0FF021BB980F81F
:1089F0002C20FCF741FC0223214D84F82D30EB683C
:108A0000DB0636D4CA236B6253236B622046FFF722
:108A10009DFF10B1FF236B6238BDAB6923F08E63FD
:108A200023F04003AB6121696368AA690B431343D8
:108A3000A2691343AB61D4E9022343EA02432B61E9
:108A4000D4E90931EA680B4322F4F8521343EB608E
:108A50002046FFF7A1FF0028DCD1D4E90713AA695B
:108A60000B4322F06042134362691343AB61FF235F
:108A70006B62012384F82D300020CDE70120CBE785
:108A8000002800400023092803D840EA0310C0B2A0
:108A900070470A380133C0B2F5E700002DE9F0470E
:108AA00090F82C30012B05464FF0020069D00123CD
:108AB00085F82C304E4B85F82D00DE6806F44076A4
:108AC000B6F5807F78D04C69087891F8019091F8DC
:108AD00002A091F82470002A55D19B6913F040033D
:108AE00008BFCB70FFF7CEFF80464846FFF7CAFFAE
:108AF00002465046FFF7C6FF81463846FFF7C2FFE1
:108B00000B6ACF78234343EA875343EA090343EAD6
:108B1000084343EA022343EA0063354ACA2050620D
:108B2000532050628C6A8869B4F5807F946945D17E
:108B300024F4885494610124D465B6F5807F09BF7C
:108B4000CB6913640343536418BF5064284B4A68CD
:108B50001A672A6B42F001022A639A6942F488522A
:108B60009A61244AD2F8803043F40033C2F880304E
:108B70001F4BFF225A620020012385F82D3085F813
:108B80002C00BDE8F087B4F1803F07D0B4F5000FAA
:108B900004D09B6913F0400308BFCB700B6ACA78FE
:108BA0001C4344EA0A0444EA004343EA092343EA33
:108BB000825343EA0763B0E70023AEE724F4085486
:108BC00094610224D465B6F5807F09BFCB699364B4
:108BD0000343D36418BFD064054B4A685A672A6BB5
:108BE00042F002022A639A6942F40852B8E700BFD1
:108BF000002800400008005890F82C20012A034665
:108C00004FF0020012D00A4A83F82D00CA215162A7
:108C100053215162916941F020019161FF2151621C
:108C20000020012283F82D2083F82C00704700BF1C
:108C30000028004090F82C20012A03464FF0020043
:108C400019D00D4A83F82D00CA2151625321516277
:108C500091690A4841F080019161D0F8801041F497
:108C60008021C0F88010FF2151620020012283F88A
:108C70002D2083F82C007047002800400008005881
:108C8000064B5A6D520610B5044603D54022DA65EC
:108C9000FCF792FD012384F82D3010BD0028004020
:108CA0007047890001F1804101F531410A60704748
:108CB000890001F1804101F53141086870470000E9
:108CC000034AD2F8903043F40043C2F89030704722
:108CD00000040058034AD2F8903023F40043C2F84D
:108CE0009030704700040058074B1A6822F0400289
:108CF0001A6040F441704FF4B85218605A601A6814
:108D000042F040021A6070470000015837B505462E
:108D100000284ED0837903F0FF046BB1032C0BD0F5
:108D2000254B4FF400629A612868FFF7DDFF0024AD
:108D300001232B71AC602FE000236B712846FCF7F8
:108D4000ADFB1E4AD2F8903043F48053C2F8903005
:108D5000002CE5D102234FF0B042AB71D2F8943031
:108D600023F40043C2F89430154B1B681C214B437D
:108D7000DB0C64214B430193019B93B90124AC604C
:108D8000FFF79EFF0C4B9A6842F400629A604FF422
:108D900000629A61002CC7D00123AB71204603B05A
:108DA00030BD019B013B0193D2F894305B04E3D4C6
:108DB000E6E70124F2E700BF00040058000800586D
:108DC0001400002037B5174D2B6802461C20434382
:108DD000DB0C6420434314480193019B93B90120A9
:108DE0009060114C21732B681C214B43DB0C6421D8
:108DF0004B430193019B6BB9012090600A4BDB68E8
:108E000003B030BD019B013B019383689C07E4D50F
:108E10000020E6E7019B013B0193A368DB07E9D54E
:108E2000ECE700BF140000200000015837B5184DD2
:108E30002B6802461C204343DB0C64204343154847
:108E40000193019BA3B901209060124CFF2323736F
:108E50002B681C256B43DB0C64256B430193019B42
:108E600073B9012090600B4BDB680B7003B030BD11
:108E7000019B013B019383689C07E2D50020E4E756
:108E8000019B013B0193A368DB07E8D5EBE700BF3B
:108E900014000020000001580E4B0F491B681822D7
:108EA000534382B01B0D6422534301934B69019AD3
:108EB000C3F3800322B902238360012002B070470C
:108EC000019A013A01924A69920701D5002BEDD12E
:108ED0000020F3E7140000200004005807B50379D0
:108EE000012B0FD10A4B1B68182253431B0C019313
:108EF000FFF7F0FE019B013B0193019B002BF9D191
:108F0000FFF7DEFE03B05DF804EBFFF7C5BF00BF5F
:108F100014000020F8B51E468379012B154604463F
:108F20000F46DAB22DD14379012B2AD002234271A8
:108F30008371FFF7D3FF0D212046FFF7CBFEFFF72C
:108F400041FF390A2046FFF73DFFF9B22046FFF7FF
:108F500039FF2E44B5420ED12046FFF7B1FEFFF790
:108F60009BFFA06801230038A3714FF0000318BFD6
:108F700001206371F8BD15F8011B2046FFF722FFA1
:108F8000E8E70220F6E7F8B51E468379012B15467F
:108F900004460F46DAB22FD14379012B2CD042710F
:108FA000FFF79CFF1D212046FFF794FEFFF70AFF05
:108FB000390A2046FFF706FFF9B22046FFF702FF05
:108FC00000212046FFF7FEFE2E44B5420ED120467A
:108FD000FFF776FEFFF760FFA06801230038A3715A
:108FE0004FF0000318BF01206371F8BD29462046E9
:108FF000FFF71CFF0135E8E70220F6E7F8B51F464A
:109000008379012B154604460E46DAB22CD14379FA
:10901000012B29D04271FFF761FF06F0EF03A3F1A6
:10902000840253425341237131462046FFF752FEDA
:10903000FFF7C8FE2F44AF4210D1FFF741FE842E48
:1090400002D02046FFF728FFA06801230038A37153
:109050004FF0000318BF01206371F8BD15F8011B24
:109060002046FFF7AFFEE6E70220F6E7F8B51E461A
:109070008379012B154604460F46DAB227D143798E
:10908000012B24D04271FFF729FF39462046FFF714
:1090900021FEFFF797FE00212046FFF793FE2E44A6
:1090A000B5420ED12046FFF70BFEFFF7F5FEA06894
:1090B00001230038A3714FF0000318BF0120637132
:1090C000F8BD29462046FFF7B1FE0135E8E702204A
:1090D000F6E737B50023ADF8043001AA02231221C8
:1090E0000546FFF7C3FFBDF80440022364BA1946E2
:1090F000A4B201AA2846FFF781FFE30702D528465C
:1091000003F00AF804F04203022B02D1284603F0D0
:1091100009F8600702D5284603F02EF8210702D58A
:10912000284603F02FF8E20602D5284603F030F86F
:10913000A30602D5284603F019F8600602D5284692
:1091400002F0F6FF210606D514F4807118BF012144
:10915000284602F0F3FFA20502D5284602F0FEFFE2
:10916000630402D5284603F019F803B030BDF8B502
:109170001E468379012B154604460F46DAB227D1E5
:109180004379012B24D04271FFF7A8FE0E2120461F
:10919000FFF7A0FDFFF716FE39462046FFF712FE47
:1091A0002E44B5420ED12046FFF78AFDFFF774FE2C
:1091B000A06801230038A3714FF0000318BF0120FD
:1091C0006371F8BD15F8011B2046FFF7FBFDE8E7CA
:1091D0000220F6E7F8B51E468379012B15460446B2
:1091E0000F46DAB22BD14379012B28D04271FFF719
:1091F00075FE1E212046FFF76DFDFFF7E3FD3946A2
:109200002046FFF7DFFD00212046FFF7DBFD2E445F
:10921000B5420ED12046FFF753FDFFF73DFEA06893
:1092200001230038A3714FF0000318BF01206371C0
:10923000F8BD29462046FFF7F9FD0135E8E7022091
:10924000F6E7026852E8003F23F0C00342E800312D
:1092500002680029F5D102F1080353E8003F23F426
:10926000000302F1080C4CE800310029F3D120235F
:10927000C0F888307047000010B5026852E8003F1F
:1092800023F4907342E8003102680029F5D10F4CB5
:1092900002F1080353E8003F234002F1080C4CE8B8
:1092A00000310029F4D1C36E012B07D152E8003FF1
:1092B00023F0100342E800310029F7D12023C0F841
:1092C0008C300023C366436710BD00BFFEFFFFEF75
:1092D000F8B504461346D4F88850202D32D1F1B1A8
:1092E000EAB1E06FA4F85620A4F854200026212209
:1092F000C4F890602165C4F88820226888B1124FB4
:10930000C762124F0763124F2832C0E90D76FDF78E
:10931000F5FD30B11023C4F89030C4F88850012016
:10932000F8BD236840221A62226802F1080353E85C
:10933000003F43F0800302F1080141E800300028BB
:10934000F3D1EDE70220EBE7559300089D93000869
:10935000A993000808B50346806A1B681B6813F0D0
:10936000200317D1A0F85630026802F1080353E831
:10937000003F23F08003083242E8003102680029F0
:10938000F2D152E8003F43F0400342E800310029A7
:10939000F7D108BDFCF746FBFBE7704708B5806ACC
:1093A000FFF7FBFF08BD7047806A38B50468D0F846
:1093B0008830D0F88C50A268120606D5212B04D133
:1093C0000023A0F85630FFF73CFFA3685B0606D5E4
:1093D000222D04D10023A0F85E30FFF74DFFD0F816
:1093E000903043F01003C0F89030FFF7DCFF38BD39
:1093F00008B5806A0023A0F85E30A0F85630FFF769
:10940000D2FF08BD704700000368D9691A682DE9CA
:10941000F04140F60F0631429D68044610D18E0699
:1094200040F1978002F0200605F080573E4300F09F
:109430009080436F002B00F08580BDE8F041184715
:10944000AB4EAC482E401040304300F08280CF0736
:1094500009D5D00507D501201862D4F8900040F056
:109460000100C4F890008F0709D5E80707D502204E
:109470001862D4F8900040F00400C4F890004F0740
:1094800009D5E80707D504201862D4F8900040F009
:109490000200C4F890000F070BD502F02000304303
:1094A00007D008201862D4F8900040F00800C4F8F3
:1094B00090000E050AD5500108D54FF400601862DF
:1094C000D4F8903043F02003C4F89030D4F89030B2
:1094D000002B37D08B0609D502F0200205F080550D
:1094E0002A4303D0636F0BB1204698472668D4F80F
:1094F0009020B36802F0280203F0400353EA02050B
:10950000204621D0FFF7B8FEB3685F0617D5226862
:1095100002F1080353E8003F23F04003083242E819
:1095200000310029F3D1D4F8800040B1724B83633D
:10953000FDF75DFD30B1D4F88000836B7DE72046F8
:10954000FFF731FFBDE8F081FFF72DFFC4F8905021
:10955000F8E7E06E012840F08980CE0640F1868071
:10956000D00640F1838010221A629A6851064BD5CA
:10957000D4F8802011684A6892B2002AE2D0B4F888
:109580005C009042DED9A4F85E200A6892062FD4CF
:1095900053E8002F22F4807243E800210029F7D11C
:1095A00003F1080252E8002F22F0010203F1080043
:1095B00040E800210029F3D103F1080252E8002F0E
:1095C00022F0400203F1080040E800210029F3D115
:1095D0002022C4F88C20E16653E8002F22F010020C
:1095E00043E800210029F7D1D4F88000FDF7CAFC38
:1095F00002232367B4F85E30B4F85C10C91A89B24C
:109600002046FFF7FFFE9DE7B4F85E20B4F85E0049
:10961000B4F85C1080B292B2002893D0891A89B253
:1096200000298FD053E8002F22F4907243E80020E5
:109630000028F7D1314D03F1080252E8002F2A40EB
:1096400003F1080646E800200028F4D12022C4F8DF
:109650008C206067E06653E8002F22F0100243E898
:1096600000200028F7D102232367C9E7CF0209D5DC
:109670006E0207D54FF4801220461A62BDE8F04111
:1096800000F05EBE08060BD502F0800005F4000570
:10969000284305D0A36F002B3FF454AF2046CCE6FF
:1096A0004F0611D556060FD553E8002F22F0400281
:1096B00043E800210029F7D12023C4F88830A167AE
:1096C0002046FCF7AFF93DE70D0206D5500004D562
:1096D0002046BDE8F04100F035BECB017FF532AF4A
:1096E000002ABFF62FAF2046BDE8F04100F029BEAA
:1096F0000100001020010004F1930008FEFFFFEFBD
:10970000D0F88C20B0F86010222A08B5036855D133
:109710005B6A826D0B401370836D01338365B0F813
:109720005E30013B9BB2A0F85E30B0F85E309BB279
:10973000002B42D1026852E8003F23F4907342E8C4
:10974000003103680029F5D103F1080252E8002F27
:1097500022F0010203F1080C4CE800210029F3D1AA
:109760002022C0F88C20184A41679342016705D136
:10977000C26E012A0ED0FCF763F91EE05A6811028E
:10978000F6D553E8002F22F0806243E8002100293B
:10979000F7D1EDE70022C26653E8002F22F0100255
:1097A00043E800210029F7D1DA69B0F85C10D2064D
:1097B00044BF10221A62FFF725FE08BD9A6942F0E5
:1097C00008029A61F9E700BF00800040D0F88C20C1
:1097D000B0F86010222A08B5036852D15A6A1140C5
:1097E000826D22F8021B8265B0F85E20013A92B2C7
:1097F000A0F85E20B0F85E2092B2002A40D153E873
:10980000002F22F4907243E800210029F7D103F1E0
:10981000080252E8002F22F0010203F1080C4CE884
:1098200000210029F3D12022C0F88C20174A41677B
:109830009342016705D1C26E012A0ED0FCF700F9F0
:109840001EE05A681102F6D553E8002F22F080621C
:1098500043E800210029F7D1EDE70022C26653E872
:10986000002F22F0100243E800210029F7D1DA6925
:10987000B0F85C10D20644BF10221A62FFF7C2FD96
:1098800008BD9A6942F008029A61F9E70080004039
:109890002DE9F84F0368B0F86060D3F81CB01F687A
:1098A0009D68D0F88C20222A044640F0B980B0F898
:1098B000683043B1DFF87491DFF874A14FF000080D
:1098C0001BF0200F20D1B4F85E309BB2D3B1B4F8B6
:1098D00068209A4216D9226802F1080353E8003F33
:1098E00023F08053083242E8003122680029F2D187
:1098F000504B636752E8003F43F0200342E80031D9
:109900000029F7D1BDE8F88F2368A26D5B6A334068
:109910001370A36D0133A365B4F85E30013B9BB2B5
:10992000A4F85E302368D3F81CB01BF0070F2ED0CC
:109930001BF0010F09D0F90507D501221A62D4F8EE
:10994000902042F00102C4F890201BF0020F09D0D1
:10995000EA0707D502221A62D4F8902042F00402E6
:10996000C4F890201BF0040F09D0E80707D50422A3
:109970001A62D4F8903043F00203C4F89030D4F85F
:10998000903023B12046FFF70EFDC4F89080B4F864
:109990005E309BB2002B93D1226852E8003F23F443
:1099A000807342E8003123680029F5D103F10802F1
:1099B00052E8002F02EA090203F1080040E8002102
:1099C0000029F3D120225345C4F88C206167216718
:1099D0000AD05A68110207D553E8002F22F080629E
:1099E00043E800210029F7D1E26E012A14D10022B8
:1099F000E26653E8002F22F0100243E8002100291C
:109A0000F7D1DA69B4F85C10D20644BF10221A62AA
:109A10002046FFF7F7FC53E72046FCF711F84FE725
:109A20009A6942F008029A616CE700BFFEFFFFEFFF
:109A300000800040019700082DE9F84F0368B0F856
:109A40006060D3F81CB01F689D68D0F88C20222A73
:109A5000044640F0B780B0F8683043B1DFF8709149
:109A6000DFF870A14FF000081BF0200F20D1B4F8F0
:109A70005E309BB2D3B1B4F868209A4216D92268FE
:109A800002F1080353E8003F23F08053083242E814
:109A9000003122680029F2D14F4B636752E8003F42
:109AA00043F0200342E800310029F7D1BDE8F88FE8
:109AB0002368A26D596A314022F8021BA265B4F8EE
:109AC0005E20013A92B2A4F85E20D3F81CB01BF0DD
:109AD000070F2ED01BF0010F09D0F90507D5012281
:109AE0001A62D4F8902042F00102C4F890201BF0D2
:109AF000020F09D0EA0707D502221A62D4F8902093
:109B000042F00402C4F890201BF0040F09D0E807CB
:109B100007D504221A62D4F8903043F00203C4F847
:109B20009030D4F8903023B12046FFF73CFCC4F8C5
:109B30009080B4F85E309BB2002B95D1226852E839
:109B4000003F23F4807342E8003123680029F5D1F7
:109B500003F1080252E8002F02EA090203F10800AB
:109B600040E800210029F3D120225345C4F88C207D
:109B7000616721670AD05A68110207D553E8002FA0
:109B800022F0806243E800210029F7D1E26E012A29
:109B900014D10022E26653E8002F22F0100243E8BD
:109BA00000210029F7D1DA69B4F85C10D20644BF6D
:109BB00010221A622046FFF725FC55E72046FBF7E6
:109BC0003FFF51E79A6942F008029A616EE700BFD1
:109BD000FEFFFFEF00800040CD97000838B5044637
:109BE00003682169A2681D68C0690A4361690A4364
:109BF0007749024329400A431A605A68E16822F40F
:109C000040520A435A60734AA16993421CBF226AB8
:109C100011439A6822F06E4222F430620A439A603D
:109C2000DA6A616A22F00F020A43DA626A4A9342F0
:109C300019D14FF0B043694AD3F8883003F00303D9
:109C400043F44033934200F0B480B3F1031F24D0B7
:109C5000013A934240F0B580B0F5004F40F08F805C
:109C6000FEF7FEF86EE05E4A93421CD14FF0B0431F
:109C70005C49D3F8883003F00C0343F440228A4255
:109C800000F0978006D8002B7CD0574B9A42E3D047
:109C9000012026E0B2F10C1FFAD1B0F5004F53D0ED
:109CA0004FF4004075E04B4A9342F1D14FF0B0437E
:109CB000D3F8883003F44063B3F5006F18D006D8AA
:109CC0005BB1B3F5806FE3D1FEF7CAF807E0B3F5F7
:109CD000406FDDD14FF400400BE0FEF7B9FC40B916
:109CE00000204FF00113A3660023C4E91D3338BDE3
:109CF0003E4865683E4B626A05EB450133F8122029
:109D0000B0FBF2F39942C3D8B3EB053FC0D80023B0
:109D10001946F9F7BDFD090241EA10616B0800021E
:109D2000C0182A464FF0000341F10001F9F7B0FDD9
:109D3000304BA0F540729A42AAD82368D860CFE78A
:109D4000FEF786FC0028CBD06168294B626A33F8A5
:109D50001220B0FBF2F24B0803EB42034FF6EF7216
:109D6000B3FBF1F3A3F11001914291D823F00F025C
:109D7000216892B2C3F342031343CB60B0E7FEF70E
:109D80006FF804E0B0F5004FDAD0FEF761FC002870
:109D9000A6D06368616A164A32F81120B0FBF2F06F
:109DA00000EB5300B0FBF3F04FF6EF73A0F110029D
:109DB000C1E7B0F5004F0D48EBD1C5E7FEF758FC01
:109DC000C0E7B0F5004FF9D0FEF752FCDFE700BF67
:109DD000F369FFCF0080004000380140020003001B
:109DE0000044004008000C0004000C000024F400B3
:109DF00018E30008FFFC0F00836A1A0710B506D5A8
:109E00000168846B4A6822F4004222434A60DC07FE
:109E100006D50168C46A4A6822F4003222434A60C7
:109E2000990706D50168046B4A6822F48032224300
:109E30004A605A0706D50168446B4A6822F48022BA
:109E400022434A60DC0606D50168C46B8A6822F4A6
:109E5000805222438A60990606D50168046C8A689C
:109E600022F4005222438A605A060FD50168446CDE
:109E70004A6822F480122243B4F5801F4A6005D15B
:109E80004A68846C22F4C00222434A601B0606D54D
:109E90000268C16C536823F400230B43536010BD68
:109EA0002DE9F843DDF8209005460E461746984602
:109EB0002A68D36936EA03030CBF01230023BB429F
:109EC00001D0002029E0B9F1FF3FF2D0FBF752FBAF
:109ED000A0EB080048452C6802D8B9F1000F1ED14C
:109EE00054E8003F23F4D07344E80032002AF7D14D
:109EF00004F1080353E8003F23F0010304F10801D3
:109F000041E80032002AF3D12023C5F88830C5F893
:109F10008C30002385F884300320BDE8F883236863
:109F20005A07C5D5802EC3D0402EC1D0E3691B058A
:109F3000BED54FF40063236254E8003F23F4D0738E
:109F400044E80032002AF7D104F1080353E8003F47
:109F500023F0010304F1080141E80032002AF3D1A3
:109F60002023C5F88830C5F88C30C5F89030D0E78C
:109F70002DE9F7439846D0F88830202B04460E464A
:109F8000174643D1002943D0002A41D02123002580
:109F9000C0F89050C0F88830FBF7ECFAA368A4F83A
:109FA0005470B3F5805F8146A4F8567003D12369DD
:109FB0000BB935461E46B4F85620CDF8008092B253
:109FC0004B4642B940212046FFF76AFF48B920239B
:109FD000C4F8883006E0002280212046FFF760FFA9
:109FE00018B1032003B0BDE8F08322685EB935F8EC
:109FF000023BC3F308039362B4F85620013A92B2CD
:10A00000A4F85620D7E716F8013BF4E70220E9E769
:10A010000120E7E72DE9F7439846D0F88C30202B54
:10A0200004460F46164658D1002958D0002A56D06B
:10A0300022230025C0F89050C0F88C30C566FBF78D
:10A0400099FAA368A4F85C60B3F5805F8146A4F830
:10A050005E600FD12369D3B1FF263246A4F8602099
:10A06000B4F85E0080B2F8B92023C4F88C3003B095
:10A07000BDE8F08323B9256995B9FF221646EDE7BF
:10A08000B3F1805F09D1236953B13F22F6E740F273
:10A09000FF163D4632460027E0E72A462E46DDE71A
:10A0A0007F2216461D46D9E7CDF800804B46002298
:10A0B00020212046FFF7F4FE98B923685B6A3340FD
:10A0C00047B925F8023BB4F85E30013B9BB2A4F8D7
:10A0D0005E30C5E707F8013BF5E70220C7E701203E
:10A0E000C5E70320C3E773B504460026C0F89060B7
:10A0F000FBF740FA23681B681A07054619D4236842
:10A100001B685B070AD56FF07E43009300222B4645
:10A110004FF480012046FFF7C3FEB0B90020202392
:10A12000C4F8883084F88400C4F88C30E066206776
:10A130000CE06FF07E430093324603464FF400116B
:10A140002046FFF7ADFE0028D9D0032002B070BD35
:10A1500010B5044650B3D0F888301BB980F884306D
:10A16000FBF76CFB22682423C4F88830136823F0C3
:10A1700001031360A36A13B12046FFF73DFE20469A
:10A18000FFF72CFD012811D023685A6822F4904271
:10A190005A609A6822F02A029A601A6842F0010214
:10A1A00020461A60BDE81040FFF79DBF012010BD9A
:10A1B00030B581658168A0F85C200023B1F5805F2F
:10A1C000A0F85E20436735D10369002B40F2FF13EE
:10A1D00018BFFF23A0F860300023C0F8903022237E
:10A1E000C0F88C30016801F1080353E8003F43F0E8
:10A1F0000103083141E800340368002CF2D1456EB8
:10A2000084680169B5F1005F32D1B0F868509542B9
:10A210002ED8B4F5805F244A03D1244C002908BF0E
:10A2200022464267B1B153E8002F42F4807243E8FE
:10A230000021F7E729B90369002B14BF7F23FF230F
:10A24000C8E7B1F1805FC5D10369002B14BF3F237C
:10A250007F23BFE703F1080252E8002F42F080524B
:10A2600003F1080040E800210029F3D1002030BDAF
:10A27000B4F5805F0E4A03D10E4C002908BF224678
:10A28000426741B153E8002F42F4907243E8002145
:10A290000029F7D1EAE753E8002F42F0200243E813
:10A2A00000210029F7D1E1E791980008399A0008C8
:10A2B00001970008CD970008D0F88C30202B30B4DF
:10A2C00015D1B9B1B2B100230468C3660A4B9C42F0
:10A2D0000AD063681B0207D554E8003F43F080634F
:10A2E00044E80035002DF7D130BCFFF761BF0220F4
:10A2F00030BC70470120FBE700800040436E30B562
:10A300002BB90123A0F86A30A0F8683030BD03688B
:10A31000094D9A689968094C490FC2F342626B5C17
:10A32000615CDB00B3FBF1F3A0F86A30AB5CA25CCC
:10A33000DB00B3FBF2F3E7E738E3000830E30008A3
:10A340007047704770471FB504AB03E9060090F8EB
:10A350008430012B04463AD0012380F88430242332
:10A36000C0F8883003681A6822F001021A609A68FF
:10A3700022F440120A439A6071B95A68BDF80C0081
:10A380009DF80E1022F0100202435A605A6822F023
:10A390007F4242EA01625A601A6842F001021A6082
:10A3A000FBF7E8F86FF07E42034600924FF480011D
:10A3B00000222046FFF774FD38B92023C4F8883006
:10A3C000002384F8843004B010BD0320F8E7022095
:10A3D000F9E790F88430012B0FD0012380F8843006
:10A3E000016851E8002F42F0020241E80023002BEF
:10A3F000F6D180F88430184670470220704710B5B7
:10A4000090F88430012B044617D02423C0F88830FC
:10A4100003681A68196821F00101196042F00052BE
:10A420004FF0005141661A60FFF768FF2023C0F823
:10A430008830002084F8840010BD0220FCE770B54D
:10A4400090F88430012B044617D005682423C0F807
:10A4500088302E682B6823F001032B60AB6823F053
:10A4600060431943A960FFF749FF20232E60C0F81D
:10A470008830002084F8840070BD0220FCE770B5AD
:10A4800090F88430012B044617D005682423C0F8C7
:10A4900088302E682B6823F001032B60AB6823F013
:10A4A00060631943A960FFF729FF20232E60C0F8DD
:10A4B0008830002084F8840070BD0220FCE7012071
:10A4C00070470000034B1B6813B15B6803B118476A
:10A4D000704700BFE00F0020034B1B6813B1DB681F
:10A4E00003B11847704700BFE00F002001207047FC
:10A4F0000120704701F01EB901F008B910B501F054
:10A50000F3FD0E21044640F61F1001F0FFF820462F
:10A51000012101F0D3FDBDE8104001F0B1BA000007
:10A5200070B50C4E01EB40030D46B3654FF6FF715D
:10A53000002304461A46084601F038FB96F85600F8
:10A54000002101F0BBFD29462046BDE8704001F026
:10A550006FBA00BF840F002010B5044601F084FEDE
:10A56000012818D101F088FE34B11048214602F0CC
:10A570002FFA0E4802F0F2F90D4C002194F8560023
:10A58000A16501F09BFD63786BB16FF07F40BDE882
:10A59000104001F031BA002340F262211A46084609
:10A5A00001F004FBE0E7A0688001F0E7540F002011
:10A5B000840F0020002001F09FB9000008B501F0D1
:10A5C0009FF80438C0B2032896BF024B0020185CE5
:10A5D00008BD00BF9EE3000808B501F09AFD0330F6
:10A5E00008BD01F029B901F0E9B808B501F0E0FCB7
:10A5F00008BD000038B50D46144601F03DFB284665
:10A6000001F072FD0E21054640F61F1001F07EF8A4
:10A6100028460121074D01F051FD01F031FA4FF4B8
:10A620007A716143284602F0D3F92846BDE83840E4
:10A6300002F094B96C0F002001F01EBB08B5084B66
:10A64000002193F8560001F039FD00234FF4C0714A
:10A650001A46084601F0AAFABDE8084001F004BA1B
:10A66000840F002010B5044601F0FEFD012818D12A
:10A6700001F002FE34B11048214602F0A9F90E485B
:10A6800002F06CF90D4C002194F85600A16501F020
:10A6900015FD63786BB16FF07F40BDE8104001F0AD
:10A6A00061B9002340F262211A46084601F07EFAA1
:10A6B000E0E7A0688001F0E7540F0020840F00203D
:10A6C00008B54FF0040001F0FDF8BDE80840022095
:10A6D000FAF758BF08B500231A461946184601F084
:10A6E00065FABDE8084001F053B900001D4B73B591
:10A6F0001D4D186000241D486C70C5E90144AC650F
:10A7000001F07EFAAC8101F0E9F92146204601F022
:10A7100031FC21460422012001F0E2FA144E154DCD
:10A720004FF6FF7123462246084601F03FFAFFF735
:10A73000C7FF2246104B00944FF0FF31304602F025
:10A7400061F80E4B009422464FF0FF31284602F08C
:10A7500059F8304602F0B4F8284602B0BDE870401F
:10A7600002F0AEB8E00F0020840F0020F1B6000820
:10A770006C0F0020540F0020C5A40008D9A40008C5
:10A780000128084805D1084BC17719700E3001F037
:10A790008DBB437D012B03D1034B81751970F5E708
:10A7A000704700BF840F0020200000200D4B10B523
:10A7B000044618735873012000F016F85CB1342178
:10A7C0004FF4E86000F0A2FF4421BDE8104040F2E1
:10A7D000417000F09BBF14214FF4E86000F096FF39
:10A7E0002421F2E7840F002038B5114C0546207073
:10A7F00001F047FD052D04D8DFE805F0090B03172C
:10A800001709032001F056FA0023637338BD0020B6
:10A81000F8E7012001F04EFA207B637B8342F5D0FC
:10A820006073BDE83840FFF7C1BF0220EAE700BF10
:10A83000840F00202DE9F0431E4687B00023054613
:10A84000CDE901330C46174601F00DFD032D5BD811
:10A85000DFE815F07A00C1000C010400A27C082A90
:10A8600069D8A16801A801F0C5FE2168002962D05D
:10A8700042F210729142E37C874D50D80322AA73B2
:10A8800085F83820E96385F844304FF002086368A2
:10A89000A17DDB002B820423AB74A37CDB00EB7473
:10A8A00002294FF000032B75637D02D0227D022A1E
:10A8B00046D103F10F02D2B2012A01D9012B3AD1BC
:10A8C000764B774A196803944FF0010903A88DF875
:10A8D000149001F0C5FC70BB287685F81790687558
:10A8E000FFF768FE4046FFF77FFF6E4801F072FAFF
:10A8F0006D4801F0DBFA01A800F070FF208A00F03B
:10A9000041FFA08900F086FF384601F0EDFB624C64
:10A9100084F8560001F0ACFC666000200DE04FF0BA
:10A920000008E963890885F80E8085F8388085F885
:10A9300044302964ABE74FF0FF3007B0BDE8F08347
:10A94000EB7529766A75CBE72368002BF3D0A27CE0
:10A95000082AF0D8504DA16801A801F04BFE002351
:10A9600085F838302268EA63E27C85F84420A269E1
:10A97000AB732A646268D2002A820422AA74A27C81
:10A980002B75D200EA74A27D022A02D0237D022B0D
:10A990001CD1627D02F10F03DBB2012B01D9012A28
:10A9A000C9D13E4B3E4A196803944FF0010803A8F1
:10A9B0008DF8148001F054FC0028BCD1287685F86D
:10A9C00017806875FFF7F6FD00208CE7617DE9755B
:10A9D0002A766B75F6E7304D012185F8381022781C
:10A9E00085F85020637885F85130A37885F8523087
:10A9F000E3788B4202D0022B03D03BB985F8533069
:10AA000004E00B3A012A29D885F853104FF00108C9
:10AA100085F80E80A388AB83A379AB77E37985F8BB
:10AA20002030237A85F82130FFF7C4FD4046FFF738
:10AA3000DBFE1C4801F0CEF91B4801F037FA95F80F
:10AA40005130062B40F689000AD100F073FE00F069
:10AA5000FB0140F6890000F059FE55E70023CDE7E1
:10AA600000F068FE40F00401C9B2F2E72368013B40
:10AA7000B3F57A7FBFF45FAF0320FFF7B5FE06485A
:10AA8000022380F8383023688364162380F84C3022
:10AA9000383001F09FF937E7840F0020E00F0020E5
:10AAA0006C0F0020BC0F0020920F0020F0B51E4656
:10AAB00087B00023CDE90133144607460D4601F067
:10AAC000D2FB002C724C16BF0123002300266370BA
:10AAD00027B1012F7AD0002007B0F0BDAB68002B62
:10AAE00000F0D380EB68002B00F0CF80AA7F082A0B
:10AAF00000F2CB80296901A801F07CFD28680038AC
:10AB000018BF012000F0C6FF84F83870AB68E3631B
:10AB100095F8203084F84430686801F047FBA7734B
:10AB200084F84500EB68DB002382EB7FA374AB7FE6
:10AB3000DB00E37495F82130237595F82230002B63
:10AB40003ED12A7D95F82410A275022995F823207C
:10AB500001D0022B36D102F10F03DBB2012B02D957
:10AB6000012A40F0928000238DF81430494B4A4A64
:10AB70001968049503A801F073FB002840F0858054
:10AB800001232076E3756075FFF714FD0020FFF7C1
:10AB90002BFE424801F01EF9414801F087F901A857
:10ABA00000F01CFEA88B00F0EDFD288B00F032FEBB
:10ABB0004FF4FA53AA687343B3FBF2F3A3608AE736
:10ABC000FF22BFE7E27521766375DDE72B8E002B50
:10ABD0005BD095F83230A86A012B0CBF95F8337022
:10ABE000FF27003818BF012000F054FFF0B200F03A
:10ABF0005DFF012184F8381095F82C2084F850204E
:10AC000095F82D3084F8513095F82E3084F8523074
:10AC100095F82F308B4202D0022B03D03BB984F839
:10AC2000533004E00B3A012A27D884F853102B8EB6
:10AC3000A38395F83230A3770126AB8E2384A673C5
:10AC4000E777FFF7B7FC3046FFF7CEFD134801F07A
:10AC5000C1F8134801F02AF994F82130B34240F2C8
:10AC600036700CD100F066FD00F0FB0140F236704A
:10AC700000F04CFD4FF6FF73A0E70023CFE700F094
:10AC800059FD40F00401C9B2F0E74FF0FF3023E76F
:10AC9000840F0020E00F0020540F0020BC0F002084
:10ACA000920F00202DE9F04F85B082460E9DBDF831
:10ACB00040809DF844709DF84890019193461E464F
:10ACC00001F0D1FABAF1010F524C54D0BAF1040F8D
:10ACD00000F09180BAF1000F3AD10B22304684F88F
:10ACE000442084F838A0E56301F060FA4FEAC80315
:10ACF000B9F1000F238241F6040363820CBF0123E4
:10AD0000F223E37587F001070123237684F84500D9
:10AD1000C4F840B084F80EA084F814A06775FFF75B
:10AD200049FC5046FFF760FD04F1380001F052F88D
:10AD300004F10E0001F0BAF8374A1068516802AB0E
:10AD400003C302A800F04AFD40F2FF1000F01AFD14
:10AD5000019801F0C9F90E2184F8560040F61F1041
:10AD600000F0D4FC94F8560001F082FA169B636060
:10AD700005B0BDE8F08F294984F838A0EAB2895DB2
:10AD800084F8502076BB0B3D012D8CBF002501259A
:10AD9000053A012A04D8B8F10C0F38BF4FF00C085F
:10ADA0001F4B9DF83C201B7884F85350E377012516
:10ADB0009DF8543084F8511084F8522084F82130E2
:10ADC000A573A4F81C80A77784F82090FFF7F2FB06
:10ADD0002846FFF709FD134800F0FCFF124801F078
:10ADE00065F8B5E7012E04D1A5F10C035D425D4184
:10ADF000CEE70025CCE75046FFF7F6FC022384F8A7
:10AE0000383004F138001623A56484F84C3000F083
:10AE1000E1FF9DE7840F0020B0D80008D0E30008D0
:10AE200020000020BC0F0020920F00202DE9F04FE1
:10AE300087B0DFF8B4B29DF864A09DF84C900293FF
:10AE400014469DF854309DF85020BDF84880039278
:10AE500005468BF801A0BDF8446001930F4601F050
:10AE600002FABAF1000F18BF4FF00008DFF87CA219
:10AE7000039AB9F1000F08BFFF22012D8AF80020C4
:10AE800000F0C880052D48D0002D40F0C080284635
:10AE900000F000FE0B2238468BF844208BF8385027
:10AEA000CBF83C4001F082F9019B8BF8450041F65C
:10AEB0000402002BABF812209AF800208BF8162021
:10AEC0000CBF0122F2228BF81720F600012289F034
:10AED00001098BF818208BF80E50ABF810608BF836
:10AEE00014508BF81590FFF765FB2846FFF77CFCA4
:10AEF0000BF1380000F06EFF0BF10E0000F0D6FFF2
:10AF00007B490868496804AA03C204A800F066FCEB
:10AF100040F2FF1000F036FC71E0012000F0BAFDB5
:10AF200009224FF000098BF8442038464FF448724C
:10AF3000CBF840208BF83890CBF83C4001F036F944
:10AF40004FF48052ABF812209AF800208BF845009D
:10AF50008BF8162028460122F6008BF817208BF874
:10AF60000E90ABF81060ABF814908BF81890FFF7C8
:10AF70003BFC0BF1380000F02DFF0BF10E0000F050
:10AF800095FF5B498868C96804AA03C204A800F059
:10AF900025FC40F2FF1000F0F5FB40F6B80000F091
:10AFA000C9FB00F0EF0140F6B80000F0AFFB042150
:10AFB00040F6B90000F0AAFB40F69B0000F0BAFB97
:10AFC00000F0E30141F0080140F69B0000F09EFB19
:10AFD00040F2D16000F0AEFB40F01801C9B240F27F
:10AFE000D16000F093FB40F2AC6000F0A3FB00F0F6
:10AFF0008F0141F0500140F2AC6000F087FB4FF44C
:10B00000FA5202FB08F2B2FBF4F2CBF8082007B0C8
:10B01000BDE8F08F002000F03DFD36498BF8385038
:10B02000E2B2C95D8BF85020002F4DD10B3C012CB2
:10B030008CBF00240124053A012A02D80C2E38BF07
:10B040000C26029B9AF800208BF852308BF8534064
:10B05000019B8BF81F2001249DF860208BF8212094
:10B060008BF851108BF820308BF80E40ABF81C6039
:10B070008BF81E90FFF79EFA2046FFF7B5FB1E489F
:10B0800000F0A8FE1D4800F011FF5FFA88F000F004
:10B090000DFD40F6A30000F04DFB00EA040140F670
:10B0A000A30000F033FB9BF82120A24240F236704F
:10B0B00013D100F03FFB00F0FB0140F2367000F0CE
:10B0C00025FB4FF6FF72A0E7012F04D1A4F10C037A
:10B0D0005C425C41AFE70024ADE700F02BFB40F0A1
:10B0E0000401C9B2E9E700BF840F0020200000205E
:10B0F000B0D80008D0E30008BC0F0020920F002059
:10B10000F0B58BB00D46044617461E46FFF752FABF
:10B110000020FFF769FB204600F0AEFD002401236C
:10B12000CDE9084303234FF4167229462046CDE9A2
:10B130000644CDE90444CDE90244CDE90053234659
:10B14000FFF774FE2046FFF78DFAFFF745FAFAF78E
:10B1500019FA01F071FB0446204601F077FBB0427A
:10B1600005D30124FFF726FA20460BB0F0BD00F00E
:10B170001FFF8742F0DA0024F4E70000F7B5002350
:10B18000664D0C4640F201211A460646084600F07C
:10B190000DFD95F85600012100F090FF2B78012B52
:10B1A00040F6890013D195F85130062B0FD100F0ED
:10B1B000C1FA00F0FB0140F6890000F0A7FA2B78F5
:10B1C000042B6CD8DFE803F0524B527F090000F0EB
:10B1D000B1FA40F00401C9B2EDE7514A731E1046BE
:10B1E000C6F101074FF0000CF9188C426FDC002209
:10B1F000E7001346BA4271D19A0142EAC3125B01D9
:10B2000083F020031343661C0355F6B2022345481E
:10B21000AB73AE7600F04AFE0021F12000F076FA22
:10B220000021F02000F072FAAB6C642B70D1702119
:10B23000F32000F06BFA1D21F22000F067FAE10024
:10B240008C1CF420090A00F061FA04F0FE01F520DC
:10B2500000F05CFA32486FF07F4231461DE0EC7737
:10B26000304800F023FE0022214615E000F0FCFFEC
:10B270000128074625D121460DF10702304600F08E
:10B28000F8FF0446A0B99DF807302648AB7500F0DA
:10B290000DFE9DF807102246304600F059FB696804
:10B2A000214801F095FB204801F058FB002006E002
:10B2B0001E4B3A460021022001F096F8032003B00D
:10B2C000F0BDAC75CCE70223AB73AC76C8E713F8DE
:10B2D000011FC943197002F801CB85E7D1106FEA4D
:10B2E000020C715C0CF0070C013241FA0CF101F018
:10B2F00001014FEAE20C4B40D14310F80CE001F0A1
:10B30000070103FA01F141EA0E0100F80C1071E7A0
:10B31000E121F32000F0FAF904218DE7840F0020E9
:10B32000E40F0020920F00206C0F002040E3000883
:10B33000F0B5BDF814409DF818709DF81CE09DF81C
:10B34000205040B1012814D0012200239818013860
:10B35000B0FBF2F0F0BD87F00107E30003EBC70399
:10B3600018330EEB450503EBC5034FF47A714B43DD
:10B37000ECE7501F012803F1040302D80C2C38BF5E
:10B380000C24D1B9A2F10B0CBCF1010F8CBF4FF012
:10B39000000C4FF0010C2801002F00EBCE000CBF79
:10B3A00014250025A0EB8200062A4FEA82062844D5
:10B3B000A2F102070DD8354610E0012906D1A2F10D
:10B3C0000C00D0F1000C4CEB000CE4E74FF0000C4B
:10B3D000E1E70830BCF1000FEDD0BD000028ACBFA4
:10B3E0002E182E1C701E90FBF5F003FB0044094B39
:10B3F000062A5A5C8CBF0C340E340A2A09D8A300E2
:10B4000001334FF47A71BB404B43034951F822207A
:10B410009CE7FFDED0E30008A4E3000808B5094B71
:10B42000012193F8560000F049FE4FF4D7602D211A
:10B4300000F06CF900F029FBBDE80840024800F07C
:10B4400071BA00BF840F0020FFFF0F0073B59C4C42
:10B45000B4F854300025202B8DF80350019500F0EE
:10B460000A8114D8082B0DD87BB1013B072B0CD8CF
:10B47000DFE813F03D0052000B00BC000B000B0096
:10B480000B00EC00102B00F0EF8002B070BDB3F5A4
:10B49000807F00F08B8011D8402B00F0FF80802B44
:10B4A000F3D1284600F028FA864B1B68002BECD01D
:10B4B0009B69002BE9D028469847E6E7B3F5007F63
:10B4C000E3D1814B01222946022000F08DFF00F0DC
:10B4D00017F9042878D17D4801F0F2F9284600F0E8
:10B4E0000BFA784B1B68002BCFD05B6810E07748D5
:10B4F00001F0E6F9002000F0FFF900F0B7FE0128A6
:10B5000001D100F0BCFE6F4B1B68002BBDD01B6847
:10B51000002BBAD09847B8E76D4801F0D1F96578AB
:10B5200095B9284600F0E8F9294640F6021000F0E7
:10B53000EDF840F6441000F0FDF840F00201C9B209
:10B5400040F6441000F0E2F8FF220DF103016148DB
:10B550005C4D00F05DFD604800F074FD2B68002B31
:10B5600093D09E68002E90D094F82430012B08D1FF
:10B5700094F9313094F930209DF803105548B047C4
:10B5800083E7E06B01A900F025FE019B9DF8031005
:10B5900050484FF47A7203F5FA7393FBF2F32A687A
:10B5A0005BB2956894F92920A8476EE7284600F019
:10B5B000A3F9444B1B68002B3FF467AF9B69002B3A
:10B5C0003FF463AF012077E700F09AF805287FF495
:10B5D0005CAF3F4801F074F9284600F08DF9394B13
:10B5E0001B68002B3FF451AFDB6891E700213B4B18
:10B5F0000122022000F0F8FEA16D00293FF445AFC2
:10B60000C1F3074140F6031000F080F894F8591098
:10B6100040F6041000F07AF894F8581040F605103F
:10B6200000F074F840F6021000F084F840F00101D8
:10B63000C9B240F6021000F069F8002340F262211E
:10B640001A460846A36500F0B1FA1EE7244B012212
:10B650000021022000F0C8FE00F006FE01287FF461
:10B6600014AF00F00DFE10E71E4B01220021022056
:10B6700000F0BAFE09E7164801F022F9607808B92F
:10B6800000F03AF90F4B1B68002B3FF4FEAEDB686D
:10B69000002B3FF4FAAE9847134BE6E7134B012219
:10B6A0002946022000F0A0FE607808B900F024F9D5
:10B6B000044B1B68002B3FF4E8AE1B6928E700BF72
:10B6C000840F0020E00F002055E300086C0F0020DD
:10B6D000540F0020E40F0020A80F002069E30008A9
:10B6E00072E300087CE3000885E300088EE30008AD
:10B6F000024BA3F85400FFF7A9BE00BF840F00203F
:10B70000014B1878704700BFF210002013B58DF878
:10B710000710EFF3108472B6012301460DF1070202
:10B720000348FDF7F7FB84F3108802B010BD00BF9B
:10B73000EC0A002013B50146EFF3108472B6012322
:10B740000DF107020448FDF71EFC84F310889DF8F4
:10B75000070002B010BD00BFEC0A002010B504467F
:10B76000FBF72EF801280CD140F62310FFF7E2FF7B
:10B7700000F0F901214340F62310BDE81040FFF727
:10B78000C5BF10BD10B50C4B1B7804469BB94FF4D8
:10B79000D760FFF7CFFFC4F3002100F0FE000143A4
:10B7A0004FF4D760FFF7B2FFE1B240F2B960BDE8F5
:10B7B0001040FFF7ABBF10BDF110002010B51346CD
:10B7C000EFF3108472B60A4601460348FDF7A2FB68
:10B7D00084F3108810BD00BFEC0A002008B50146B4
:10B7E00008224FF4D860FFF7E9FF002008BD0000F1
:10B7F00007B5074B1B7840BAADF804002BB90222FD
:10B8000001A940F2BC60FFF7D9FF03B05DF804FB6B
:10B81000F110002007B5074B1B7840BAADF80400C3
:10B820002BB9022201A940F2BE60FFF7C7FF03B0A7
:10B830005DF804FBF110002010B51346EFF31084FF
:10B8400072B60A4601460348FDF79DFB84F3108853
:10B8500010BD00BFEC0A002010B51346EFF31084B2
:10B8600072B60A4601460348FDF781FC84F310884E
:10B8700010BD00BFEC0A00200A4601460020FFF779
:10B88000EBBF000010B51346EFF3108472B60A4602
:10B8900001460348FDF79EFC84F3108810BD00BFED
:10B8A000EC0A002010B51346EFF3108472B60A4676
:10B8B00001460348FDF7A2FB84F3108810BD00BFCA
:10B8C000EC0A002013B504460020FAF773FF0220AB
:10B8D000FFF744FF04F0070401220DF10701842063
:10B8E0008DF80740FFF7DEFF024B00221A7002B00E
:10B8F00010BD00BFF210002007B501228DF807002F
:10B900000DF107018020FFF7CDFF9DF80730002BD8
:10B91000034B14BF022201221A7003B05DF804FB2E
:10B92000F210002007B5094B8DF8060004221A70AA
:10B93000030C8DF804300322030A01A983208DF83B
:10B940000530FFF7AFFF03B05DF804FBF2100020F5
:10B9500010B51446FFF790FF2046BDE81040FFF7F2
:10B96000E1BF000007B5094B8DF8060005221A70EB
:10B97000030C8DF804300322030A01A982208DF8FC
:10B980000530FFF78FFF03B05DF804FBF2100020D5
:10B9900073B5002640F6E2000196FFF7CBFE00F0FB
:10B9A000FE01054640F6E200FFF7B0FE40F6E50076
:10B9B000FFF7C0FE00F07F01044640F6E500FFF708
:10B9C000A5FE6FF07F40FFF7CDFF04220DEB0201D3
:10B9D00040F61900FFF730FF3046FFF78DFF29468C
:10B9E00040F6E200FFF792FE214640F6E500FFF741
:10B9F0008DFE019802B070BD13B50C4B04460522B4
:10BA0000972140F6AC001A70FFF780FE230C8DF8EA
:10BA100004300322230A01A982208DF805308DF815
:10BA20000640FFF73FFF02B010BD00BFF21000203C
:10BA300007B5030C8DF80030030A8DF801300B0CAC
:10BA400049BA8DF80200ADF8041006226946942028
:10BA50008DF80330FFF726FF024B06221A7003B061
:10BA60005DF804FBF2100020002208B51146C52045
:10BA7000FFF718FF014B07221A7008BDF2100020D3
:10BA800000221146D120FFF70DBF00221146D2201F
:10BA9000FFF708BF07B501228DF807000DF1070178
:10BAA0009F20FFF7FFFE03B05DF804FB07B50122FE
:10BAB0008DF807000DF10701A020FFF7F3FE9DF8B8
:10BAC00007103F2907D901F0F8010131C9B240F24E
:10BAD0000670FFF71BFE03B05DF804FB07B5FAF72D
:10BAE0006FFE431E584258418DF8070001220DF1A8
:10BAF00007019620FFF7D6FE03B05DF804FB07B5FB
:10BB000000F07F008DF8070001220DF10701892068
:10BB1000FFF7C8FE03B05DF804FB0000154B984228
:10BB200007B51BD8144B98421BD8144B98421BD80E
:10BB3000134B98421BD8134B98428BBF6B22292280
:10BB40006F232B238DF8042001A9022298208DF861
:10BB50000530FFF7A7FE03B05DF804FBE122E923FF
:10BB6000F0E7D722DB23EDE7C122C523EAE7752200
:10BB70008123E7E700E9A43580F8A9328044E52D68
:10BB8000000B6B1B40FC541907B58DF806200422EE
:10BB90008DF804008DF8051095200DEB02018DF84D
:10BBA0000730FFF77FFE03B05DF804FB07B552BA1C
:10BBB000ADF8042040BA082249BAADF80000ADF84B
:10BBC00002105BBA69461046ADF80630FFF76AFE10
:10BBD00003B05DF804FB07B50B0C042200F007006E
:10BBE00049BA8DF80400ADF8061097200DEB02015C
:10BBF0008DF80530FFF756FE03B05DF804FB00003A
:10BC000010B508B1194B1860F9F73AFC0220FFF79C
:10BC1000A5FD0024164B20461C70FFF76DFEFAF7B9
:10BC2000CDFD012816D14021FFF7D5FF40F61110B8
:10BC30002146FFF76BFD4FF07F00FFF760FF0E21FD
:10BC400040F61F10FFF762FDFAF7B2FD094B012223
:10BC50001A7010BD202140F61110FFF757FD20216A
:10BC600040F61210FFF752FDE9E700BFE410002094
:10BC7000E8100020F210002037B50C4D2B78044658
:10BC80001BB9FFF74BFF01232B700023084A600606
:10BC9000E109F7F7FDFD042200BA01900DEB020166
:10BCA0008620FFF7FFFD03B030BD00BFE810002085
:10BCB0000048E80107B5094B8DF8070001461870E8
:10BCC00018B940F2AC60FFF721FD01220DF1070128
:10BCD0008A20FFF7E7FD03B05DF804FBF1100020B8
:10BCE000012873B50C46164637D10020FAF76AFDD5
:10BCF000A042B8BF44B20E2805461AD101231A4605
:10BD000000210420FFF740FF6FF010039C42B8BFF2
:10BD10001C46182140F6E700FFF7F8FC022201A9B3
:10BD20008E208DF804408DF80560FFF7BBFD02B052
:10BD300070BD01230A28E4B21A464FF0000105D174
:10BD40001846FFF721FF033464B2DDE70720C5F191
:10BD50000E05FFF719FF2C44F6E740F6D800FFF771
:10BD6000E9FC40F01E01C9B240F6D800FFF7CEFC56
:10BD70000120FAF727FDA042B8BF44B214280546B7
:10BD80004FF001034FF000020CD105210320FFF713
:10BD9000FBFE023464B26FF008039C42B8BF1C463D
:10BDA0003821B7E7112805D103210220FFF7ECFE67
:10BDB0000534EFE70E2804D102210846FFF7E4FE20
:10BDC000E9E7C5F11605072104202544FFF7DCFE4D
:10BDD0006CB2E0E713B5314A0446516810686B460F
:10BDE00003C32F4B20781B78834201D0FFF762FFFB
:10BDF0002378032B27D8DFE803F00239283C626858
:10BE0000284BB3FBF2F31A0CA1688DF800208DF8D3
:10BE100002301A0A237B8DF80330637B8DF80120F2
:10BE20008DF80430204A00234806C909F7F730FD91
:10BE3000030C40BA8DF80530ADF8060008226946BB
:10BE40008B20FFF72FFD02B010BD2269154BB3FB0D
:10BE5000F2F31A0C8DF800208DF802301A0A237DB7
:10BE60008DF801208DF803300422E8E7A3690093E0
:10BE7000FAE762680B4BB3FBF2F31A0C8DF8002063
:10BE80008DF802301A0A237B8DF80330637B8DF81E
:10BE900001208DF804300522D1E700BFC0D800088A
:10BEA000F11000200000093D0048E8011FB52E4AAE
:10BEB0000446D1689068127C01AB03C31A702B4B07
:10BEC00020781B78834201D0FFF7F4FE2378032B00
:10BED00026D8DFE803F002383302637AF12B21D150
:10BEE0004FF6FF70FFF784FC48F20500FFF792FC65
:10BEF00002236288A188ADF8061052BAE188ADF835
:10BF000004208DF80B30227AA37A8DF80A20ADF840
:10BF100008108DF80C30092201A98C20FFF7C2FC13
:10BF200004B010BDF22BE4D141F60F50FFF760FCD6
:10BF300041F22100FFF76EFC0623DAE7237B8DF840
:10BF400004300122E8E7E389094A5BBAADF804301E
:10BF5000237C13708DF80630637C8DF80730638A7C
:10BF6000ADF808300622D7E7C0D80008F11000204D
:10BF7000F010002007B502228DF804008DF805109E
:10BF80008F2001A9FFF78EFC03B05DF804FB0000D1
:10BF900010B51346EFF3108472B60A460146034803
:10BFA000FDF764F884F3108810BD00BFEC0A002090
:10BFB00007B5012201A91520FFF7EAFF9DF804004B
:10BFC0004042401003B05DF804FB000037B5054661
:10BFD0000C46022201A91320FFF7DAFF0A4B1B7857
:10BFE000012B0DD1094B1B78012B09D140F20270B6
:10BFF000FFF7A0FB9DF805302870237003B030BD1B
:10C000009DF80400F6E700BFF1100020F0100020BA
:10C01000F7B50D46064600240DF1070128461746E0
:10C020008DF80740FFF7D2FF2A78BA4207D89DF86B
:10C0300007003146FFF726FC204603B0F0BD012083
:10C04000FBE7000013B50322044601A91420FFF703
:10C050009FFF184B1A7822704AB1012A17D0142278
:10C060000021204600F0D0FA0F2323700DE09DF848
:10C07000043023719DF80530A2605B425B10A37110
:10C080009DF806305B425B10637102B010BD9DF8F5
:10C0900004305B425B1023739DF9053002339B1023
:10C0A00063739DF806305B425B10A373024B1B6801
:10C0B0002361EAE7F1100020EC100020012908B507
:10C0C000034608460ED1012B07D10420FFF746FB9B
:10C0D0000220BDE80840FAF76DBB022B14BF0846EA
:10C0E0000320F6E70120F4E738B50446FAF764FBCD
:10C0F00050B102280CBF0225012528460222214604
:10C10000FFF7EEFD284638BD102CB4BF01250225EF
:10C11000F3E7012070470000014B01201B6818471E
:10C12000E4100020014B02201B681847E410002097
:10C13000014B40201B681847E410002011B1012971
:10C1400004D07047044B1B6880201847024B4FF403
:10C1500080701B68F9E700BFE4100020024B4FF429
:10C1600000701B68184700BFE4100020014B20201E
:10C170001B681847E4100020014B04201B68184777
:10C18000E4100020014B08201B681847E410002031
:10C19000014B10201B681847E4100020024B4FF49D
:10C1A00080401B68184700BFE410002010B568B13C
:10C1B000074A002352F83340844202EBC30101D9FD
:10C1C000087910BD0133162BF4D1FEE71F20F8E7E4
:10C1D00060E4000873B51D4B0193044640F6070068
:10C1E0000D46FFF7A7FAC0F3C10308336B4413F8F9
:10C1F000042C00F00703013302FA03F3144AB2FBE4
:10C20000F3F2B2FBF4F007281ED84000042834BF34
:10C21000042302234FF4D66002FB03F4FFF78AFAEB
:10C22000060240F2B160FFF785FA06F4706630430B
:10C23000030544BF6FEA00506FEA1050630943439F
:10C24000DB112B6002B070BD0123E3E704080A0C88
:10C250000048E8014FF0FF3070474FF0FF30704763
:10C260004FF0FF3070477047002070470020704744
:10C2700070474FF0FF3070474FF0FF307047704706
:10C280007047704770B5EFF3108672B6144B5C8A36
:10C290001A8A944213D1C4F5007292B2904206D326
:10C2A000844218D901229A7000221C805A825A8A2C
:10C2B0000A800244C2F308025A8200200DE006D927
:10C2C000C4F50075ADB28542F1D88242E9E7121B90
:10C2D00092B28242EBD84FF0FF3086F3108870BDE7
:10C2E000F4130020EFF3108172B6034AD38A0133AE
:10C2F000D38281F310887047F4130020EFF310818C
:10C3000072B6034AD38A013BD38281F31088704707
:10C31000F413002010B508481822002100F074F929
:10C3200006484FF40072002100F06EF9044B0548F6
:10C330001B68BDE810401847F4130020F3110020DB
:10C3400094DE0008B1C40008014B5860704700BF7C
:10C35000F4130020014B1872704700BFF413002043
:10C3600073B5EFF3108572B61C4CE08A00282FD10C
:10C37000FFF7B8FF218A628A914227D0A378012B68
:10C3800012D1238820805B1A9BB20221A382A17064
:10C3900063B9A3702382238A9A428BBFD21AC3F552
:10C3A0000073A282A38201E0002BF4D0268A0C4BFA
:10C3B0001E4485F31088F9F7D5F80A4BA18ADB688B
:10C3C0000193304602B0BDE870401847FFF796FF72
:10C3D00085F31088002002B070BD00BFF413002068
:10C3E000F311002094DE000808B4F0B586B00023F5
:10C3F000ADF800302B4B0B9C1D7A85424CD3D8688E
:10C4000081434CD15B681BB112B1694602A89847C1
:10C410000CAB22464FF480712348019300F034FBAB
:10C42000FFF760FFBDF8003018440DF1020180B243
:10C43000FFF728FF01302AD00023BDF80020BDF807
:10C4400002601A480DF1080C1F4699B216FA83F5DE
:10C450008A42ADB215D817B13244ADF80220BDF80A
:10C460000250019B22464FF48071284400F00CFBDF
:10C47000FFF744FFFFF774FF06B0BDE8F04001B0DE
:10C4800070471CF8011B415501330127DDE7FFF719
:10C4900035FF6FF00200EFE76FF00400ECE76FF09C
:10C4A0000500E9E7F4130020F3100020F311002049
:10C4B00013B5EFF3108472B6204B9A78588A022A8B
:10C4C0001DBF1A8A998A5218002214BFC2F30802AB
:10C4D0009A7090421A8228D0D98A012925D1997858
:10C4E000012913D119888A1A022192B29970002168
:10C4F0009A82198062B99A701A821A8A90428BBF06
:10C50000801AC2F5007298829A8201E00029F4D064
:10C51000188A0B4A104484F310880A4A998AD3680F
:10C52000019302B0BDE81040184784F31088F9F772
:10C530001DF802B0BDE81040FFF7E0BEF413002084
:10C54000F311002094DE0008024A00231360024A1F
:10C5500013607047101400200C14002010B5EFF386
:10C56000108472B641B1012903D1064A136803430E
:10C57000136084F3108810BD024A136823EA000395
:10C58000F6E700BF1014002010B5EFF3108472B668
:10C5900041B1012903D1064A13680343136084F3B0
:10C5A000108810BD024A136823EA0003F6E700BFB3
:10C5B0000C14002038B5EFF3108572B60A4B0B4C03
:10C5C0001B6833B1236898476368984785F31088E0
:10C5D00038BD074B1B681BB1A3689847E368F4E7B5
:10C5E000236998476369F0E71014002030DE0008E3
:10C5F0000C14002001380A44914200D1704711F810
:10C60000013B00F8013FF7E700F0AEBC10B5EFF3D7
:10C61000108472B6064A136803431360054A52F841
:10C620003130034342F8313084F3108810BD00BF2D
:10C630002C1400201414002070477047B0F5803F80
:10C640003ABF000410230023B0F1807F3EBF0833BF
:10C650000002DBB2B0F1805F38BF00014FEA10701A
:10C66000054A38BF0433125C38BFDBB2C3F11F0385
:10C67000981AC0B2704700BF10E500082DE9F84FC6
:10C68000384D394ED5F80080DFF8E0B0DFF8E0A093
:10C69000DFF8E090D6F800C0374FDBF80010374CD9
:10C6A000DAF80020D9F8003008EA0000286028688D
:10C6B00000EA020E1EEA0C0F01D019421ED04FF004
:10C6C000FF333B60FFF7B8FFEFF3108472B63368B7
:10C6D000DBF80020DAF800100B4029680B4205D186
:10C6E000D9F80030134201D1F8F73AFF84F31088EB
:10C6F000FFF7A3FFC5F80080BDE8F88F2368236823
:10C700000340134062681A4204BF4FF0FF32626078
:10C7100060681840FFF792FF62683860012303FAEF
:10C7200000F022EA00026260EFF3108172B63A680C
:10C730009340326822EA03023260226822EA03034D
:10C74000236081F310880E4A3B6852F823309847E3
:10C75000D6F800C0DBF80010DAF80020D9F8003075
:10C76000A5E700BF240000202C140020281400207E
:10C77000280000202414002020140020141400207D
:10C780001C14002010B51146EFF3108472B6FFF7A9
:10C7900055FF034B43F8201084F3108810BD00BFF1
:10C7A0001C14002073B5114E002305460093ADF80C
:10C7B000043001A833699847F3680090984773687C
:10C7C00004469847009B1844BDF8043023449AB2AD
:10C7D0001BB2B3F57A7FA2BF0130A2F57A731BB208
:10C7E00028602846AB8002B070BD00BF54DE000850
:10C7F000024B00221A60024B1B68184730140020BD
:10C8000068DE0008F8B50446174608461E467CB1A7
:10C8100073B1084B00255B6A25609847069B6060F2
:10C820002581A572E6602361E77265612846F8BD3F
:10C830000120FCE768DE000810B5034CE369984767
:10C84000A36ABDE81040184768DE000870B5064DC1
:10C85000EB69064698476B6A044630469847AB6AD0
:10C86000201ABDE87040184768DE0008054B1B68B9
:10C870000BB918467047834201D05B69F8E7012085
:10C88000704700BF301400202DE9F3410B4E336A8E
:10C89000044698470123B7692372D4F800800546FF
:10C8A000B8472844804502D2B84728442060B3687E
:10C8B0002068019302B0BDE8F041184768DE000827
:10C8C00070B520B3EFF3108672B6124D2B680122BB
:10C8D000827253B10022427298425C690ED1027298
:10C8E0003CB120462C60FFF7CFFF86F31088002074
:10C8F00070BD094BDB6898472C60F6E71A465B6908
:10C90000002BF2D09842F9D143695361EDE7012041
:10C91000EEE700BF3014002068DE0008084B10B5B9
:10C920001A685369516911B95061416110BD0468B9
:10C9300019688C4202D91A465B69F3E71946F3E796
:10C9400030140020044A13680BB1002119724361AE
:10C950001060FFF799BF00BF301400202DE9F041AF
:10C96000044600282DD0FFF781FF50BB657A45BBF8
:10C97000EFF3108872B6144E6768336A984787429F
:10C980002CBF27602060114FA5724FF48073238164
:10C990003B684BB9336998472046FFF7D3FF88F3CC
:10C9A00010882846BDE8F081B36998472368184489
:10C9B0003B6820601B6898422046EED3FFF7AEFF2D
:10C9C000EDE70125EDE700BF68DE00083014002028
:10C9D00010B5044608467CB1084B5B6A9847606016
:10C9E0002046FFF743FF40B12046FFF769FF20468E
:10C9F000BDE81040FFF7B2BF012010BD68DE00089F
:10CA00002DE9F041EFF3108772B61D4E1D4D73698D
:10CA100098473369044698472B684BB94FF0000894
:10CA20002B688BB9286828BB87F31088BDE8F08194
:10CA3000011B241A1A688A428CBF121900221A603C
:10CA40005B69002BF6D1E9E71C681CB1B369984714
:10CA50008442E7D22C6863692B60A4F80880D4E98B
:10CA6000033098476389B3F5807FD9D12046FFF71B
:10CA700075FFD5E7037A002BD6D1FFF705FFD3E783
:10CA800068DE0008301400202DE9F04F002997B02F
:10CA900081461E4640F3118104464F1E1378A4EBD5
:10CAA000090023B90023237017B0BDE8F08FB84206
:10CAB000F8DA252B05D004F8013B904608F1010275
:10CAC000ECE792F801E0AEF1300102F10108AEF1BD
:10CAD00030034A424A41092B2BD8414600250A20FF
:10CAE000884611F8013BA3F1300CBCF1090F1BD9AA
:10CAF00098F80030692B00F09E801DD8632B29D058
:10CB0000642B00F09880582B5AD0252B1AD198F816
:10CB10000030002B00F0938004F8013BA4EB0903E4
:10CB2000BB4280F28A80C9E700FB0533A3F13005E0
:10CB3000D6E74FF0FF35DBE7752B7ED0782B41D061
:10CB4000732B1CD0252304F8013BA4EB0903BB4243
:10CB500073DADCE7002D05F1FF3AD8BF4FF0000A89
:10CB600052462046202100F0FFF9A244002D56F83D
:10CB7000043B8AF80030D8BF01252C449EE7504B77
:10CB800056F804BBBBF1000F08BF9B465846F6F7AA
:10CB9000F7FA2A1A8542B8BF002282462021204691
:10CBA000019200F0E1F9019A00232244534502DB8F
:10CBB00002EB0A0482E71BF80310D1540133F5E7B6
:10CBC00042F040021021DFF8FCB0DFF8FCA056F87C
:10CBD00004CB12F0400F18BFDA46BEF1300FCDF88B
:10CBE00008A0A4EB09030CBF4FF0300A4FF0200A55
:10CBF0009207A7EB03036046CDF80CA022D50028CE
:10CC000020DA4042013D4FF02D0C05AA019200228E
:10CC10008246B0FBF1F001FB10AB029810F80BB0AC
:10CC2000019800F801BB5145019002F10102BAFBE5
:10CC3000F1F0EDD910E042F002020A21C3E708F159
:10CC4000FF386BE7BCF1000F02D04FF0000CDCE7BF
:10CC500030228DF814200122BEF1300FA5EB020521
:10CC600004D02020002D05F1FF350ADCBCF1000FB7
:10CC700005D02D21013B04F8011B3FF41FAF2544D3
:10CC80000AE0013B04F8010BECD117E7039904F823
:10CC9000011B013B3FF412AF291B0029F6DC05A95B
:10CCA000114423442244A2423FF408AF11F8010D7D
:10CCB00004F8010B9C42F6D100E70020F4E600BF27
:10CCC00020E500084CE5000827E500080A220021BD
:10CCD00000F07AB8242B2DE9F0478646904601D81B
:10CCE000012B06D100F06CF9162303600020BDE88B
:10CCF000F08734480D462A4615F8014B065D16F0BC
:10CD00000806F8D12D2C2DD12C780126951C33F056
:10CD1000100209D1302C2AD12A7802F0DF02582AD9
:10CD200025D16C781023023506F1004C0CF1FF3C44
:10CD30000022BCFBF3F9104603FB19CAA4F130072B
:10CD4000092F1BD83C46A34227DD571C07D081453D
:10CD500020D301D1A2451DDB00FB0340012215F8C1
:10CD6000014BEBE72B2C04BF2C78951CCFE7002B55
:10CD7000DAD1302C0CBF08230A23D5E7A4F14107F0
:10CD8000192F01D8373CDEE7A4F16107192F04D829
:10CD9000573CD8E74FF0FF32E1E7531C08D122237C
:10CDA000CEF800306046B8F1000FA0D0691E06E052
:10CDB00006B14042B8F1000F99D0002AF6D1C8F868
:10CDC000001094E772E5000813460A46014602483F
:10CDD0000068FFF77FBF00BF2C0000202DE9F04363
:10CDE000344E86460D46284615F8014B375D17F040
:10CDF0000807F8D12D2C2FD12C780127851C33F072
:10CE0000100009D1302C2CD1287800F0DF005828F0
:10CE100027D16C78102302354FF0FF380026B8FB7D
:10CE2000F3F803FB08F96FEA09093046A4F1300C66
:10CE3000BCF1090F1CD86446A3422ADDB6F1FF3FBE
:10CE400007D0804522D301D1A1451FDB00FB034061
:10CE5000012615F8014BE9E72B2C04BF2C78851C23
:10CE6000CDE7002BD8D1302C0CBF08230A23D3E701
:10CE7000A4F1410CBCF1190F01D8373CDCE7A4F157
:10CE8000610CBCF1190F04D8573CD5E74FF0FF36C1
:10CE9000DFE7731C06D12223CEF80030304632B9CA
:10CEA000BDE8F08307B14042002AF9D006B1691EFF
:10CEB0001160F5E772E5000813460A46014602488C
:10CEC0000068FFF78BBF00BF2C0000200CB430B50A
:10CED000174B0C1E1D689DB008DA8B232B604FF09A
:10CEE000FF301DB0BDE8304002B070474FF4027310
:10CEF000ADF8143014BF04F1FF33234604930793B5
:10CF00004FF6FF7302900690ADF81630209A21ABD1
:10CF100002A92846019300F0E9F9431CBCBF8B230A
:10CF20002B60002CDDD0029B00221A70D9E700BFD5
:10CF30002C000020884210B501EB020402D9844283
:10CF4000234607D8431EA14208D011F8012B03F84D
:10CF5000012FF8E7024401468A4200D110BD13F8C0
:10CF6000014D02F8014DF7E702440346934200D118
:10CF7000704703F8011BF9E7C9B20346184613F8D6
:10CF8000012B12B18A42F9D17047002918BF002045
:10CF900070470A7870B56AB970BD9A4209D10C46DB
:10CFA000054614F8013F002BF6D015F8016F9E429C
:10CFB000F7D001300378002BEFD11846ECE70000E2
:10CFC000014B1868704700BF2C00002070B50D4D54
:10CFD0000D4C641BA4100026A64209D10B4D0C4C2D
:10CFE00000F054FC641BA4100026A64205D170BDBD
:10CFF00055F8043B98470136EEE755F8043B98474F
:10D000000136F2E7B0E60008B0E60008B0E6000836
:10D01000B4E6000870477047034611F8012B03F887
:10D02000012B002AF9D170470A44914200F1FF33E5
:10D0300000D1704710B511F8014B03F8014F914230
:10D04000F9D110BD38B50546002941D051F8043C4E
:10D050000C1F002BB8BFE41800F0E0F81D4A13685D
:10D0600033B9636014602846BDE8384000F0DCB88E
:10D07000A34208D9206821188B4201BF19685B6858
:10D0800009182160EDE71A465B680BB1A342FAD993
:10D0900011685018A0420BD12068014450188342F7
:10D0A0001160E0D118685B68536008441060DAE7EB
:10D0B00002D90C232B60D6E7206821188B4204BFCD
:10D0C00019685B68636004BF091821605460CAE78F
:10D0D00038BD00BF7815002070B50F4E0C46316882
:10D0E000054611B900F08CFB30602146284600F05F
:10D0F00087FB431C03D14FF0FF34204670BDC41C96
:10D1000024F00304A042F8D0211A284600F078FB4E
:10D110000130F2D1EFE700BF741500202DE9F8438C
:10D12000CD1C25F0030508350C2D38BF0C25002D2E
:10D13000064601DBA94204D90C2333600020BDE878
:10D14000F883DFF8D48000F069F8D8F800301C4686
:10D1500044BB29463046FFF7BFFF431C044658D165
:10D16000D8F800402746002F43D1002C4BD023682D
:10D170003946304604EB030900F042FB814542D1B9
:10D1800021686D1A29463046FFF7A6FF01303AD0D4
:10D1900023682B442360D8F800305A6862BBC8F873
:10D1A00000700FE02268521B20D40B2A17D9611996
:10D1B000A342256018BF5960636808BFC8F8001013
:10D1C00062514B60304600F02FF804F10B00231D34
:10D1D00020F00700C21A1CBF1B1AA350AFE76268F9
:10D1E000A3420CBFC8F800205A60EBE723466468EE
:10D1F000AEE73C467F68B6E71A465B68A342FBD1C0
:10D2000000235360DEE70C233360304600F00CF857
:10D2100094E70560D6E700BF781500200148FFF7C6
:10D22000F9BE00BF701500200148FFF7F4BE00BF33
:10D23000701500202DE9F0478E681F46BE420B682E
:10D2400082460C4690462DD8B1F90C2012F4906F0E
:10D2500026D06569096905EB4505A3EB010905EBD6
:10D26000D5757B1C4B446D109D4238BF1D46530540
:10D2700027D52946FFF752FF064660B321694A4683
:10D28000FFF7D2FEA38923F4906343F08003A381C8
:10D29000266165614E44A5EB09052660A5603E4602
:10D2A000BE4200D93E46206832464146FFF742FE64
:10D2B000A3689B1BA3602368334423600020BDE860
:10D2C000F0872A4600F0ACFA06460028E0D1216932
:10D2D0005046FFF7B7FE0C23CAF80030A38943F08D
:10D2E0004003A3814FF0FF30E9E700002DE9F04F44
:10D2F00098468B891B069DB007460D46144610D5EF
:10D300000B6973B94021FFF709FF2860286130B924
:10D310000C233B604FF0FF301DB0BDE8F08F402381
:10D320006B610023099320238DF82930CDF80C8000
:10D330003023DFF89C818DF82A304FF00109234615
:10D340009A4613F8012B0AB1252AF9D1BAEB040B3E
:10D350000BD05B46224629463846FFF76BFF01306B
:10D3600000F0A780099A5A4409929AF80030002BDD
:10D3700000F09F8000234FF0FF32CDE905230AF132
:10D38000010A049307938DF853301A9354460522EB
:10D3900014F8011B4E48F5F7FBFE049AD8B9D006E5
:10D3A00044BF20238DF85330110744BF2B238DF841
:10D3B00053309AF800302A2B15D0079A5446002093
:10D3C0004FF00A0C214611F8013B303B092B4BD999
:10D3D000B0B1079214E0A0EB080309FA03F313437A
:10D3E0000493A246D2E7039B191D1B680391002BEF
:10D3F000BBBF5B4242F0020207930793B8BF04929F
:10D4000023782E2B0AD163782A2B32D1039B1A1D45
:10D410001B68039243EAE37302340593DFF8B4A078
:10D42000217803225046F5F7B3FE38B1049BA0EBF8
:10D430000A004022824013430134049314F8011B74
:10D4400025488DF828100622F5F7A2FE002836D0D0
:10D45000224B1BBB039B073323F0070308330393C3
:10D46000099B334409936AE70CFB02320C46012006
:10D47000A8E700230134059319464FF00A0C204613
:10D4800010F8012B303A092A03D9002BC6D0059198
:10D49000C4E70CFB012104460123F0E703AB009332
:10D4A0002A460F4B04A93846AFF30080421C0646BB
:10D4B000D6D1AB895B063FF52DAF09982CE703ABBE
:10D4C00000932A46064B04A9384600F079F8EDE7A8
:10D4D00072E6000878E600087CE60008000000001C
:10D4E00035D200082DE9F047164698468A680B6940
:10D4F000DDF820909342B8BF1346336091F8432083
:10D5000007460C460AB1013333602368990642BFCF
:10D51000336802333360256815F0060506D104F13F
:10D52000190AE36832689B1AAB4226DC94F8433050
:10D530002268003B18BF012392062BD404F143025A
:10D5400041463846C84701301ED02368226903F09F
:10D550000603042B02BFE5683368ED1AA3680CBF0D
:10D5600025EAE57500259342C4BF9B1AED180026F5
:10D570001A34B5421AD1002008E001235246414630
:10D580003846C847013003D14FF0FF30BDE8F0877F
:10D590000135C6E7E1185A1C302081F843002244C7
:10D5A00094F8451082F843100233C7E7012322465E
:10D5B00041463846C8470130E6D00136D9E7000079
:10D5C0002DE9FF470F7E0C9E782F914680460C4632
:10D5D0009A4601F1430207D8622F0AD8002F00F0C3
:10D5E000D280582F00F0B98004F1420684F84270CE
:10D5F0003AE0A7F16303152BF6D801A151F823F007
:10D6000059D600086DD60008E9D50008E9D500080C
:10D61000E9D50008E9D500086DD60008E9D500086D
:10D62000E9D50008E9D50008E9D500086DD700085C
:10D6300097D6000827D70008E9D50008E9D50008E3
:10D640008FD70008E9D5000897D60008E9D500086B
:10D65000E9D500082FD7000833681A1D1B6832600F
:10D6600004F1420684F8423001239DE033682068CB
:10D67000191D3160060601D51D6803E04506FBD57E
:10D68000B3F90050002D03DA2D236D4284F84330A6
:10D6900059480A2311E021683368080653F8045BEF
:10D6A00002D4490648BFADB26F2F5348336014BF50
:10D6B0000A230823002184F843106668A660002E20
:10D6C000A2BF216821F0040121600DB9002E4BD0CA
:10D6D0001646B5FBF3F103FB1157C75D06F8017D54
:10D6E0002F46BB420D46F4D9082B0BD12368DF0728
:10D6F00008D5236961689942DEBF302306F8013CF2
:10D7000006F1FF36921B2261CDF800A04B4603AA1A
:10D7100021464046FFF7E6FE01304AD14FF0FF3088
:10D7200004B0BDE8F087236843F02003236033484A
:10D73000782784F84570236831681F0651F8045B28
:10D7400002D45F0648BFADB23160D90744BF43F091
:10D75000200323601DB11023ACE72748E9E72368C5
:10D7600023F020032360F6E71646BDE733682568FB
:10D770006169181D30602E061B6801D5196002E032
:10D780006806FBD51980002323611646BCE7336881
:10D790001A1D32601E68626800213046F5F7F8FCF9
:10D7A00008B1801B606063682361002384F8433004
:10D7B000AAE72369324649464046D0470130ADD0FA
:10D7C00023689B0713D4E068039B9842B8BF1846B0
:10D7D000A6E70123324649464046D04701309DD056
:10D7E0000135E36803995B1AAB42F2DCEBE70025F5
:10D7F00004F11906F5E700BF83E6000894E6000887
:10D8000038B5064D0023044608462B60F7F7CAFEDC
:10D81000431C02D12B6803B1236038BD6C15002076
:10D820002DE9F041804615460C4621B9BDE8F0418E
:10D830001146FFF773BC2AB9FFF704FC0024204609
:10D84000BDE8F08100F01AF88542064602D8B5EB33
:10D85000500FF4D829464046FFF760FC07460028E1
:10D86000ECD0B5422A46214628BF3246FFF7DCFB02
:10D8700021464046FFF7E6FB3C46E0E751F8043C12
:10D88000181F002BBCBF0B58C0187047F8B500BF5D
:10D89000F8BC08BC9E467047F8B500BFF8BC08BC91
:04D8A0009E467047E9
:10D8A400000000000100000002000000C194C1005B
:10D8B40000000000B227000000000000000000008B
:10D8C400000000000000000000000000004572722B
:10D8D4006F720041542B4F54413D0041542B444539
:10D8E40056494E464F00444556494E464F3D4C4FCF
:10D8F40052412C4E4F44452C4D532D4D42532D54E3
:10D90400482D58312C56312E312E302C56322E3093
:10D914002E302C25642C25642C25640A005458547C
:10D92400494D453D25640A0041542B444556444124
:10D9340054410041542B55500055503D53656E647D
:10D94400696E670A0041542B4552415345004552C4
:10D954004153453D4F4B0A0045524153453D4572A5
:10D96400726F720A0041542B52455345540052457C
:10D974005345543D4F4B0A0041542B545854494D80
:10D98400453D00545854494D453D4572726F720AE5
:10D994000041542B545854494D450041542B43489D
:10D9A4003D0043483D25640A0043483D4572726F7B
:10D9B400720A0041542B43480041542B454E434BBB
:10D9C40045593D00454E434B45593D25640A0045A4
:10D9D4004E434B45593D4572726F720A0041542BB8
:10D9E400454E434B45590041542B42414E443D0062
:10D9F40042414E443D4572726F720A0042414E44A8
:10DA04003D25640A0041542B42414E440042414E9C
:10DA1400443D41533932330A0042414E443D41555D
:10DA24003931350A0042414E443D45553836380AAD
:10DA34000042414E443D494E3836350A0042414E7B
:10DA4400443D55533931350A0041542B434C41531D
:10DA5400533D00434C4153533D25630A0041542B2D
:10DA6400434C4153530041542B4D5347494E464F69
:10DA74003D004D5347494E464F3D25642C25642CAB
:10DA840025640A0041542B4D5347494E464F0041EB
:10DA9400542B53463D0053463D25640A0041542B04
:10DAA40053460041542B534C5649443D00534C5665
:10DAB40049443D4572726F720A00534C5649443DC5
:10DAC40025640A0041542B534C5649440041542BBD
:10DAD400505752454E423D00505752454E423D2507
:10DAE400642C25640A0041542B505752454E420081
:10DAF40041542B4C52530042414E443D25730A007D
:10DB040041540041533932330041553931350045D0
:10DB14005538363800494E38363500555339313585
:10DB24000000000007DB00080DDB000813DB000821
:10DB340019DB00081FDB00084261747465727920E8
:10DB4400496E6974202D3E2052656D61696E696E5F
:10DB5400673A2025642E25303264206D4168207C8C
:10DB64002025642E253032642025250A0000C0C1FA
:10DB740001C30302C2C60607C705C5C404CC0C0D05
:10DB8400CD0FCFCE0E0ACACB0BC90908C8D81819B5
:10DB9400D91BDBDA1A1EDEDF1FDD1D1CDC14D4D515
:10DBA40015D71716D6D21213D311D1D010F03031A5
:10DBB400F133F3F23236F6F737F53534F43CFCFD45
:10DBC4003DFF3F3EFEFA3A3BFB39F9F83828E8E9D5
:10DBD40029EB2B2AEAEE2E2FEF2DEDEC2CE4242555
:10DBE400E527E7E62622E2E323E12120E0A06061C5
:10DBF400A163A3A26266A6A767A56564A46CACAD85
:10DC04006DAF6F6EAEAA6A6BAB69A9A86878B8B934
:10DC140079BB7B7ABABE7E7FBF7DBDBC7CB4747594
:10DC2400B577B7B67672B2B373B17170B0509091E4
:10DC3400519353529296565797559594549C5C5DC4
:10DC44009D5F9F9E5E5A9A9B5B9959589888484954
:10DC5400894B8B8A4A4E8E8F4F8D4D4C8C448485D4
:10DC64004587474686824243834181804000C18183
:10DC74004001C0804101C0804100C1814001C08099
:10DC84004100C1814000C1814001C0804101C08088
:10DC94004100C1814000C1814001C0804100C18177
:10DCA4004001C0804101C0804100C1814001C08069
:10DCB4004100C1814000C1814001C0804100C18157
:10DCC4004001C0804101C0804100C1814000C18148
:10DCD4004001C0804101C0804100C1814001C08039
:10DCE4004100C1814000C1814001C0804101C08028
:10DCF4004100C1814000C1814001C0804100C18117
:10DD04004001C0804101C0804100C1814000C18107
:10DD14004001C0804101C0804100C1814001C080F8
:10DD24004100C1814000C1814001C0804100C181E6
:10DD34004001C0804101C0804100C1814001C080D8
:10DD44004100C1814000C1814001C0804101C080C7
:10DD54004100C1814000C1814001C0804100C181B6
:10DD64004001C0804101C0804100C181402B4F541B
:10DD7400413A4641494C2C53594E5441580D0A00DE
:10DD84002B4F54413A4641494C2C53495A450D0AAC
:10DD9400002B4F54413A4641494C2C45524153457E
:10DDA4000D0A002B4F54413A52454144590D0A0083
:10DDB4002B4F54413A4641494C2C54494D454F55FB
:10DDC400540D0A002B4F54413A4641494C2C5752AA
:10DDD4004954450D0A002B4F54413A41434B2C25DD
:10DDE400750D0A0041542B4F544141424F52540087
:10DDF4002B4F54413A41424F525445440D0A002B93
:10DE04004F54413A4641494C2C4352430D0A002B8E
:10DE14004F54413A4641494C2C4D4554410D0A005A
:10DE24002B4F54413A4F4B0D0A0000001354000885
:10DE340001540008E553000805540008E3530008A2
:10DE440025540008256473253033643A000000002B
:10DE540089560008295700089956000835570008C4
:10DE6400F95600084157000800000000A9560008B0
:10DE7400615600082D560008E55500083D56000877
:10DE840051560008F1550008F555000809560008D8
:10DE9400A9590008D15900085559000841590008EA
:10DEA400545820504C41494E282564293A200025D5
:10DEB40030325820005458204149522020282564EB
:10DEC400293A200053656E64696E67206461746149
:10DED400207374617274203A200053485434302003
:10DEE40072656164206661696C6564202848414CF0
:10DEF4003D2564290A0D004F6E547854696D656F91
:10DF040075740A0D004F6E52784572726F720A0D65
:10DF14000055503D4641494C0A004F6E52785469B1
:10DF24006D656F75740A0D002D0041542B444556E0
:10DF3400444154413D7B2254656D70657261747532
:10DF44007265223A224572726F72222C2248756DD4
:10DF54006964697479223A224572726F72227D0A69
:10DF64000041542B444556444154413D7B22546561
:10DF74006D7065726174757265223A222573256429
:10DF84002E253032645C753030423043222C2248D6
:10DF9400756D6964697479223A2225642E253032BC
:10DFA400642525227D0A005458494E5420202020FF
:10DFB40020203A2025642053656320286170706C0A
:10DFC400696564290A0D0055503D52657472792CB7
:10DFD40025640A0025730055505355434345535354
:10DFE4003D253034642C25642C25642C25642C2593
:10DFF400642C25640A004F6E5278446F6E650A0DD6
:10E00400005273736956616C75653D2564206442E2
:10E014006D2C20536E7256616C75653D25646442A7
:10E024000A0D007061796C6F61642E2073697A65E2
:10E034003D2564200A0D0052656369766564204DB0
:10E04400657373616765203A20002563004261743B
:10E05400746572793A2025642E25303264206D412E
:10E0640068207C2025642E253032642025250A0072
:10E074004D414320494420202020203A202530329D
:10E08400583A253032583A253032583A25303258E9
:10E094003A253032583A253032583A253032583AF7
:10E0A400253032580A0D004F4E2028757020746FA9
:10E0B400203320617474656D70747329004F464673
:10E0C40000434F4E4649524D454420203A20257383
:10E0D4000A0D000A534C564944313D25640A000A8E
:10E0E4000D4D616353796E632D53485434300A0DDA
:10E0F400004150504C49434154494F4E5F5645529C
:10E1040053494F4E3A205625582E25582E25580D42
:10E114000A004D575F524144494F5F564552534997
:10E124004F4E3A202020205625582E25582E25586B
:10E134000D0A002D2D2D2D2D2D2D2D2D2D2D2D2D7B
:10E144002D2D0A0D004C4F524120434F4E46494756
:10E154000A0D0046524551202020202020203A203C
:10E16400256420487A0A0D0042414E4457494454DC
:10E174004820203A202564206B487A0A0D00535029
:10E1840052454144494E4720203A20534625640ACB
:10E194000D00454E435F4B4559202020203A202551
:10E1A400640A0D005458494E542020202020203A5F
:10E1B400202564205365630A0D0052616E646F6DFF
:10E1C4002054782044656C6179203D2025640A0D33
:10E1D4000000000000EA063740F7093780040D37D5
:10E1E400C0111037001F1337402C163780391937E8
:10E1F400C0461C3700D88C3640E58F3680F2923604
:10E20400C0FF9536000D9936401A9C3680279F36FC
:10E21400C034A2364889BE33D859C233682AC633BB
:10E22400F8FAC93388CBCD33189CD133A86CD533D5
:10E23400383DD93388C2903318939433A863983304
:10E2440038349C33C804A03358D5A333E8A5A73386
:10E254007876AB336001C835A00ECB35E01BCE35E4
:10E264002029D1356036D435A043D735E050DA358E
:10E27400205EDD35A0860100400D0300801A0600F3
:10E2840000350C0040420F0080841E0000093D0050
:10E2940000127A000024F40000366E010048E80100
:10E2A400006CDC0200000000000000000000000020
:10E2B400000000000000000000000000000000005A
:10E2C4000000000001000000020000000300000044
:10E2D400040000000100000003000000050000002D
:10E2E4000100000001000000060000000A00000018
:10E2F40020000000020000000400000008000000EC
:10E304001000000040000000800000000001000038
:10E3140000020000010002000400060008000A00D8
:10E324000C001000200040008000000108040204DA
:10E334000801010101010103070100005261646940
:10E344006F53656E64204F76657273697A650D0A42
:10E35400004952515F52585F54585F54494D454FDC
:10E3640055540D0A00505245204F4B0D0A00535985
:10E374004E43204F4B0D0A00484452204F4B0D0A88
:10E3840000484452204B4F0D0A004952515F4352FA
:10E39400435F4552524F520D0A0002010003000030
:10E3A400841E0000093D0000127A000024F40000DD
:10E3B40048E8010090D0030020A1070000000000FD
:10E3C400B128000061510000C3A20000040506004A
:10E3D400EDA60008BDA50008E9A7000839A60008B5
:10E3E40001B10008D5A600082DAE0008A5AC0008B0
:10E3F400BFA4000831B300087DB10008C1A600081D
:10E40400B5A5000865A600083DA60008F5A5000806
:10E41400EBA50008F9A40008F5A40008E7A5000886
:10E42400E3A5000881A70008ADA70008D9A5000846
:10E434004DB4000859A5000821A500081DB4000822
:10E44400FDA40008ADAA000835A8000855C20008BC
:10E454005BC20008EDA40008F1A40008C01200008B
:10E464001F000000A816000017000000841C000014
:10E474000F000000E42500001E000000B42D000081
:10E4840016000000083900000E0000002C4C0000AB
:10E494001D000000685B000015000000747200009D
:10E4A4000D000000589800001C00000034B7000064
:10E4B40014000000E8E400000C00000078310100C2
:10E4C4001B000000686E01001300000034CA010044
:10E4D4000B000000286202001A00000040DB02006A
:10E4E400120000003C9303000A000000C0C20400B4
:10E4F4001900000060B30500110000003820070077
:10E504000900000020A1070000000000040302022B
:10E514000101010100000000000000003C4E554CC8
:10E524004C3E00303132333435363738396162632A
:10E534006465666768696A6B6C6D6E6F707172731F
:10E544007475767778797A003031323334353637EA
:10E5540038394142434445464748494A4B4C4D4E5D
:10E564004F505152535455565758595A0000202071
:10E57400202020202020202828282828202020206F
:10E58400202020202020202020202020202088102F
:10E59400101010101010101010101010101004048F
:10E5A4000404040404040404101010101010104196
:10E5B4004141414141010101010101010101010107
:10E5C400010101010101010101101010101010429C
:10E5D40042424242420202020202020202020202D7
:10E5E40002020202020202020210101010200000B5
:10E5F4000000000000000000000000000000000017
:10E604000000000000000000000000000000000006
:10E6140000000000000000000000000000000000F6
:10E6240000000000000000000000000000000000E6
:10E6340000000000000000000000000000000000D6
:10E6440000000000000000000000000000000000C6
:10E6540000000000000000000000000000000000B6
:10E664000000000000000000000000000000232D56
:10E67400302B2000686C4C006566674546470030C7
:10E684003132333435363738394142434445460014
:10E694003031323334353637383961626364656614
:04E6A4000000000072
:08E6A800D84AFF7F01000000C9
:04E6B00065310008C8
:04E6B40041310008E8
:10E6B800010000002C0100000700000088C2903310
:10E6C8000300393000093D0001000000100000007F
:10E6D800FF000000FFFFFFFFFFFFFFFF30000020EB
:10E6E80000000000341400209C14002004150020B1
:10E6F8000000000000000000000000000000000012
:10E708000000000000000000000000000000000001
:10E7180000000000000000000000000000000000F1
:0CE72800000000000000000000000000E5
:0400000508005A7D18
:00000001FF
