:020000040800F2
:10300000004000203D560008594E00085B4E000865
:103010005D4E00085F4E0008614E00080000000091
:10302000000000000000000000000000634E0008E7
:10303000654E000800000000674E0008694E000859
:103040008D5600088D5600088D5600088D560008D4
:103050008D5600088D5600088D560008A94E0008B0
:103060008D5600088D5600088D5600088D560008B4
:103070008D5600088D5600088D5600086D4E0008CC
:103080008D5600088D5600088D5600088D56000894
:10309000000000008D5600088D5600088D5600086F
:1030A0008D5600088D5600088D5600088D56000874
:1030B0008D5600088D5600088D5600088D56000864
:1030C0008D5600088D5600088D5600088D56000854
:1030D000794E0008854E00088D5600088D56000870
:1030E0008D5600088D560008914E00088D56000838
:1030F0008D56000800000000000000008D560008FA
:103100008D5600088D5600089D4E00088D5600080B
:103110008D5600088D5600088D5600088D56000803
:103120008D5600088D5600088D5600088D560008F3
:083130008D5600088D560008C1
:1031400010B5054C237833B9044B13B10448AFF3E1
:1031500000800123237010BD8C00002000000000BF
:1031600078CC000808B5034B1BB103490348AFF303
:10317000008008BD000000009000002078CC00080E
:10318000034613F8012B002AFBD1181A01387047A7
:1031900001F0FF01102A2BDB10F0070F08D010F808
:1031A000013B013A8B422DD010F0070F42B3F6D10C
:1031B000F0B441EA012141EA014122F007047FF025
:1031C00000070023F0E80256083C85EA010586EA7C
:1031D000010685FA47F5A3FA87F586FA47F6A5FAB8
:1031E00087F68EB9EED1F0BC01F0FF0102F00702C4
:1031F00032B110F8013B013A83EA010313B1F8D16F
:103200000020704701387047002D06BF354603384F
:10321000073815F0010F07D1013015F4807F02BF88
:10322000013015F4C03F0130F0BC0138704700BFD9
:1032300053B94AB9002908BF00281CBF4FF0FF311D
:103240004FF0FF3000F06AB9ADF1080C6DE904CE23
:1032500000F006F8DDF804E0DDE9022304B0704771
:103260002DE9F047089D0C46002B4ED194468C4525
:103270008646B2FA82F262D94AB1C2F12003914085
:1032800020FA03F30CFA02FC194300FA02FE4FEA9B
:103290001C471FFA8CF6B1FBF7F44FEA1E4307FBFD
:1032A000141143EA014304FB06F199420AD91CEBCD
:1032B000030304F1FF3080F01281994240F20F8144
:1032C000023C6344591A1FFA8EF3B1FBF7F007FB77
:1032D000101143EA014300FB06F69E420AD91CEB9B
:1032E000030300F1FF3180F0FC809E4240F2F98040
:1032F000634402389B1B40EA044000211DB1D340C7
:103300000022C5E90032BDE8F0878B4205D90DB136
:10331000C5E9000100210846F5E7B3FA83F1002969
:1033200046D1A34202D39042C0F0F080861A64EBEB
:1033300003030120002DE6D0C5E90063E3E7002A7E
:1033400040F09080A1EB0C044FEA1C481FFA8CF768
:103350000121B4FBF8F64FEA1E4308FB164443EA8A
:10336000044307FB06F0984208D91CEB030306F15F
:10337000FF3402D2984200F2CD8026461C1A1FFA72
:103380008EF3B4FBF8F008FB104443EA044300FB5F
:1033900007F79F4208D91CEB030300F1FF3402D268
:1033A0009F4200F2B0802046DB1B40EA0640A5E7C2
:1033B000C1F120068B4022FA06F71F4320FA06FCD3
:1033C00004FA01F343EA0C03F44000FA01F8380C64
:1033D0004FEA1349B4FBF0FE1FFA87FC00FB1E44C2
:1033E00049EA04440EFB0CF9A14502FA01F20AD99C
:1033F0003C190EF1FF3A80F08480A14540F28180B3
:10340000AEF1020E3C44A4EB09041FFA83F9B4FBAD
:10341000F0F300FB134449EA044403FB0CFCA4450D
:1034200007D93C1903F1FF3067D2A44565D9023BA7
:103430003C4443EA0E40A0FB0293A4EB0C049C42E4
:10344000CE469C4651D34ED055B1B8EB0E0364EB3B
:103450000C0404FA06F6CB401E43CC40C5E90064D8
:10346000002150E7C2F1200320FA03F10CFA02FC1C
:1034700024FA03F394400C434FEA1C4800FA02FE7E
:103480001FFA8CF7B3FBF8F008FB1031230C43EA6A
:10349000014300FB07F1994208D91CEB030300F13B
:1034A000FF362CD299422AD9023863445B1AA4B25F
:1034B000B3FBF8F108FB113344EA034401FB07F3C3
:1034C000A34208D91CEB040401F1FF3613D2A34236
:1034D00011D902396444E41A41EA004139E704464B
:1034E000F0E6084606E7C845AED2B9EB020E63EB3C
:1034F000070C0138A8E73146EDE7034699E7304667
:10350000D4E7D6467FE7634402384DE706462346B4
:1035100008460FE7023E634430E700BF704700BF34
:10352000F7B5154606460F4603F0B2FA154B164896
:103530004FF400421A6106F17842D30A022102EBED
:10354000C502C0E90013C3EBD223DB0A013301A992
:10355000836003F035FB044680B9083FAC4206EBBC
:10356000C40103DB03F0A6FA002009E0F7E9022317
:10357000012003F0DFFA08B90134EFE703F0A6FAFF
:1035800003B0F0BD00400058B4000020520092B2D9
:1035900000EB8202091A904200D1704703680B5079
:1035A0000430F8E710B5094B0446B3F8E000084BC7
:1035B000ADF5FA6D13FA80F0FA2269468002FFF742
:1035C000E5FF1DF904000DF5FA6D10BD0075FF1F34
:1035D000FEFF410010B5094B0446B3F8E000084B6C
:1035E000ADF5FA6D13FA80F0FA2269468002FFF712
:1035F000CDFF5DF804000DF5FA6D10BD0075FF1FDD
:10360000FEFF4100F0B50E4F0E4E0446B7F8E00045
:10361000ADF2D47D16FA80F00D46FA22694680029A
:10362000FFF7B4FF0DF80450B7F8E00016FA80F089
:10363000FA2269468002FFF773FF0DF2D47DF0BDD8
:103640000075FF1FFEFF4100F0B50E4F0E4E044601
:10365000B7F8E000ADF2D47D16FA80F00D46FA22FC
:1036600069468002FFF792FF4DF80450B7F8E0007A
:1036700016FA80F0FA2269468002FFF751FF0DF238
:10368000D47DF0BD0075FF1FFEFF410013B5044659
:1036900003F0FEF90A4B0B484FF400421A6104F1A3
:1036A000784402230360E40A012301A94460836093
:1036B00003F086FA08B103F009FA02B010BD00BFAA
:1036C00000400058A80000201248134A08B54FF0E7
:1036D0008043C0E900230422002342610122C0E9A3
:1036E0000233C0E90933C0E90C33036103838376F5
:1036F000C26180F8203080F82C30836380F83C3041
:10370000C36402F007FE18B1BDE8084000F0F2BF44
:1037100008BD00BFC00000200024014010B50446D1
:1037200088B01422002103A808F01CFE22681A4B5E
:103730009A422FD14FF0B04318481A6E42F40072EB
:103740001A661A6E02F400720292029ADA6C42F061
:103750000202DA64DA6C02F002020192019ADA6C77
:1037600042F00102DA64DB6C03F001030093009B7A
:103770000324042303A9CDE9033403F06FFA4FF4C3
:103780008063CDE9033403A900234FF090400593F3
:1037900003F064FA08B010BD0024014000040048A2
:1037A000F8B50546174608F0F2FD044660B1461B21
:1037B0002846FFF7E5FCC6F1010201360244214626
:1037C000A81908F0B5FD2770F8BDF8B516460746EC
:1037D0000C461D46FFF7D4FCB04211D37319834247
:1037E0000EDCB81900239D4205DC25EAE5750023AF
:1037F00063552046F8BD10F8012BE2540133F2E77F
:103800000024F6E770B50E4614460025A54205DBF8
:103810000CD10378002B08BF002070BD314608F0A2
:10382000A9FD0028F9D001300135EFE70020F4E7C9
:103830002DE9F043B14C89B03C220021204608F02C
:1038400091FD01F05BFD1E233C222146AC4805F0B2
:103850009FFD0025AB4984F83B50204608F097FDBA
:10386000074688B1A84EA6480123337004F094FEA1
:10387000204601F02FF935703C222946204609B038
:10388000BDE8F04308F06EBD2B21204608F072FD24
:10389000064678B3031B022B10D8FFF771FCC31C3C
:1038A0003C2B05460AD802463146A01C08F040FDD4
:1038B00025444123237054236370AF7093498F488C
:1038C00008F065FD0646D8B10024914B22462146FA
:1038D000CDE90044022007F085FF0A2001F06EFBCD
:1038E0008C4B1B6800938C4B22462146022007F02C
:1038F00079FF29E0894941222046FFF751FFDDE7A2
:1039000087497E4808F043FD054640B331465020C4
:10391000FFF79AFE834BB3F8E000834B13FA80F075
:103920008002FFF7B3FE314604465020FFF78CFEBD
:1039300074B97E4B22462146012007F053FFC82070
:1039400001F03CFB02F04AFE3C2200216B4896E766
:10395000774B32463146012007F044FFF4E77549C2
:10396000664808F014FD064690B1734B2A46294676
:10397000012007F037FF3C222946604808F0F2FC9E
:10398000642001F01BFB09B0BDE8F04302F026BE45
:103990006A495A4808F0FBFC054638B35748FFF718
:1039A000EFFB3D210546554808F0E4FC021BAB1A2D
:1039B000013B013205A95148FFF707FF05A808F0B0
:1039C00083FB044618B15E4B421F9A420BD8214636
:1039D0004FF49670FFF738FE4E4B1C604E4B009430
:1039E0000022114682E7574B3246ECE056494348E5
:1039F00008F0CDFC064658B1464B1B680093464B79
:103A00002A462946022007F0EDFE3C2229469DE782
:103A10004E493A4808F0BBFC054620B33748FFF74B
:103A2000AFFB3D210546354808F0A4FC021BAB1A4C
:103A3000013B013205A93148FFF7C7FE05A808F090
:103A400043FB044618B13E4B421F9A4209D8214617
:103A50004FF49670FFF7F8FD2E4B1C603C4B009422
:103A6000BEE73C4BC0E73C49244808F090FC0646C2
:103A700020B1284B1B680093354BC1E737491F48DD
:103A800008F085FC054660B31C48FFF779FB3D2133
:103A900005461A4808F06EFC021BAB1A013B0132C6
:103AA00005A91648FFF791FE05A808F00DFB441E76
:103AB000072C14D8E1B26420FFF7A4FD6420FFF7BF
:103AC00071FD84427FF440AF0130254B009000220D
:103AD0001146022007F086FE4FF47A7030E7214B42
:103AE00082E72149054808F052FC00283ED06420B6
:103AF000FFF758FD01301A4B009081E724010020A8
:103B00003C120020C3CC000884110020C8CC00085F
:103B1000D3CC0008B015002000CD0008E6CE000888
:103B20000BCD00080075FF1FFEFF410014CD0008FB
:103B30001ECD00082BCD000834CD00083ECD000876
:103B40007B51010049CD000857CD000861CD000828
:103B50006FCD00087DCD00088ECD00089BCD0008FC
:103B6000A2CD0008A9CD0008B3CD0008A949AA48F4
:103B700008F00DFC50B3A848FFF702FB3D210546B5
:103B8000A54808F0F7FB021BAB1A013B013205A95F
:103B9000A148FFF71AFE05A808F096FA4FF6FE7343
:103BA000421E9A4204460CD801466C20FFF74CFD99
:103BB0006C20FFF70FFD84427FF4C6AE0094974B54
:103BC0000EE7974B002211460220C5E69549924820
:103BD00008F0DDFB054620B16C20FFF7FBFC0090F0
:103BE000EDE791498C4808F0D2FB50B38A48FFF7C3
:103BF000C7FA3D210646884808F0BCFB021BB31AF1
:103C0000013B013205A98448FFF7DFFD05A808F054
:103C10005BFA0428044606D9844B2A46294602202A
:103C200007F0E0FDF1E6C1B20820FFF7EBFC082049
:103C3000FFF7B8FCA04202D17D4B009047E77B4BD9
:103C4000C0E77C49744808F0A2FB064640B37248BE
:103C5000FFF796FA3D2105466F4808F08BFB021BE3
:103C6000AB1A013B6C48013205A9FFF7AEFD9DF888
:103C70001440A4F14103022B10D821460C20FFF779
:103C8000C1FC0C20FFF78EFC412CC0B202D16A4B64
:103C90000090A5E6432C7FF457AEF8E7674B91E719
:103CA00067495D4808F073FB054640B10C20FFF7FB
:103CB00079FC614BC0B200903246314616E661494C
:103CC000554808F064FB0746002848D05248FFF7E3
:103CD00057FA3D210646504808F04CFB021BB31A28
:103CE000013B05A901324C48FFF76FFD2A462C2104
:103CF00005A8FFF787FD08F0E7F9012207462C2108
:103D000005A8FFF77FFD08F0DFF9022206462C2107
:103D100005A8FFF777FD08F0D7F9F9B2044614209B
:103D2000FFF770FCF1B21820FFF76CFCE1B21C2029
:103D3000FFF768FC1420FFF735FC04461820FFF756
:103D400031FC06461C20FFF72DFC3F4B0094CDE9CB
:103D500001602A462946022007F044FD55E63B490A
:103D60002D4808F014FB0646A0B11420FFF71AFCFA
:103D700004461820FFF716FC05461C20FFF712FC2E
:103D8000314B0094CDE901503A463946022007F004
:103D900029FDD9E52E49204808F0F9FA0546002802
:103DA0005AD01D48FFF7ECF93D2105461A4808F0A6
:103DB000E1FA021BAB1A013B013205A91648FFF7D5
:103DC00004FD32462C2105A8FFF71CFD08F07CF904
:103DD00001222C21054605A8FFF714FD08F074F90F
:103DE000E9B204462420FFF72FFC21462820FFF7E4
:103DF0002BFC2420FFF7EEFB04462820FFF7EAFB0C
:103E0000CDE90040134B32463146022007F0EAFC70
:103E10009AE500BFB9CD000824010020C4CD0008F8
:103E2000CFCD0008DDCD0008E7CD0008F0CD0008BB
:103E3000FCCD000805CE00080FCE000819CE000802
:103E400026CE00082FCE00083BCE00084DCE00083D
:103E500058CE000863CE0008A549A64808F097FA96
:103E6000064658B3A348FFF78BF93D210646A14803
:103E700008F080FA021BB31A013B05A901329D48E4
:103E8000FFF7A3FC2A462C2105A8FFF7BBFC08F08E
:103E90001BF9C1B21820FFF7B5FB1820FFF782FB12
:103EA000954B00902A462946022007F09BFC4FF4D0
:103EB0007A7001F083F802F091FBA6E58F498D48F6
:103EC00008F065FA28B11820FFF76CFB8A4B0090C8
:103ED000F2E68B49874808F05AFA00B38548FFF7A5
:103EE0004FF93D210546834808F044FA021BAB1AFE
:103EF000013B013205A97F48FFF767FC2C21002216
:103F000005A8FFF77FFC08F0DFF8C1B26020FFF7DB
:103F100079FB6020FFF746FB7A4B009060E57A4919
:103F2000744808F034FA05460028F2D17749714800
:103F300008F02DFA064678B12420FFF74BFB044623
:103F40002820FFF747FBCDE90040714B2A46294660
:103F5000022007F047FC58E56E49664808F017FA5A
:103F6000054600283DD06348FFF70AF93D21054684
:103F7000604808F0FFF9021BAB1A013B013205A9AA
:103F80005C48FFF722FC32462C2105A8FFF73AFCDB
:103F900008F09AF801222C21044605A8FFF732FC0C
:103FA00008F092F8C1B2FE20FFF72CFBFE20FFF7CD
:103FB000F9FA594BA4F596629A4205460FD8214664
:103FC000FA20FFF741FBFA20FFF704FB84427FF45D
:103FD000BBACCDE90045514B3246314615E7504B5D
:103FE00002E55049434808F0D2F9074650B1FA209B
:103FF000FFF7F0FA0446FE20FFF7D4FA474BCDE96D
:104000000040A3E748493B4808F0C1F906460028AC
:104010005ED00C20FFF7C6FA04460820FFF7C2FA6C
:1040200081461420FFF7BEFA05461820FFF7BAFABA
:1040300006461C20FFF7B6FAE4B23C4B00943A4621
:1040400039468046022007F0CDFB5FFA89F004284C
:1040500096BF374BDFF8DC9053F820906420FFF7D1
:10406000A1FA04466020FFF79DFA07466C20FFF78F
:10407000B1FA00221146304B0090022007F0B2FB4B
:10408000002211462D4BCDF80090022007F0AAFB2C
:104090000134002211462A4B0094022007F0A2FBB3
:1040A0000022184B00971146022007F09BFB3C2290
:1040B0000021104808F056F90022CDE90168214B93
:1040C00000951146022007F08DFB09B0BDE8F08392
:1040D0001D49084808F05BF9054618B11B4B3246EC
:1040E000314671E52378002BEFD0194B95E500BFE1
:1040F00071CE00082401002078CE00087FCE000891
:1041000085CE00088FCE000899CE0008A2CE000808
:1041100063CE0008ACCE000850BD0100B5CE00084B
:10412000C1CE0008CDCE0008D5CE00080FCE0008C5
:1041300008CF0008BDCC0008C4CD0008DCCE0008C4
:10414000A2CD00083BCE0008E5CE00081ACD00083D
:10415000F5CD00084FF0B04307B59A6C42F0040269
:104160009A649A6C02F004020192019A9A6C42F0ED
:1041700001029A649B6C03F0010300930022022168
:104180000F20009B02F0D8F90F2003B05DF804EB7C
:1041900002F004BA08B502F07BFC10B16FF0040025
:1041A00008BD064B9A6942F040429A614CF2FA32DD
:1041B0001A6102F07FFC0028F2D0EFE700400058BF
:1041C000F0B585B000230D4600930646A8B3FFF76F
:1041D000E1FF044670BB02F05BFC88BB1A481B4A37
:1041E00002230193D0F8E01506F1784302EA812119
:1041F000B3FBF1F701FB1733DB0A0293D0F8E005BC
:1042000005F178410139314402EA8022B1FBF2F034
:1042100002FB1011C3EBD1230133694601A80393BC
:1042200002F0CEFC20B1022814BF6FF0010401247B
:1042300002F040FC204605B0F0BD6FF00504F9E740
:104240006FF00404F6E700BF0070FF1F00FCFF03DF
:10425000014B186000207047600100202DE9F04FED
:10426000B0F1006F89B006460F469046C0F0C0809E
:10427000DFF89091644DD9F8E03505EA832303F126
:104280000063013B984200F2B380002900F0B38044
:1042900040EA02035B0740F0AE80FFF77BFF044675
:1042A00090BB02F0F5FB002840F0A880D9F8E0159B
:1042B000009705EA812106F17842B2FBF1F301FB98
:1042C000132208F17843013B3344B3FBF1F001FBC7
:1042D0001033DB0A01334FEAD22AA3EBD222012AA0
:1042E000039388BFC6F30A050AF58037C6F10803B1
:1042F0008CBFC5F500654546FF02B3460693039B98
:104300009A4505D302F0D6FB204609B0BDE8F08FF0
:10431000A6F10803069A1A4495421CD8009B0495FE
:104320000193CDF814B04FF00009059B09EB030190
:10433000049B99453DD3009BAB442B44A8EB05055A
:10434000B5F5006F009328BF4FF400650AF1010A2C
:1043500007F50067D3E753F8081F5A68B2F1FF3F2B
:1043600008BFB1F1FF3FD5D0284B186810B96FF0E6
:104370000504C7E727B14FF40062394607F038FB60
:10438000DFF888900099D9F80030CBF30A00184480
:10439000AAB207F02DFB4FF400613846FFF710FF7B
:1043A00000BBD9F8003001934FF4006305970493E4
:1043B000B9E7019B07914B4402930120D3E9002305
:1043C00002F0B8FB88B90799019BD1E9000259F8BE
:1043D0000310029B5B689A4208BF884205D109F12D
:1043E0000809A2E76FF001048CE76FF0030489E786
:1043F0004FF0FF3488E76FF0050485E76FF00404A1
:1044000082E700BF0070FF1F00FCFF036001002077
:10441000B0F1006F10B40DD3084BD3F8E045084B52
:1044200003EA842303F10063013B984202D810BCE5
:10443000FFF7C6BE4FF0FF3010BC70470070FF1F83
:1044400000FCFF034FF0B04382B0DA6C0243DA6441
:10445000DB6C03400193019B02B070472DE9F041F2
:1044600086B01422002101A807F07CFF0220FFF78C
:10447000E9FF304EDFF8C0800120FFF7E3FF0420A2
:10448000FFF7E0FF41F218113046002202F006FD6E
:10449000002260214FF0904002F000FD00224046D3
:1044A0004FF4005102F0FAFC002401254FF48C7304
:1044B00001A93046CDE901350227CDE9034402F0D8
:1044C000CDFB4FF4881301A94FF09040CDE9017363
:1044D000039402F0C3FB602301A94FF09040CDE9A3
:1044E0000135CDE9034402F0B9FB4FF48053CDE927
:1044F000013501A9032330460493039402F0AEFB77
:1045000001A94FF400534046CDE90135CDE90344FC
:1045100002F0A4FB094B0720DF6002F085F8224679
:104520002146072002F008F8072002F037F806B00D
:10453000BDE8F08100040048000800480008005869
:104540000268154B9A4210B50C4611D1134B1980D5
:1045500013490B78782B15D84B78042B06D0062BF3
:104560000DD0032B04D100F061F901E000F0CEF989
:10457000BDE810400A490B48402205F079B900F027
:10458000E3F8F5E72246084807F044FF074B1C8094
:10459000074B01221A70EBE7003801406604002047
:1045A00068040020D0120020660100206401002071
:1045B000041600200368074A93420AD108221A62AF
:1045C00002221A6204221A6203490448402205F0BA
:1045D0004FB970470038014068040020D012002015
:1045E00000B59BB04822002108A807F0BBFE1822A6
:1045F000002102A807F0B6FE02F06AFC4FF0B042BC
:10460000B021D2F8903023F01803C2F89030D2F8DD
:10461000003423F4C06343F40073C2F80034D2F8CA
:104620000034129103F4C0630193019B2C2308937F
:10463000812301220B9308A80023CDE91023CDE9A3
:104640000E23139302F0BCFD08B172B6FEE74F23B0
:10465000CDE90230CDE90400CDE90600022102A82F
:1046600003F048F808B172B6FEE71BB05DF804FB32
:1046700008B51B4B1B4A9A6062B601F0FFFDFFF7BD
:10468000AFFFFFF7EBFE01F002F800F0D3FDFFF7FC
:104690001BF800220121242001F04EFF242001F00C
:1046A0007DFF00220221322001F046FF0020FFF7AB
:1046B000CFFD0D480122082102F0F0FB00224FF44B
:1046C0008071094802F0EAFB0A2000F077FC0749F4
:1046D0000748402205F0CCF800F0E0FFFCE700BFFF
:1046E00000ED00E0003000080004004868040020ED
:1046F000D012002072B6FEE7014B23F8101070476D
:10470000A8040020014B23F810107047A8040020D3
:10471000034B0A1423F81020013023F810107047BF
:10472000A8040020064A074B11785278197062F0ED
:104730007F029870032118465A7001F0A7B800BF95
:10474000680400206602002038B5344D6B78062BD3
:1047500004D00120FFF7E6FF002038BD6B88AC884D
:104760005BBA64BA9BB2A4B2072B55D8DFE803F05A
:1047700004101531373D4349631EFE2B01D9032038
:10478000E8E7274BE1B219706020FEF73BFF0FE02E
:10479000022CF4D8E1B2FE20F7E7A4F596639BB2B1
:1047A0004DF650429342EAD82146FA20FEF74CFFDC
:1047B0001C482B780370AB788370EB78C3702B792F
:1047C000037106216B794170437101F05FF801209C
:1047D000C3E7012CD3D8E1B24FF48570D5E7012CA3
:1047E000CDD8E1B24FF48770CFE7022CC7D8E1B241
:1047F0004FF48970C9E7022CC1D8E1B24FF48B7035
:10480000C3E7631E032BBAD921464FF49670FEF717
:104810001BFF054B1C60CBE702209BE768040020D0
:104820000000002066020020B01500202DE9F047AE
:10483000FA20FEF7CFFE8046FE20FEF7B3FE81464B
:104840006020FEF7AFFE82464FF48570FEF7AAFEA9
:1048500007464FF48770FEF7A5FE06464FF48970B1
:10486000FEF7A0FE05464FF48B70FEF79BFE224B31
:10487000224C1A6865814FF6FF73214DA4F800A001
:10488000934228BF13466A88E38152BA91B2AA883C
:10489000A4F8029052BA92B2531E072BA4F80480D7
:1048A000E7802681A08105D90320FFF73BFF002088
:1048B000BDE8F0875318013B98B2072801D90220C0
:1048C000F3E7104E104B36786D781E7052009A70D8
:1048D0005D700A460321904203F1020304DA0A489C
:1048E00000F0D4FF0120E3E734F812509D702E0A47
:1048F0005E7002310132EEE7B015002002000020A8
:104900006804002000000020660200202DE9F0412C
:10491000364E374BB4881D68778864BAA4B285B91F
:10492000344A012122F815100A35962DFAD1651E58
:10493000ADB27C2D27D90320FFF7F4FE0020BDE89F
:10494000F0814FF44062554300F030FB00232A4AC7
:104950002A49DFF8ACE0984612F801CBBCF1000F11
:1049600007D05EF823C0A0EB0C0C654538BF02F8F9
:10497000018C013312F801CCA1F80EC00F2B01F10C
:104980001401E9D1D3E7DFF87C80307888F80000A3
:1049900001F028F8002801DA0220CDE70A23584365
:1049A0007ABA10FA82F2A318B3F5FA7FF4D8164B4C
:1049B00098F80010197071785970610099700F495A
:1049C00001EB4202002132F8020B18710131060A94
:1049D00088B2A042DE7003F10203F4D369000A48F2
:1049E000053100F053FF0120A9E700BF6804002053
:1049F000B0150020B6040020B4150020A804002043
:104A0000C4150020000000206602002070B5FF23BE
:104A1000074D084E01441C46814202D143EA04205E
:104A200070BD10F8012B5A40AB5C6340B45CF3E7F7
:104A30001CD000081CCF000870B5134B134D186034
:104A4000D5F88830202B044605D0284603F0A4FD75
:104A50002023C5F888302046FEF792FBC82382B297
:104A600021460A4804F042FC68B120232046C5F8DC
:104A70008830FEF785FB214682B2BDE870400348CE
:104A8000C82304F033BC70BD140000203C12002089
:104A900030B521F003010E4D034601444FF0FF30C5
:104AA0008B4200D130BD9A785C78120442EA04222D
:104AB0001C782243DC7842EA04625040202200281D
:104AC0004FEA4000B8BF6840013AF8D10433E7E745
:104AD000B71DC1042DE9F04F814DD5F88C30202B46
:104AE00095B0044605D0284603F09EFD2023C5F866
:104AF0008C3020463D2107F03DFC044628B979481A
:104B000015B0BDE8F04FFFF797BF00210A22013032
:104B100007F0D0FB2C210546204607F02BFC00288F
:104B2000EDD010220021013007F0C4FB6B1EB3F55D
:104B3000604F009002D215F0030701D06A48DFE70A
:104B40006A4E6B4801234FF460413370FFF760FCFD
:104B500030B16848FFF770FF377015B0BDE8F08FCF
:104B60006548DFF898B1FFF767FFBA463C46B8469C
:104B7000A5EB0809B9F1F40F28BF4FF0F409584824
:104B80004FF47A631FFA89F20BEB040104F000FC86
:104B9000019020B15A48FFF74FFF002312E04C4428
:104BA000B4F5006FC84419D30AF100604FF40062F5
:104BB000594600F58830FFF751FB28B15148FFF7FF
:104BC0003BFF019B3370C8E74F49A4F500642246C0
:104BD000A1F500600AF5006A07F0AAFB4B4A4346BC
:104BE000302108A807F070FB08A8FFF725FF45450E
:104BF000BED8B4B1FF2314F007080ED10AF100604B
:104C00003E49224600F58830FFF728FB48B13D4871
:104C1000FFF712FF86F800809FE70BF8043001349D
:104C2000E9E73022002108A807F09CFBDFF8B080FC
:104C300000246423012204A9404604F0A9FB90B992
:104C40009DF8102004F15001631C0DEB01040A2AA9
:104C500004F8302C0DD12E4908A807F098FB044623
:104C600050B12C4897E70137322FF4D823461C4621
:104C7000DFE72F2BFBD1EEE71D482946FFF708FFA2
:104C8000009B984204D02448FFF7D6FE347064E7B6
:104C9000224B2348CDE90435009B06934FF4006175
:104CA00001230793FFF7B4FB08B11E4873E71022F6
:104CB0001B480DEB0201FFF7D1FA04460028F4D19E
:104CC0001948FFF7B9FE194A0394039B934202D98E
:104CD00001F084FC41E700BF039B01330393F4E739
:104CE0003C1200201CD100082FD1000884110020A4
:104CF0000010010840D1000852D10008900800209F
:104D00005FD1000873D100089010002085D1000801
:104D100093D100089FD10008AED100083143414D26
:104D200000F00108BED10008CFD10008BF2709005C
:104D300000B58DB02C22002101A807F013FB174805
:104D4000174B03601F2383604FF080420023C0E9AC
:104D50000433C0E9072383614FF48073436202F098
:104D60006FFF08B1FFF7C6FC0C4803F095F808B1D7
:104D7000FFF7C0FC4FF0005300220793074808924A
:104D80004FF4807301A9029206920B9302F0B8FFD0
:104D900008B1FFF7AFFC0DB05DF804FB88110020EF
:104DA0000028004010B5044690B03822002102A827
:104DB00007F0D8FA2268154B9A4224D14FF4803379
:104DC000029302A84FF400730F9302F0B7FD08B1ED
:104DD000FFF790FC4FF0B0432A20D3F8902042F424
:104DE0000042C3F890209A6D42F480629A659B6DF0
:104DF000002203F4806301931146019B01F09CFBA8
:104E00002A2001F0CBFB10B010BD00BF00280040ED
:104E10007047000008B501F053FA044B0120C3F8B5
:104E20008800BDE8084002F0ABB800BF000400589D
:104E300001F04DBA08B501F04AFABDE8084000F0AB
:104E4000BDBB08B501F03CFABDE8084001210020D7
:104E500002F046B870477047FEE7FEE7FEE7FEE760
:104E6000FEE770477047704701F01EBA014801F035
:104E70009FBD00BFDC110020014803F083BC00BFD0
:104E8000D0120020014803F07DBC00BF3C1200207E
:104E9000014802F05BBE00BF88110020014803F00A
:104EA0003ABA00BFC0110020022002F005B800008D
:104EB000054808B50823036003F04AF818B1BDE8B7
:104EC0000840FFF717BC08BDC01100204FF0B043E9
:104ED00007B55A6E42F001025A665B6E002203F07B
:104EE0000103019311463220019B01F025FB322082
:104EF00003B05DF804EB01F051BB00000CB407B542
:104F0000054A05AB1021019306F0BCFF03B05DF824
:104F100004EB02B0704700BFF8D1000830B585B08F
:104F2000044602A80D4606F03BFEBDF90C30064AC9
:104F300000931021029B2046FFF7E0FF2046FEF77A
:104F40001FF9288005B030BDF8D100084FF0B042FD
:104F500010B5936823F40043936006F047FE0C4BB2
:104F600001241C7000F030F806F0D2FB094806F06E
:104F7000E9FB022006F0ECFB06F0E4FC21462046AB
:104F800006F000FD21462046BDE8104006F0E4BCD6
:104F9000CC1100201D4F000806F00ABD012102209F
:104FA00006F0DABC0021022006F0D6BC024B1878CD
:104FB00008B100F08BB87047CC11002082B001908E
:104FC000019802B000F01EB970B586B001F086F904
:104FD00001F08CF901F092F9012302930323049369
:104FE00000244FF0B04303940594DA6C0B4D42F06B
:104FF0000202DA64DB6C03F0020300934FF4805684
:1050000001A92846009B019601F028FE2246314660
:10501000284601F043FF06B070BD00BF0004004801
:105020000B4A116810B5034609B90A4911601068A6
:1050300009490A4C0344091B8B4206D907F0BEF903
:105040000C2303604FF0FF3010BD1360FCE700BF7E
:10505000D0110020501C002000400020000800005B
:10506000014B1868704700BFD4110020032070471F
:1050700008B501464FF47A7200238002890DFEF7CD
:10508000D7F808BD4FF47A73A0FB0303800A40EA07
:1050900083507047034B98689A689042FBD1C04395
:1050A000704700BF0028004008B5FFF7F3FF014B31
:1050B000186008BDD411002008B5FFF7EBFF024BC4
:1050C0001B68C01A08BD00BFD4110020024B18781D
:1050D00008B1FFF7DFBF7047D811002010B5074BAC
:1050E000074C0122DA654FF48071204602F0F4FC8F
:1050F0004FF0FF332363002010BD00BF00280040A5
:105100008811002002460021014802F0ECBE00BFD9
:105110008811002002460121014802F0E4BE00BFD0
:105120008811002010B58CB02C220021044601A863
:1051300007F018F9FFF7D2FF0C4B0D481B681C4411
:105140000023089306934FF00053E4430793012292
:105150004FF4807301A902940B9302F0D1FD08B1C2
:10516000FFF7C8FA00200CB010BD00BFD41100201A
:105170008811002038B50546FFF78CFF0221044650
:10518000074802F0B7FEC4F309024FF47A71A2FB9C
:105190000121920AA30A2A8043EA805038BD00BF49
:1051A000881100200148002102F0A4BE88110020CF
:1051B0000148012102F09EBE88110020F8B50F4D74
:1051C0002E78CEB90E4C4FF0FF372763FFF7B0FDB6
:1051D000FFF784FF4FF48071204602F07DFC2046EB
:1051E000276302F03BFE32462046022102F07BFE9E
:1051F000FFF75AFF01232B700020F8BDD8110020C3
:1052000088110020014610B54FF47A720023800205
:10521000890DFEF70DF80146FFF73CFF0446FFF746
:1052200039FF031B8B4200D310BD00BFF7E706F028
:10523000E5BD000038B52E492E4C4FF41653C4E995
:1052400000130C220023C4E90233C4E90523C4E996
:105250000733236163620823A36220464FF40043AF
:10526000A36304F033F908B1FFF744FA21480021A1
:1052700004F0BEFA08B1FFF73DFA1E48002104F021
:10528000D7FA08B1FFF736FA1A4804F096FA08B1CF
:10529000FFF730FAFA20FEF79DF90546FE20FEF7EB
:1052A00081F9154BA5F596629A4288BF4FF41655C1
:1052B000031E18BF01231B0302286560A36012D0E0
:1052C000012814BF00234FF4C06323610823A362A5
:1052D00008484FF40043A36304F0F8F830B1BDE888
:1052E0003840FFF707BA4FF48063EEE738BD00BFE0
:1052F00000380140D012002050BD01001648174A66
:1053000008B54FF46133C0E9002300230C22C0E943
:105310000233C0E90523C0E90733C0E9093303615B
:1053200004F0D4F808B1FFF7E5F90B48002104F0C8
:105330005FFA08B1FFF7DEF90748002104F078FAB8
:1053400008B1FFF7D7F9044804F017FA18B1BDE81F
:105350000840FFF7CFB908BD3C12002000440040D0
:1053600070B5142298B0064600210DEB020006F03D
:10537000F9FF382200210AA806F0F4FF3368434AF7
:10538000934235D101254FF440330AA8CDE90A53A1
:1053900002F0D4FA08B1FFF7ADF94FF0B043C024E2
:1053A0001A6E3B4842F480421A661A6E02F480423A
:1053B0000292029ADA6C42F00202DA64DB6C03F0C9
:1053C00002030193019B0223CDE9054305A90024B3
:1053D00007230993CDE9074401F040FC242022462D
:1053E000214601F0A9F8242001F0D8F818B070BDCA
:1053F000284A9342FAD102230A930AA84FF4402381
:105400000C9302F09BFA08B1FFF774F94FF0B04328
:1054100000259A6D204C42F400329A659A6D02F490
:1054200000320492049ADA6C42F00102DA64DB6C16
:1054300003F001030393039B0C220223CDE9052310
:105440000323CDE9075305A907234FF090400993A3
:1054500001F004FC114925621423C4E90013102350
:10546000C4E9023520468023C4E90435C4E9065561
:1054700001F028F908B1FFF73DF92520F467002273
:105480000221A66201F058F82520ADE7003801405E
:105490000004004800440040DC1100205800024095
:1054A0000368144A934210B504460ED14FF0B0423F
:1054B0001148136E23F480431366C02101F07AFC77
:1054C0002420BDE8104001F077B80C4A93420FD178
:1054D0004FF0B0420C21936D23F4003393654FF0ED
:1054E000904001F067FCE06F01F05EF92520E8E7ED
:1054F00010BD00BF003801400004004800440040D7
:1055000008B50A460146024803F004F8002008BD29
:105510003C12002013B5114B114C18604FF40013CE
:10552000009302AB13E90600204604F0CAF8236892
:10553000DA69D103FCD4DA695202FCD59A680848CA
:1055400042F480029A6004F002F9064904480122FC
:1055500004F070F8002002B010BD00BF64130020FA
:105560003C1200206C13002008B5074B1860FEF7B2
:10557000F1FDFFF7C3FE054AD2F8803043F0006327
:10558000C2F88030002008BD6813002000080058D1
:1055900008B54FF0B04308489A6B42F400329A6362
:1055A0009A6B22F400329A63FFF77AFF0F2001F022
:1055B00003F8002008BD00BF3C12002008B50748D2
:1055C00003F084FF08B1FFF795F8054801F07AF879
:1055D00018B1BDE80840FFF78DB808BD3C120020A7
:1055E000DC1100200268044B9A4203D1034B0020D7
:1055F0001B681847704700BF004400406813002034
:1056000002680B4B9A4210B504460FD1094B1B6838
:105610002BB1D0F8902012B90748012198472046B5
:105620000549BDE81040012204F004B810BD00BFD8
:1056300000440040641300206C1300200D48854690
:1056400000F0F5FD0C480D490D4A002302E0D45846
:10565000C4500433C4188C42F9D30A4A0A4C0023BC
:1056600001E013600432A242FBD306F0ADFEFEF768
:10567000FFFFFEE700400020000000208C0000201B
:1056800014DA00088C0000204C1C0020FEE708B54E
:10569000FFF75CFCBDE8084000F09ABC10B50B4C6D
:1056A000237863B100220A4B1146012006F09AF8D4
:1056B00000232370074B0848197800F02DF9BDE846
:1056C00010404FF0FF3006F0D7B900BF041600209D
:1056D00054D20008640100206601002008B50022B1
:1056E0001146064B012006F07DF8054B02221A7088
:1056F000BDE808400021012006F086B961D200080B
:105700008E150020024B01200021187006F07CB994
:105710008E150020002210B511460A4B012006F01C
:1057200061F8094B00241C70084B04221A70084BC6
:1057300020465B6B984721460120BDE8104006F0EB
:1057400063B900BF6DD20008AC1500208E15002093
:1057500030D70008084B10B500241C70074B0322FB
:105760001A70074B20465B6B984721460120BDE825
:10577000104006F049B900BFAC1500208E1500207E
:1057800030D7000870B515460D4A13700D4B0C4606
:10579000064600210C481970FF2206F0E3FD0B4B72
:1057A000FF2C1C8004D808482246314606F032FE01
:1057B000074B1D70BDE870400021012006F024B9A0
:1057C0008C1300208E1500208F1400208E130020D3
:1057D0008D13002010B50E4C23787BB910210D4895
:1057E000012201F05BFB01232370C8210A4806F067
:1057F000EDFABDE81040084806F0AEBA10210548A1
:10580000002201F04BFB002323704FF42F61EDE7E2
:105810006D1300200004004874130020022808B50E
:1058200008D1FEF705F8BDE8084003480022102122
:1058300001F034BB08BD00BF0004004800B5114BA7
:10584000D3F88025D3F8843589B0D1B20791C2F35B
:1058500007210691C2F30741120E0492DAB20392B5
:10586000C3F307220292C3F3074201921B0E0022E8
:10587000059100931146044B022005F0B3FF09B0D7
:105880005DF804FB0070FF1F7BD2000870B58EB27C
:105890000C4631460546FFF7B9F828552C44000A56
:1058A00060700B4C012220464FF4807101F0F6FA33
:1058B000B21C294692B2074840F6B83303F016FDF1
:1058C00020460022BDE870404FF4807101F0E6BA36
:1058D00000040048D012002070B50D4E04460D465D
:1058E00001224FF48071304601F0D8FA0120FFF711
:1058F00065FBAAB22146074840F6B83303F0F6FC30
:1059000030460022BDE870404FF4807101F0C6BA05
:1059100000040048D0120020F0B5124BC1B005467B
:105920006C461E88012220466F1E531E9BB2994270
:1059300007D80D4B03221A700C4B9B6A984741B055
:10594000F0BD9142BB5CC4BF15F802C043EA0C2312
:10595000734091422370C4BF1B0A63700232023449
:10596000E3E700BF220000208E15002030D700089A
:1059700070B5184B184E93F9005086B0AC238DF8D3
:1059800011302B0E04468DF810008DF812300521D1
:1059900033788DF8143004A88DF81350FFF736F8DB
:1059A000030A8DF8163096F900308DF815000022A4
:1059B000CDE901531146094B0094012005F012FF77
:1059C000074B0122072104A81A70FFF7A5FF06B0B4
:1059D00070BD00BF8D1300208C130020B2D20008D0
:1059E000AC150020084B1B78C3EB031301339BB2AB
:1059F000984205D303F10E02824201DBC01A7047C0
:105A00004FF0FF30704700BF001600202DE9F04F27
:105A10008029A5B00C4675D8AB4B04ADB3F800C0D7
:105A2000CFB2012229462E4600F1FF3E531EDBB2C3
:105A30009F421FD8032C65D9A4F1020804F19003FA
:105A400008F190026A446B4412F8807C13F8813CA0
:105A50001FFA88F1284647EA0327FEF7D7FF874257
:105A60001AD0CDE90070994B00221146012005F0B3
:105A7000B9FE47E094421EF80230C4BF10F802801D
:105A800043EA08238CEA030394420B70C4BF1B0A49
:105A90004B7002320231C9E79DF810709DF81190E9
:105AA0008B4B00221146CDE90079012005F09AFECA
:105AB0003846FFF797FF00282EDA782F25D9854B37
:105AC000DFF814821C800022844B009411460120D0
:105AD00005F088FE002715F8013B009300220137EE
:105AE000434611460120BFB205F07CFEBC42F2D114
:105AF000002211467A4B012005F074FE2146304603
:105B0000FFF7EAFE25B0BDE8F08F764B1B78013336
:105B1000CDE90073744BA7E7B9F10A0F35D0B9F19D
:105B20000B0F5DD0B9F1010F40F0CB8000240223B0
:105B30000DE003F190026A445D1C12F8802CEDB276
:105B4000B2B94FF6FF71FEF7DDFD01342B469A1C0A
:105B5000D2B29045A0B203DDB4F5FA7FE9D1204678
:105B6000624B009000221146012005F03BFEC9E780
:105B70002A460333DDB202F190036B4413F8801C14
:105B800013F87F3C43EA0121DDE70D2CBAD900224E
:105B9000574B00941146012005F024FE4E4F00267D
:105BA00015F8013B0093002201363B4611460120C7
:105BB000B6B205F017FEB442F2D10022484B1146AE
:105BC000012005F00FFE9DF810509DF81130029352
:105BD0002846FFF707FF061E1BDA464B0095C1E774
:105BE0000D2C8FD90022444B00941146012005F062
:105BF000F9FD394F002615F8013B009300220136CC
:105C00003B4611460120B6B205F0ECFDB442F2D19C
:105C1000D3E7FFF7CBF9394B43F82600384B012285
:105C20009A55384ABDF81A3092F900A0364A0299BE
:105C30009DF812B0DDF81370BDF8188006EB8604ED
:105C40006400A4B29DF8176093FA93F9204692F984
:105C500000300393FEF750FD601C06F07F0180B218
:105C6000FEF74AFDA01C80B25946FEF745FD98FAA2
:105C7000B8F8E01C414680B2FEF73EFD201D80B220
:105C80000FFA89F1FEF738FD601D514680B2FEF72C
:105C900033FDA01D039980B2FEF72EFDE01D00210B
:105CA00080B2FEF729FD3FBA04F1080080B2394600
:105CB000FEF72EFDF6093FF425AF2846FFF758FE04
:105CC00020E7124B00974DE722000020D5D20008B4
:105CD000FAD200080216002040D3000827D300089B
:105CE000CDD100080016002046D300086BD3000871
:105CF00092D30008ABD30008CAD30008C415002013
:105D0000B41500208D1300208C130020E1D300086F
:105D100013B51D4C2378042B34D8DFE803F0031CA3
:105D20001C2B2500194B1B7863B3194B198849B3F9
:105D3000184B194800221A70FFF768FE174B1B78A2
:105D400003F0FF01F3B903230120237002B0BDE883
:105D5000104005F059BE0022114B1146012002B03F
:105D6000BDE8104005F03EBD00220E4B114601205B
:105D700005F038FD0C4B5B6B0193002002B0BDE8D1
:105D80001040184702B010BD8E15002018000020EA
:105D90008E130020041600208F140020AC15002064
:105DA000FBD300080CD4000830D70008042807D81B
:105DB000072905D8034B01EBC00153F821007047B8
:105DC0000020704734D5000837B5FA20FDF702FCF3
:105DD0000446FE20FDF7E6FB714BA4F596649C4259
:105DE000C5B204D94FF41651FA20FDF72DFC022D4F
:105DF00003D90021FE20FDF705FC6020FDF7D2FB52
:105E0000C0B2431EDBB2FD2B664C00F2A3802070B3
:105E10002278531EDBB2F62B634B00F2A1801A707E
:105E20004FF48570FDF7BEFB04464FF48770FDF715
:105E3000B9FBE4B2012CC5B204D900214FF485703E
:105E4000FDF7E0FB012D04D900214FF48770FDF729
:105E5000D9FB4FF48970FDF7A5FB04464FF48B7016
:105E6000FDF7A0FBE4B2022CC5B204D900214FF427
:105E70008970FDF7C7FB022D04D900214FF48B7008
:105E8000FDF7C0FB1820FDF78DFBC0B20528474C7D
:105E90006CD8207023786420C3F10C032370FDF7C5
:105EA00081FBC4B20820FDF77DFB072CC5B204D9E5
:105EB00000216420FDF7A6FB00243D4B052D1C703E
:105EC00010D903210820FDF79DFB43210C20FDF78D
:105ED00099FB00211420FDF795FB00211C20FDF704
:105EE00091FB032521462846FFF760FF314B1860E0
:105EF0006C20FDF76FFB80B2431E9BB24FF6FD7224
:105F000093422D4B38D818807020FDF763FB013089
:105F100003D100217020FDF797FB4FF49670FDF739
:105F200059FB431C254C2ED14FF496710846216035
:105F3000FDF78AFB22682249224B002A18BF0B4634
:105F4000CDE900230022204B1146022005F04AFC37
:105F500003B030BD012160202170FDF753FB57E7EE
:105F6000012160201970FDF74DFB59E7052118202C
:105F70002170FDF747FB8DE740F257416C201980F7
:105F8000FDF762FBC0E7114B984204D8431E032B78
:105F900001D92060CEE74FF496732360CAE700BFB3
:105FA00050BD01000000002020000020190000204A
:105FB000001600201C00002022000020B015002048
:105FC000CED100081FD4000838D400088051010049
:105FD0002DE9F04E8CB0FEF741FA674D08241021F0
:105FE000284600F060FF6420FEF7E8FF013CF6D190
:105FF00022462146614B624EDFF88891624F0220B3
:10600000012505F0EFFB4FF0050A224621465F4BC4
:10601000022005F0E7FB22462146CDE9005A5C4B01
:106020000294022005F0DEFB032322462146CDE93F
:1060300000530295574B022005F0D4FBFFF7FEFBFF
:106040002246C821544B0094544805F0D9FD5348CA
:1060500005F082FE5248534B0360534B8360534B11
:106060004360534BC360534B036133689847736974
:106070009847800DC9F80000FFF7A6FEF36838685E
:10608000984722462146414B022005F0ABFB2246B1
:106090002146494B022005F0A5FB3B6800932246B0
:1060A0002146464B464F022005F09CFB7D23009382
:1060B00022462146434B022005F094FB3B78009397
:1060C00022462146404B022005F08CFB3F4B1B88AB
:1060D0000093224621463E4B022005F083FB2246D8
:1060E00021462A4B022005F07DFB4FF0080B40F6BD
:1060F000B833CDE90743CDE90544CDE90345CDE902
:10610000015B3B780093F3690B93DDF82CC02346C9
:10611000224628461621E047CDE90845CDE9064448
:10612000CDE90445CDE902A4CDE9004BB3690B9359
:106130003A780B9F2B4621462846B847736D284670
:10614000FF2198472146FF22224806F00BF9D9F893
:1061500000300093224621461F4B284605F042FBA3
:106160002046736B98471D4A214628460CB0BDE86F
:10617000F04E05F005BD00BF0004004850D40008F3
:1061800030D70008701300201C00002074D40008D1
:1061900086D40008A7D40008D5570008741300203F
:1061A000901500205557000885570008155700081E
:1061B00005570008DD560008C8D40008D6D40008EA
:1061C00019000020EBD4000801D5000822000020AF
:1061D00015D500089013002027D50008115D000890
:1061E00008B5044800224FF4005100F057FE00208B
:1061F00008BD00BF0008004808B50238012898BF54
:106200000122044888BF00224FF4005100F046FEEE
:10621000002008BD00080048022070470120704798
:106220000120704700280CBF0F20162070477047D0
:1062300038B5104C237805460BB9012038BD00F065
:10624000AFFF22784FF47A73B3FBF2F3B0FBF3F0B5
:1062500000F0D6F904460028EFD10F2DEDD8024604
:1062600029464FF0FF3000F067F9034B20461D60D0
:10627000E4E700BF280000202C00002010B5032018
:1062800000F048F900F08CFF064B18600F20FFF774
:10629000CFFF044618B9FEF7DEFD204610BD0124ED
:1062A000FBE700BF24000020034A044B11681B7861
:1062B0000B441360704700BF081600202800002020
:1062C0004FF0E022136923F00203136170474FF08F
:1062D000E022136943F0020313617047024A5368D6
:1062E00023F0010353607047002004E0024A536822
:1062F00023F0020353607047002004E0024A536811
:1063000023F0040353607047002004E08068C0F36A
:1063100080007047F7B5002301930446002800F081
:10632000E980856D25B9FDF7F9F9E56584F85450E4
:1063300023689A68D00040F1A1809A68D10000F1EA
:10634000B480A26D42F01002A265E26D42F001023B
:10635000E26501251846FFF7D9FFA26D02F0100291
:10636000024340F0C980A26D206922F4817242F09C
:106370000202A2659A68D2075DD4226BA67E94F8C9
:106380002CC0003A18BF01221703D4E902120A43B5
:10639000217E42EA8132617E42EAC13242EA4632DD
:1063A000002842EA4C02B4BF20F000414FF4001133
:1063B0003A430A4394F82010012903D1002E76D1E4
:1063C00042F48032616A21B1A66A01F4E07131437E
:1063D0000A43D968E66C21F4FE3121F4FF711143C0
:1063E000D96094F83C206168012A01F0404C4CEAE5
:1063F000060609D1D4E910273A433243A66C32434A
:1064000042EA0C0242F001061F693E4A3A4032431A
:106410001A6121F00042B2F1804F0CD0B1F1004F6F
:1064200009D0394ED6F8082701F4701122F4701201
:106430000A43C6F808275A69666BA16B22F0070267
:1064400032435A615A6922F0700242EA01125A61DB
:10645000002835D19A6A62F00F029A625B6903F0F4
:1064600007039E423CD10023E365A36D23F00303A1
:1064700043F00103A365284603B0F0BD9A682349A1
:1064800022F0104222F0170242F080529A60204A15
:106490001268B2FBF1F2013252000192019A002A15
:1064A0003FF44BAF019A013AF7E7002552E7A16D9F
:1064B00041F02001A165E16D41F00101E16581E755
:1064C000B0F5001FCAD19A6AE269013A92006FF0F2
:1064D0000F0102F01C0201FA02F2216E0A43BCE72E
:1064E000A36D23F0120343F01003A365E36D43F0A3
:1064F0000103E3650125BEE7A36D43F01003A36527
:10650000F8E700BF02FCFF1F00200140400D030020
:10651000240000200749CA6822F4E0620302120442
:1065200003F4E063120C134343F0BF6343F40033FE
:10653000CB60704700ED00E0164B30B5DC68C4F36B
:106540000224C4F10703251D042B28BF0423062DB4
:106550004FF0FF358CBF033C002405FA03F321EA1A
:106560000303A54022EA0502A340002843EA0203F0
:10657000ACBF00F16040084A4FEA0313B8BF00F017
:106580000F00DBB2AABF00F56140135480F800335E
:1065900030BD00BF00ED00E014ED00E0002807DB97
:1065A000044A4109012300F01F00834042F82130D2
:1065B000704700BF00E100E000280CDB43090649FA
:1065C00000F01F0020330122824041F82320BFF356
:1065D0004F8FBFF36F8F704700E100E0BFF34F8F25
:1065E0000549064BCA6802F4E0621343CB60BFF36F
:1065F0004F8F00BFFDE700BF00ED00E00400FA058B
:106600000138B0F1807F0BD24FF0E023054A58618A
:10661000F02182F823100020072298611A61704748
:106620000120704700ED00E0002808DB4309044921
:1066300000F01F0001226033824041F823207047A0
:1066400000E100E070B5D0E913456560446D14B118
:10665000D0E916456560D0E9105404F01C06012409
:10666000B4406C60046863608368102B0BBFA26049
:10667000A160E160E26070BD0268416CD3B210B508
:10668000083B1424B3FBF4F30B4CA24288BF0B4A23
:1066900021F0030199BF01F1804202F50232521844
:1066A00007338264064AC26403F01F03012202FA20
:1066B00003F3036510BD00BF070402401C0802403D
:1066C0008008024038B500285CD002682E4B9A4200
:1066D0004FF014014AD82D4B1344B3FBF1F32C496E
:1066E0009B00C0E91013022380F825301368056968
:1066F00023F4FF4323F070031360D0E902432343E4
:106700002B43456911682B4385692B43C5692B438E
:10671000056A2B430B431360FFF7AEFFB4F5804FC0
:1067200004BF002343604368816C03F07F020A606A
:10673000D0E91314013B032B4C601ED8154B1649AE
:10674000816513449B000121013A01FA02F2002104
:106750004365C2651960114B5A6400230122C3636B
:1067600080F8243080F82520184638BD0C4B13449F
:10677000B3FBF1F30B499B00B3E70023C0E91533EA
:10678000C365EAE70120F0E707040240F8FFFDBF18
:10679000000002403F820010400902400009024010
:1067A000F8FBFDBF0004024038B5002841D0026864
:1067B000136823F0010313601F4B9A424FF014013A
:1067C00030D81E4B1344B3FBF1F31D499B00C0E9C5
:1067D0001013012403F01C0304FA03F300251560D1
:1067E0004B60FFF749FF836C41681D60D0E91332AD
:1067F0005A604A1E032A06D8124B0B449B00944051
:106800001D60114B5C640023C363C0E91533C0E90C
:106810000B33C0E90D33C36580F8253080F8243090
:10682000184638BD094B1344B3FBF1F308499B00EC
:10683000CDE70120F5E700BF07040240F8FFFDBFE8
:10684000000002403F82001000090240F8FBFDBF3B
:106850000004024070B590F82450012D04463BD04E
:1068600090F825600125AE4280F824504FF00006D4
:106870002CD1022580F825500568C6632E6826F0C5
:1068800001062E60FFF7DEFE036BBBB12B6843F001
:106890000E032B60A36C1A68D20342BF1A6842F43D
:1068A00080721A60636D1BB11A6842F480721A60BC
:1068B0002B6843F001032B60002070BD2B6823F090
:1068C00004032B602B6843F00A03E2E78023C363D1
:1068D00080F824602846F0E70220EEE7034640B146
:1068E00090F82520022A06D00422C263002280F8F4
:1068F0002420012070470268806C116821F00E018D
:106900001160016821F480710160116821F00101BA
:106910001160D3E9100202F01C0101228A4042609A
:10692000D3E9132151605A6D32B1116821F480719D
:106930001160D3E9162151600122002083F825203F
:1069400083F82400704708B590F82530022B03D057
:106950000423C363012008BD03681A6822F00E02F5
:106960001A601A6822F001021A60826C136823F41C
:1069700080731360D0E9101303F01C0201239340CD
:106980004B60D0E913325A60436D33B11A6822F478
:1069900080721A60D0E916325A60012380F82530DF
:1069A000002380F82430836B03B198470020D2E79E
:1069B00070B4426C046C036826681D6802F01C0207
:1069C0000421914031420FD015F0040F0CD01A6809
:1069D00092065EBF1A6822F004021A60036B6160BF
:1069E000002B33D070BC184702219140314217D0A0
:1069F00015F0020F14D01A68940606D41A6822F013
:106A00000A021A60012280F82520114A93428CBFA5
:106A1000104B114B5960002380F82430C36ADFE724
:106A200008219140314211D029070FD5196821F072
:106A30000E011960012303FA02F26260C36380F859
:106A40002530002380F82430436BC9E770BC7047C1
:106A5000800002400004024000000240C06B70470A
:106A60000A4A536943F4802330B55361EFF310842D
:106A700072B60023CD58C5500433B3F5807FF9D1E9
:106A80001369DB03FCD484F3108830BD0040005848
:106A9000064B5A69002ABFBF054A9A6002F1883244
:106AA0009A60BABF5869C00F002070470040005874
:106AB00023016745044B5A6942F000425A61586904
:106AC000C043C00F704700BF00400058014B5868DA
:106AD000704700BF0C16002070B50546FEF766FA39
:106AE000124E04463369D90313D43369DA0744BF1D
:106AF000012232614CF2FA32134011D10B4E30694F
:106B000010F480200BD0FEF751FA001BA842F6D3F8
:106B100004E0FEF74BFA001BA842E3D3032070BD4C
:106B2000024A1361024A01205360F8E7004000580E
:106B30000C1600202DE9F041184D98462B78012BBA
:106B400006460C46174626D001232B704FF47A7068
:106B500000236B60FFF7C0FFA0B9012E16D1104AC9
:106B6000536943F0010353612760BFF36F8FC4F88B
:106B700004804FF47A70FFF7AFFF094A536923EAA4
:106B80000603536100232B70BDE8F081394620468F
:106B9000FFF766FFEDE70220F6E700BF0C160020C6
:106BA00000400058054A536923F47E7343EAC0004D
:106BB00040F4803040F002005061704700400058BF
:106BC0002DE9F041234F3B78012B054688463FD005
:106BD00001233B704FF47A7000237B60FFF77CFF4A
:106BE000044688B92B68042B13D11B4A536943F41C
:106BF000803343F0040353614FF47A70FFF76CFF66
:106C00000446154B1A681B6800233B702046BDE8FC
:106C1000F0814FF0FF33C8F800306E68D5E90132DB
:106C20001344B3420AD93046FFF7BCFF4FF47A70E1
:106C3000FFF752FF50B1C8F800600446064A536996
:106C400023F47E7323F002035361DAE70136E5E7AC
:106C50000224DBE70C160020004000582DE9F04F1D
:106C6000524C00234FF00F090A6832FA03F501D1A4
:106C7000BDE8F08F012505FA03F818EA020200F0DA
:106C80008E804E68032706F003054FEA430E07FA8D
:106C90000EFC6F1E012F6FEA0C0C32D8876807EAD2
:106CA0000C0ACF6807FA0EF747EA0A0787604768B9
:106CB00027EA0808C6F300179F4047EA080747601D
:106CC000C76807EA0C088F6807FA0EF747EA080753
:106CD000022DC76017D14FEAD30800EB880803F0F4
:106CE000070AD8F820704FEA8A0A09FA0AFB27EA4D
:106CF0000B0B0F6907FA0AF747EA0B07C8F8207071
:106D000001E0032DDCD1076805FA0EF507EA0C0750
:106D10003D4316F4403F056041D023F0030707F1DF
:106D2000804707F5803703F0030CBD684FEA8C0CF1
:106D30004FF0070E0EFA0CFEB0F1904F25EA0E0E42
:106D40002FD01B4DA8422ED005F58065A84214BF58
:106D50000725022505FA0CF545EA0E05BD602568F4
:106D6000D74316F4801F0CBF3D401543256065686E
:106D700016F4001F0CBF3D4015436560D4F88050E9
:106D800016F4803F0CBF3D401543C4F88050D4F842
:106D90008450B60354BF3D401543C4F884500133BA
:106DA00062E70025D6E70125D4E700BF00080058B8
:106DB00000040048374A2DE9F04F00234FF0010A44
:106DC0004FF0070B4FF00F0931FA03F401D1BDE882
:106DD000F08F0AFA03FC1CEA010654D023F00304E6
:106DE00004F1804404F5803403F00307A568BF0074
:106DF0000BFA07F8B0F1904F08EA050E45D0264D82
:106E0000A84244D005F58065A8420CBF022507259D
:106E1000BD40754517D1D2F8805025EA0605C2F865
:106E20008050D2F8845025EA0605C2F884501568CF
:106E300025EA06051560556825EA06055560A5682A
:106E400025EA0805A560056803265C0006FA04F437
:106E500023FA06F6254300EB8606056003F00705D6
:106E6000376AAD0009FA05F527EA05073762856834
:106E700025EA04058560456825EA0C054560C56876
:106E800025EA0404C46001339EE70025C0E701251C
:106E9000BEE700BF00080058000400480AB1816145
:106EA000704781627047436901EA030221EA0301E6
:106EB00041EA024181617047044AD168014208B544
:106EC00002D0D060FEF7AAFC08BD00BF0008005841
:106ED000024A136843F4807313607047000400583B
:106EE0000D4B10B55B690C4628B99A0507D500F023
:106EF00027F820B110BD9B0501D400F019F8074A0E
:106F00001369012C23F00403136101D130BFF1E7B1
:106F100040BF20BF20BFEDE70004005800ED00E0B7
:106F2000024B186800F4C060704700BF00040058AE
:106F3000024A136843F4804313607047000400580A
:106F40000C4A136823F4804313600B4B1B683221F7
:106F50004B430A49B3FBF1F35169890500D533B9B5
:106F6000536913F4007F14BF032000207047013BD6
:106F7000F2E700BF000400582400002040420F0048
:106F80000B4A136823F0070343F002031360094B15
:106F90001A69012842F004021A6105D130BF1A694A
:106FA00022F004021A61704740BF20BF20BFF6E7FD
:106FB0000004005800ED00E04FF0B0431868C0F343
:106FC000404070474FF0B0431868C0F3400070472E
:106FD0004FF0B042536823F47F4343EA00235360E9
:106FE00070474FF0B0431868C0F34060704700002E
:106FF0007FB54FF0B0432C4AD3F80831C0F30310EB
:1070000003F00F0352F82040284A52F82330B4FB13
:10701000F3F4FFF785FF264B054693E80700B5F527
:10702000007F04AB03E9070010D0224B9C4218D329
:1070300003F5B70303F67F539C4229D903F5741374
:1070400003F510639C4225D802230BE01A4B9C42A7
:1070500007D91A4B9C421BD903F5370303F5D853C4
:10706000F0E7002304AA02EB830353F80C4C144D01
:107070002B6823F0070323432B60FDF797FF064699
:107080002B6803F007039C4206D1002004B070BDBA
:107090000123E7E70024EAE7FDF788FF801B0228C9
:1070A000EED90320F2E700BFD4D5000834D600089B
:1070B00090CC0008C0CF6A00BFEA21013F933402A0
:1070C000004000584FF0B04310B59A68D96812F0EC
:1070D0000C0205D00C2A4AD101F00303012B51D137
:1070E0004FF0B0412B480B6813F0080306D00B6833
:1070F00013F0080337D1D1F8941007E00C68240787
:1071000056BFD1F894300968C3F3032350F82330F5
:10711000002A0CBF184600204FF0B0418A6802F0E8
:107120000C020C2A1ED1CA6802F00302022A2ED0D9
:10713000032A06D10B68184A13F4801F174B18BF97
:1071400013464FF0B042D068D168D268C0F3062031
:107150005843C1F302130133B0FBF3F0530F013373
:10716000B0FBF3F010BD0B68C3F30313CEE7042AA2
:1071700005D0082A06D11B6813F4801305D00648F1
:107180000023C9E700231846C6E70448C4E7024BBA
:10719000D7E700BFD4D500080024F4000048E80178
:1071A00008B5FFF78FFF4FF0B043044A9B68C3F365
:1071B000031352F82330B0FBF3F008BD34D60008B7
:1071C0002DE9F0410446002853D04FF0B0439D68AC
:1071D000DE6803689B0605F00C0506F0030668D51B
:1071E000026A1DB10C2D46D1012E44D1002A40D097
:1071F0004FF0B043A16A1A68170756BFD3F894300E
:107200001B681B0903F0F00399421FD90846FFF7DA
:10721000EFFE00282DD14FF0B042136843F0080371
:1072200013601368A16A23F0F0030B431360606AD4
:10723000FFF7CEFEFFF7B4FFAB4B1860AB4B1868FF
:10724000FEF7F6FF002834D0BDE8F0814FF0B042E1
:10725000136843F008031360136823F0F0030B4333
:107260001360606AFFF7B4FE0846FFF7C1FE00280E
:10727000E0D00120E8E74FF0B043002A54D01A686C
:1072800042F001021A60FDF791FE0746FFF79AFEF1
:10729000002842D04FF0B042136843F00803136057
:1072A0001368A16A23F0F0030B431360606AFFF7D1
:1072B0008FFE2368D80748D42368990700F18C8093
:1072C00023681E0740F1FA80A3694FF0B046002BF7
:1072D00000F0E180D6F89430E16903F010029142A9
:1072E00000F0C48003F00302022AC2D0D80740F1A4
:1072F000B380D6F8943023F00103C6F89430FDF73C
:1073000055FE0746D6F89430990740F1A580FDF761
:107310004DFEC31B112BF5D904E0FDF747FEC01B42
:107320000228B3D903208FE71A6822F001021A60FD
:10733000FDF73CFE0746FFF745FE0028B9D0FDF7F4
:1073400035FEC01B0228F6D9ECE7082D03D00C2D22
:1073500005D1032E03D16368002BADD189E74FF02F
:10736000B043A1681A6822F480120A431A60626866
:10737000B2F5803F10D11A6842F480321A60FDF7EE
:1073800015FE0746FFF718FE002895D1FDF70EFE03
:10739000C01B6428F6D9C5E7B2F5041F04D11A68EA
:1073A00042F400121A60E6E7196821F4803119608E
:1073B000196821F400111960002AE0D1FDF7F6FDEB
:1073C0000746FFF7F9FD00283FF476AFFDF7EEFD25
:1073D000C01B6428F5D9A5E7042D236903D00C2D23
:1073E0000ED1022E0CD1002B3FF443AF4FF0B04230
:1073F0006169536823F0FE4343EA016353605FE72A
:107400004FF0B046BBB1336843F480733360FDF78F
:10741000CDFD074633685A0505D4FDF7C7FDC31BEC
:10742000022BF7D97EE77368626923F0FE4343EAD3
:107430000263736044E7336823F480733360FDF7BD
:10744000B5FD074633685B057FF53AAFFDF7AEFD46
:10745000C31B022BF6D965E74FF0B042E169D2F8C1
:10746000943023F010030B43C2F894304FF0B04730
:10747000D7F8943043F00103C7F89430FDF796FD38
:107480000646D7F894309A0718D4FDF78FFD831B72
:10749000112BF6D946E7D6F8943023F00103C6F84D
:1074A0009430FDF783FD0746D6F894309B0705D549
:1074B000FDF77CFDC31B112BF6D933E72368580772
:1074C00054D50B4F3B68D90514D4FFF701FDFDF7E8
:1074D0006DFD06463B68DA050CD4FDF767FD831B9E
:1074E000022BF7D91EE700BF240000202C0000204B
:1074F00000040058E3684FF0B046002B58D023F04A
:107500008003052B02BFD6F8903043F00403C6F881
:1075100090304FF0B046FDF749FDD6F8903043F07B
:1075200001030746C6F8903041F28838D6F890300B
:107530009B0705D4FDF73AFDC31B4345F6D9F1E699
:10754000E36823F00403812B1BD1FDF72FFDD6F850
:10755000903043F08003C6F8903007464FF0B046B5
:1075600041F28838D6F89030180504D5E36A002B2C
:107570004AD1002068E6FDF719FDC01B4045F1D94E
:10758000D0E6FDF713FDD6F8903023F08003C6F85F
:10759000903007464FF0B04641F28838D6F8903028
:1075A0001905E3D5FDF702FDC01B4045F6D9B9E644
:1075B000FDF7FCFCD6F8903023F080030746C6F8B0
:1075C000903041F28838D6F890301A0516D4FDF77D
:1075D000EDFCD6F8903023F00103C6F89030074652
:1075E0004FF0B04841F28836D8F890309B07BDD5AF
:1075F000FDF7DCFCC31BB342F6D993E6FDF7D6FCDE
:10760000C01B4045DFD98DE60C2D4ED0022B4FF02C
:10761000B0431A6822F080721A6033D1FDF7C6FCBD
:107620000546FFF7DEFC38BBD4E90C314FF0B04221
:107630000B43D0682D4901400B43E16B0B43216C98
:107640000B43616C0B43A16B43EA0123D3601368C6
:1076500043F080731360D36843F08053D360FDF729
:10766000A5FC0446FFF7BDFC002882D1FDF79EFC77
:10767000001B0A28F6D955E6FDF798FC401B0A289E
:10768000CFD94FE6FDF792FC0446FFF7AAFC30B9CC
:107690004FF0B042164BD1680B40D36069E7FDF75D
:1076A00085FC001B0A28F0D93CE6012B3FF4E1AD34
:1076B0004FF0B043D868236B00F003029A427FF486
:1076C000D8AD626B00F0700393427FF4D2ADA26B31
:1076D00000F4FE43B3EB022F7FF4CBAD636C00F0FC
:1076E0006040C01A18BF0120AEE500BF8C80C111F8
:1076F000FCFFFEEE2DE9F0410D46044610B90120D5
:10770000BDE8F081684E336803F007038B4216D35F
:1077100023689A0727D54FF0B047A268BB6823F0CB
:10772000F0031343BB60FDF741FC0646BB68DB0377
:1077300019D4FDF73BFC831B022BF7D911E033680A
:1077400023F007030B433360FDF730FC0746336833
:1077500003F00703AB42DBD0FDF728FCC01B022877
:10776000F5D90320CCE72368580617D54FF0B0476A
:107770006269D7F8083123F00F0343EA1213C7F800
:107780000831FDF713FC0646D7F80831D90305D4B4
:10779000FDF70CFC831B022BF6D9E2E723685A079E
:1077A00013D54FF0B047E268BB6823F4E06313439E
:1077B000BB60FDF7FBFB0646BB689B0305D4FDF7EA
:1077C000F5FB831B022BF7D9CBE72368180714D5E9
:1077D0004FF0B0472269BB6823F4605343EAC20309
:1077E000BB60FDF7E3FB0646BB68590305D4FDF714
:1077F000DDFB831B022BF7D9B3E72368DA070FD42D
:10780000294C236803F00703AB4239D8FFF7C8FCC3
:10781000264B1860264BBDE8F0411868FEF708BDFE
:107820006268022A1DD1FFF7C7FB00283FF467AF4B
:107830004FF0B04641F28838B36823F00303134396
:10784000B360FDF7B3FB0746B368626803F00C034F
:10785000B3EB820FD4D0FDF7A9FBC01B4045F3D991
:107860007FE7032A02D1FFF7BCFBDEE712B9FFF77F
:10787000A9FBDAE74FF0B0431B685B05D8D43EE7BD
:10788000236823F007032B432360FDF78FFB064695
:10789000236803F00703AB42B8D0FDF787FB801BDA
:1078A0000228F5D95DE700BF004000582400002001
:1078B0002C00002008B5FFF773FC4FF0B043044ADA
:1078C0009B68C3F3022352F82330D84008BD00BFA1
:1078D00014D6000808B5FFF763FC4FF0B043044A24
:1078E0009B68C3F3C22352F82330D84008BD00BFC1
:1078F00014D600084FF0B043D3F89000C0F3400016
:1079000070474FF0B0410209D1F8883002F47F226D
:10791000000123EA020300F47F200343C1F888300A
:1079200070474FF0B041020CD1F88830120423EABE
:10793000020343EA0040C1F8880070470368DA0395
:1079400070B5044639D5FFF7C3FAFDF72FFB614E3A
:1079500005463368DB0532D54FF0B043616BD3F891
:10796000902002F4407291421DD0D3F89010D3F8C9
:10797000902042F48032C3F89020D3F8902021F474
:10798000407022F480328D07C3F89020C3F8900035
:1079900009D5FDF70BFB41F288360546FFF7AAFF34
:1079A000012840F090804FF0B042616BD2F89030E7
:1079B00023F440730B43C2F89030002605E0FDF736
:1079C000F5FA401B0228C4D903262568E8070AD522
:1079D0004FF0B0416268D1F8883023EA124392B286
:1079E0001343C1F88830A9070AD54FF0B041A26807
:1079F000D1F8883023EA124392B21343C1F8883099
:107A0000AA0609D54FF0B0422169D2F8883023F494
:107A100040630B43C2F88830AB0502D5206AFFF7FC
:107A200080FF680502D5606AFFF77BFF290502D554
:107A3000A06AFFF776FF6A0602D56069FFF761FF6B
:107A40002B0602D5A069FFF75CFFE80502D5E069C7
:107A5000FFF757FFE90610D54FF0B042E168D2F8C2
:107A6000883023F440730B43C2F88830B1F5807F2F
:107A700002BFD36843F08073D3602A040ED54FF061
:107A8000B042216BD2F8883023F040430B43C2F858
:107A9000883019B9D36843F08073D3606B0410D574
:107AA0004FF0B042E16AD2F8883023F040530B43E4
:107AB000B1F1005FC2F8883003D1D36843F480335A
:107AC000D360304670BDFDF771FA401BB0427FF6BF
:107AD00065AF79E70004005830B590F82C30012BE1
:107AE00002464FF0020022D0174B82F82D00CA2424
:107AF000012582F82C505C6253245C62B1F5807FD2
:107B0000146B996914D121F488519961596C24F04E
:107B1000010421F0004159641463DD650A4BFF2123
:107B200059620020012382F82D3082F82C0030BDEC
:107B300021F408519961D96C24F0020421F000412C
:107B4000D9641463D865E9E70028004070B50B4E8E
:107B5000036B756D1D40EA07044603D50123F365E9
:107B6000FDF765FBAB0704D50223F365204600F063
:107B7000B9F9012384F82D3070BD00BF0028004002
:107B800038B50A4CE36823F02003E360FDF70EFAF2
:107B90000546E3689B0601D5002038BDFDF706FACF
:107BA000401BB0F57A7FF4D90320F6E700280040A7
:107BB000F8B5114DEC6814F0400406461AD1EB6894
:107BC00043F08003EB60FDF7F1F923460746EC68CC
:107BD00014F0400401D1032B01D11846F8BDFDF784
:107BE000E5F9C01BB0F57A7F234684BF032386F8EE
:107BF0002D30ECE70023F0E70028004038B50F4CAB
:107C0000E36823F08003E360A3699B06054606D47E
:107C1000FFF7B6FF10B1032085F82D0038BDA3692A
:107C200023F02003A361FFF7ABFF10B1032085F819
:107C30002D00A36943F02003A361EFE70028004073
:107C400038B5044600284BD090F82D3003F0FF02E1
:107C50001BB980F82C20FDF7A5F80223214D84F8EC
:107C60002D30EB68DB0636D4CA236B6253236B627C
:107C70002046FFF79DFF10B1FF236B6238BDAB6953
:107C800023F08E6323F04003AB6121696368AA6926
:107C90000B431343A2691343AB61D4E9022343EAC4
:107CA00002432B61D4E90931EA680B4322F4F8520C
:107CB0001343EB602046FFF7A1FF0028DCD1D4E995
:107CC0000713AA690B4322F060421343626913430E
:107CD000AB61FF236B62012384F82D300020CDE7D8
:107CE0000120CBE7002800400023092803D840EA00
:107CF0000310C0B270470A380133C0B2F5E7000084
:107D00002DE9F04790F82C30012B05464FF002008A
:107D100069D0012385F82C304E4B85F82D00DE68A4
:107D200006F44076B6F5807F78D04C69087891F8F3
:107D3000019091F802A091F82470002A55D19B6916
:107D400013F0400308BFCB70FFF7CEFF80464846D4
:107D5000FFF7CAFF02465046FFF7C6FF8146384686
:107D6000FFF7C2FF0B6ACF78234343EA875343EA06
:107D7000090343EA084343EA022343EA0063354A1E
:107D8000CA205062532050628C6A8869B4F5807FA3
:107D9000946945D124F4885494610124D465B6F5DE
:107DA000807F09BFCB6913640343536418BF5064D9
:107DB000284B4A681A672A6B42F001022A639A69C3
:107DC00042F488529A61244AD2F8803043F4003356
:107DD000C2F880301F4BFF225A620020012385F831
:107DE0002D3085F82C00BDE8F087B4F1803F07D036
:107DF000B4F5000F04D09B6913F0400308BFCB70AB
:107E00000B6ACA781C4344EA0A0444EA004343EA82
:107E1000092343EA825343EA0763B0E70023AEE74E
:107E200024F4085494610224D465B6F5807F09BF18
:107E3000CB6993640343D36418BFD064054B4A688D
:107E40005A672A6B42F002022A639A6942F4085286
:107E5000B8E700BF002800400008005890F82C2028
:107E6000012A03464FF0020012D00A4A83F82D007F
:107E7000CA21516253215162916941F020019161FF
:107E8000FF2151620020012283F82D2083F82C006D
:107E9000704700BF0028004090F82C20012A0346BC
:107EA0004FF0020019D00D4A83F82D00CA2151620B
:107EB0005321516291690A4841F080019161D0F8E3
:107EC000801041F48021C0F88010FF215162002011
:107ED000012283F82D2083F82C00704700280040F1
:107EE000000800587047890001F1804101F53141D7
:107EF0000A607047890001F1804101F5314108684D
:107F000070470000034AD2F8903043F40043C2F8AF
:107F10009030704700040058034AD2F8903023F4A0
:107F20000043C2F89030704700040058074B1A68AD
:107F300022F040021A6040F441704FF4B8521860C9
:107F40005A601A6842F040021A60704700000158F7
:107F500037B5054600284ED0837903F0FF046BB196
:107F6000032C0BD0254B4FF400629A612868FFF771
:107F7000DDFF002401232B71AC602FE000236B7127
:107F80002846FCF7A3FF1E4AD2F8903043F48053F2
:107F9000C2F89030002CE5D102234FF0B042AB7113
:107FA000D2F8943023F40043C2F89430154B1B6888
:107FB0001C214B43DB0C64214B430193019B93B980
:107FC0000124AC60FFF79EFF0C4B9A6842F40062FC
:107FD0009A604FF400629A61002CC7D00123AB7104
:107FE000204603B030BD019B013B0193D2F8943091
:107FF0005B04E3D4E6E70124F2E700BF0004005885
:10800000000800582400002037B5174D2B680246A1
:108010001C204343DB0C6420434314480193019B21
:1080200093B901209060114C21732B681C214B43A4
:10803000DB0C64214B430193019B6BB901209060E1
:108040000A4BDB6803B030BD019B013B01938368A1
:108050009C07E4D50020E6E7019B013B0193A36860
:10806000DB07E9D5ECE700BF240000200000015841
:1080700037B5184D2B6802461C204343DB0C6420A7
:10808000434315480193019BA3B901209060124C12
:10809000FF2323732B681C256B43DB0C64256B4388
:1080A0000193019B73B9012090600B4BDB680B704F
:1080B00003B030BD019B013B019383689C07E2D56F
:1080C0000020E4E7019B013B0193A368DB07E8D5AF
:1080D000EBE700BF24000020000001580E4B0F49C1
:1080E0001B681822534382B01B0D64225343019333
:1080F0004B69019AC3F3800322B9022383600120F4
:1081000002B07047019A013A01924A69920701D57B
:10811000002BEDD10020F3E72400002000040058DC
:1081200007B50379012B0FD10A4B1B681822534363
:108130001B0C0193FFF7F0FE019B013B0193019B98
:10814000002BF9D1FFF7DEFE03B05DF804EBFFF77B
:10815000C5BF00BF24000020F8B51E468379012B5F
:10816000154604460F46DAB22DD14379012B2AD0A9
:10817000022342718371FFF7D3FF0D212046FFF7E1
:10818000CBFEFFF741FF390A2046FFF73DFFF9B26A
:108190002046FFF739FF2E44B5420ED12046FFF7A7
:1081A000B1FEFFF79BFFA06801230038A3714FF0D9
:1081B000000318BF01206371F8BD15F8011B2046AC
:1081C000FFF722FFE8E70220F6E7F8B51E468379BD
:1081D000012B154604460F46DAB22FD14379012B05
:1081E0002CD04271FFF79CFF1D212046FFF794FE23
:1081F000FFF70AFF390A2046FFF706FFF9B22046CB
:10820000FFF702FF00212046FFF7FEFE2E44B54295
:108210000ED12046FFF776FEFFF760FFA06801232E
:108220000038A3714FF0000318BF01206371F8BD3F
:1082300029462046FFF71CFF0135E8E70220F6E754
:10824000F8B51F468379012B154604460E46DAB26F
:108250002CD14379012B29D04271FFF761FF06F041
:10826000EF03A3F184025342534123713146204668
:10827000FFF752FEFFF7C8FE2F44AF4210D1FFF7C1
:1082800041FE842E02D02046FFF728FFA06801237C
:108290000038A3714FF0000318BF01206371F8BDCF
:1082A00015F8011B2046FFF7AFFEE6E70220F6E7D0
:1082B000F8B51E468379012B154604460F46DAB2FF
:1082C00027D14379012B24D04271FFF729FF39468A
:1082D0002046FFF721FEFFF797FE00212046FFF71B
:1082E00093FE2E44B5420ED12046FFF70BFEFFF75A
:1082F000F5FEA06801230038A3714FF0000318BFFA
:1083000001206371F8BD29462046FFF7B1FE013513
:10831000E8E70220F6E737B50023ADF8043001AAFC
:10832000022312210546FFF7C3FFBDF804400223D4
:1083300064BA1946A4B201AA2846FFF781FFE307F1
:1083400002D5284603F0E6F804F04203022B02D1DE
:10835000284603F0E5F8600702D5284603F00AF93D
:10836000210702D5284603F00BF9E20602D528467C
:1083700003F00CF9A30602D5284603F0F5F86006D1
:1083800002D5284603F0D2F8210606D514F48071F0
:1083900018BF0121284603F0CFF8A20502D52846D0
:1083A00003F0DAF8630402D5284603F0F5F803B0C9
:1083B00030BDF8B51E468379012B154604460F469D
:1083C000DAB227D14379012B24D04271FFF7A8FEFE
:1083D0000E212046FFF7A0FDFFF716FE3946204686
:1083E000FFF712FE2E44B5420ED12046FFF78AFD5C
:1083F000FFF774FEA06801230038A3714FF000035B
:1084000018BF01206371F8BD15F8011B2046FFF766
:10841000FBFDE8E70220F6E7F8B51E468379012B5D
:10842000154604460F46DAB22BD14379012B28D0EA
:108430004271FFF775FE1E212046FFF76DFDFFF725
:10844000E3FD39462046FFF7DFFD00212046FFF718
:10845000DBFD2E44B5420ED12046FFF753FDFFF75A
:108460003DFEA06801230038A3714FF0000318BF40
:1084700001206371F8BD29462046FFF7F9FD01355B
:10848000E8E70220F6E7026852E8003F23F0C00365
:1084900042E8003102680029F5D102F1080353E8EF
:1084A000003F23F4000302F1080C4CE800310029DE
:1084B000F3D12023C0F888307047000010B502685F
:1084C00052E8003F23F4907342E80031026800292B
:1084D000F5D10F4C02F1080353E8003F234002F1AD
:1084E000080C4CE800310029F4D1C36E012B07D1F0
:1084F00052E8003F23F0100342E800310029F7D191
:108500002023C0F88C300023C366436710BD00BF32
:10851000FEFFFFEFF8B504461346D4F88850202D2F
:1085200032D1F1B1EAB1E06FA4F85620A4F854209A
:1085300000262122C4F890602165C4F888202268B2
:1085400088B1124FC762124F0763124F2832C0E939
:108550000D76FEF77FF930B11023C4F89030C4F8DF
:1085600088500120F8BD236840221A62226802F177
:10857000080353E8003F43F0800302F1080141E89B
:1085800000300028F3D1EDE70220EBE7D5860008A4
:108590001D8700082787000810B50446226852E8A6
:1085A000003F23F0C00342E8003123680029F5D1E1
:1085B00003F1080252E8002F22F4000203F1080040
:1085C00040E800210029F3D19A6812061BD503F177
:1085D000080252E8002F22F0800203F1080040E870
:1085E00000210029F3D1E06F68B18163FEF776F9CD
:1085F00048B1E06FFEF732FA202804D11023C4F806
:108600009030032010BD0023A4F85630636EB3F100
:10861000005F01BF2268936943F010039361202338
:10862000C4F888300020EDE710B50446226852E80F
:10863000003F23F4907342E8003123680029F5D10C
:10864000234803F1080252E8002F024003F1080C0E
:108650004CE800210029F4D1E26E012A07D153E849
:10866000002F22F0100243E800210029F7D19A6878
:1086700052061DD503F1080252E8002F22F04002F5
:1086800003F1080040E800210029F3D1D4F880006C
:1086900070B18163FEF722F950B1D4F88000FEF783
:1086A000DDF9202804D11023C4F89030032010BD38
:1086B000236800200F22A4F85E001A629A6942F033
:1086C00008029A612023C4F88C30E066EFE700BF0F
:1086D000FEFFFFEF08B50346806A1B681B6813F0B6
:1086E000200317D1A0F85630026802F1080353E8BE
:1086F000003F23F08003083242E80031026800297D
:10870000F2D152E8003F43F0400342E80031002933
:10871000F7D108BDFCF766FFFBE7704708B5806A34
:10872000FFF7FBFF08BD806A38B50468D0F88830D1
:10873000D0F88C50A268120606D5212B04D1002354
:10874000A0F85630FFF79FFEA3685B0606D5222DE2
:1087500004D10023A0F85E30FFF7B0FED0F89030CF
:1087600043F01003C0F89030FBF724FF38BD08B584
:10877000806A0023A0F85E30A0F85630FBF71AFF9D
:1087800008BD00000368D9691A682DE9F04140F678
:108790000F0631429D68044610D18E0640F1978045
:1087A00002F0200605F080573E4300F09080436FB2
:1087B000002B00F08580BDE8F0411847AB4EAC4877
:1087C0002E401040304300F08280CF0709D5D005FD
:1087D00007D501201862D4F8900040F00100C4F8D9
:1087E00090008F0709D5E80707D502201862D4F852
:1087F000900040F00400C4F890004F0709D5E80746
:1088000007D504201862D4F8900040F00200C4F8A4
:1088100090000F070BD502F02000304307D008204E
:108820001862D4F8900040F00800C4F890000E05DB
:108830000AD5500108D54FF400601862D4F8903082
:1088400043F02003C4F89030D4F89030002B37D098
:108850008B0609D502F0200205F080552A4303D08B
:10886000636F0BB1204698472668D4F89020B36810
:1088700002F0280203F0400353EA0205204621D00B
:10888000FFF71CFEB3685F0617D5226802F10803E4
:1088900053E8003F23F04003083242E8003100294A
:1088A000F3D1D4F8800040B1724B8363FEF74BF8EC
:1088B00030B1D4F88000836B7DE72046FBF77AFE69
:1088C000BDE8F081FBF776FEC4F89050F8E7E06E63
:1088D000012840F08980CE0640F18680D00640F124
:1088E000838010221A629A6851064BD5D4F88020F2
:1088F00011684A6892B2002AE2D0B4F85C00904253
:10890000DED9A4F85E200A6892062FD453E8002F1F
:1089100022F4807243E800210029F7D103F1080214
:1089200052E8002F22F0010203F1080040E8002184
:108930000029F3D103F1080252E8002F22F040028F
:1089400003F1080040E800210029F3D12022C4F8F7
:108950008C20E16653E8002F22F0100243E800214A
:108960000029F7D1D4F88000FDF7B8FF0223236770
:10897000B4F85E30B4F85C10C91A89B22046FBF72F
:10898000DFFD9DE7B4F85E20B4F85E00B4F85C103B
:1089900080B292B2002893D0891A89B200298FD070
:1089A00053E8002F22F4907243E800200028F7D10A
:1089B000314D03F1080252E8002F2A4003F1080666
:1089C00046E800200028F4D12022C4F88C206067FB
:1089D000E06653E8002F22F0100243E80020002850
:1089E000F7D102232367C9E7CF0209D56E0207D565
:1089F0004FF4801220461A62BDE8F04100F05EBEDE
:108A000008060BD502F0800005F40005284305D0C8
:108A1000A36F002B3FF454AF2046CCE64F0611D590
:108A200056060FD553E8002F22F0400243E80021FC
:108A30000029F7D12023C4F88830A1672046FCF72D
:108A4000D1FD3DE70D0206D5500004D52046BDE816
:108A5000F04100F035BECB017FF532AF002ABFF602
:108A60002FAF2046BDE8F04100F029BE0100001004
:108A7000200100046F870008FEFFFFEFD0F88C2074
:108A8000B0F86010222A08B5036855D15B6A826D80
:108A90000B401370836D01338365B0F85E30013B8A
:108AA0009BB2A0F85E30B0F85E309BB2002B42D192
:108AB000026852E8003F23F4907342E800310368F3
:108AC0000029F5D103F1080252E8002F22F001023B
:108AD00003F1080C4CE800210029F3D12022C0F852
:108AE0008C20184A41679342016705D1C26E012A62
:108AF0000ED0FCF785FD1EE05A681102F6D553E84A
:108B0000002F22F0806243E800210029F7D1EDE731
:108B10000022C26653E8002F22F0100243E8002131
:108B20000029F7D1DA69B0F85C10D20644BF1022F0
:108B30001A62FBF705FD08BD9A6942F008029A61C6
:108B4000F9E700BF00800040D0F88C20B0F860103A
:108B5000222A08B5036852D15A6A1140826D22F860
:108B6000021B8265B0F85E20013A92B2A0F85E2046
:108B7000B0F85E2092B2002A40D153E8002F22F4D0
:108B8000907243E800210029F7D103F1080252E86E
:108B9000002F22F0010203F1080C4CE8002100290B
:108BA000F3D12022C0F88C20174A41679342016715
:108BB00005D1C26E012A0ED0FCF722FD1EE05A68D4
:108BC0001102F6D553E8002F22F0806243E800211D
:108BD0000029F7D1EDE70022C26653E8002F22F00A
:108BE000100243E800210029F7D1DA69B0F85C10DF
:108BF000D20644BF10221A62FBF7A2FC08BD9A6994
:108C000042F008029A61F9E7008000402DE9F84F30
:108C10000368B0F86060D3F81CB01F689D68D0F896
:108C20008C20222A044640F0B980B0F8683043B165
:108C3000DFF87491DFF874A14FF000081BF0200FEB
:108C400020D1B4F85E309BB2D3B1B4F868209A4218
:108C500016D9226802F1080353E8003F23F080533D
:108C6000083242E8003122680029F2D1504B636794
:108C700052E8003F43F0200342E800310029F7D1D9
:108C8000BDE8F88F2368A26D5B6A33401370A36D53
:108C90000133A365B4F85E30013B9BB2A4F85E30AB
:108CA0002368D3F81CB01BF0070F2ED01BF0010F68
:108CB00009D0F90507D501221A62D4F8902042F0B4
:108CC0000102C4F890201BF0020F09D0EA0707D573
:108CD00002221A62D4F8902042F00402C4F89020D4
:108CE0001BF0040F09D0E80707D504221A62D4F854
:108CF000903043F00203C4F89030D4F8903023B1A0
:108D00002046FBF757FCC4F89080B4F85E309BB265
:108D1000002B93D1226852E8003F23F4807342E88D
:108D2000003123680029F5D103F1080252E8002F31
:108D300002EA090203F1080040E800210029F3D10A
:108D400020225345C4F88C20616721670AD05A68F5
:108D5000110207D553E8002F22F0806243E800217A
:108D60000029F7D1E26E012A14D10022E26653E80D
:108D7000002F22F0100243E800210029F7D1DA6920
:108D8000B4F85C10D20644BF10221A622046FBF7EA
:108D9000D7FB53E72046FCF733FC4FE79A6942F0D4
:108DA00008029A616CE700BFFEFFFFEF0080004001
:108DB0007D8A00082DE9F84F0368B0F86060D3F8A9
:108DC0001CB01F689D68D0F88C20222A044640F011
:108DD000B780B0F8683043B1DFF87091DFF870A168
:108DE0004FF000081BF0200F20D1B4F85E309BB28A
:108DF000D3B1B4F868209A4216D9226802F1080368
:108E000053E8003F23F08053083242E800312268E3
:108E10000029F2D14F4B636752E8003F43F0200333
:108E200042E800310029F7D1BDE8F88F2368A26D30
:108E3000596A314022F8021BA265B4F85E20013A5B
:108E400092B2A4F85E20D3F81CB01BF0070F2ED00E
:108E50001BF0010F09D0F90507D501221A62D4F8D9
:108E6000902042F00102C4F890201BF0020F09D0BC
:108E7000EA0707D502221A62D4F8902042F00402D1
:108E8000C4F890201BF0040F09D0E80707D504228E
:108E90001A62D4F8903043F00203C4F89030D4F84A
:108EA000903023B12046FBF785FBC4F89080B4F8DE
:108EB0005E309BB2002B95D1226852E8003F23F42C
:108EC000807342E8003123680029F5D103F10802DC
:108ED00052E8002F02EA090203F1080040E80021ED
:108EE0000029F3D120225345C4F88C206167216703
:108EF0000AD05A68110207D553E8002F22F0806289
:108F000043E800210029F7D1E26E012A14D10022A2
:108F1000E26653E8002F22F0100243E80021002906
:108F2000F7D1DA69B4F85C10D20644BF10221A6295
:108F30002046FBF705FB55E72046FCF761FB51E7B0
:108F40009A6942F008029A616EE700BFFEFFFFEFE8
:108F500000800040498B000838B504460368216949
:108F6000A2681D68C0690A4361690A4377490243E0
:108F700029400A431A605A68E16822F440520A43C1
:108F80005A60734AA16993421CBF226A11439A68CE
:108F900022F06E4222F430620A439A60DA6A616A11
:108FA00022F00F020A43DA626A4A934219D14FF063
:108FB000B043694AD3F8883003F0030343F44033E5
:108FC000934200F0B480B3F1031F24D0013A9342DE
:108FD00040F0B580B0F5004F40F08F80FEF772F89A
:108FE0006EE05E4A93421CD14FF0B0435C49D3F827
:108FF000883003F00C0343F440228A4200F097804B
:1090000006D8002B7CD0574B9A42E3D0012026E0B3
:10901000B2F10C1FFAD1B0F5004F53D04FF400401D
:1090200075E04B4A9342F1D14FF0B043D3F888300A
:1090300003F44063B3F5006F18D006D85BB1B3F505
:10904000806FE3D1FEF73EF807E0B3F5406FDDD166
:109050004FF400400BE0FEF72DFC40B900204FF02C
:109060000113A3660023C4E91D3338BD3E4865687B
:109070003E4B626A05EB450133F81220B0FBF2F378
:109080009942C3D8B3EB053FC0D800231946FAF77D
:10909000CFF8090241EA10616B080002C0182A46A5
:1090A0004FF0000341F10001FAF7C2F8304BA0F590
:1090B00040729A42AAD82368D860CFE7FEF7FAFB3D
:1090C0000028CBD06168294B626A33F81220B0FBCC
:1090D000F2F24B0803EB42034FF6EF72B3FBF1F3EE
:1090E000A3F11001914291D823F00F02216892B2AE
:1090F000C3F342031343CB60B0E7FDF7E3FF04E0A3
:10910000B0F5004FDAD0FEF7D5FB0028A6D0636893
:10911000616A164A32F81120B0FBF2F000EB5300FE
:10912000B0FBF3F04FF6EF73A0F11002C1E7B0F51A
:10913000004F0D48EBD1C5E7FEF7CCFBC0E7B0F51B
:10914000004FF9D0FEF7C6FBDFE700BFF369FFCFA2
:10915000008000400038014002000300004400404D
:1091600008000C0004000C000024F40074D6000871
:10917000FFFC0F00836A1A0710B506D50168846BDF
:109180004A6822F4004222434A60DC0706D501689F
:10919000C46A4A6822F4003222434A60990706D51D
:1091A0000168046B4A6822F4803222434A605A07FD
:1091B00006D50168446B4A6822F4802222434A6043
:1091C000DC0606D50168C46B8A6822F4805222430B
:1091D0008A60990606D50168046C8A6822F40052F8
:1091E00022438A605A060FD50168446C4A6822F40B
:1091F00080122243B4F5801F4A6005D14A68846C0E
:1092000022F4C00222434A601B0606D50268C16CE4
:10921000536823F400230B43536010BD2DE9F8433A
:10922000DDF8209005460E46174698462A68D36911
:1092300036EA03030CBF01230023BB4201D0002008
:1092400029E0B9F1FF3FF2D0FBF7B0FEA0EB080038
:1092500048452C6802D8B9F1000F1ED154E8003FF0
:1092600023F4D07344E80032002AF7D104F1080354
:1092700053E8003F23F0010304F1080141E8003204
:10928000002AF3D12023C5F88830C5F88C3000239C
:1092900085F884300320BDE8F88323685A07C5D5D4
:1092A000802EC3D0402EC1D0E3691B05BED54FF43C
:1092B0000063236254E8003F23F4D07344E8003293
:1092C000002AF7D104F1080353E8003F23F001031B
:1092D00004F1080141E80032002AF3D12023C5F847
:1092E0008830C5F88C30C5F89030D0E72DE9F743C9
:1092F0009846D0F88830202B04460E46174643D1B6
:10930000002943D0002A41D021230025C0F89050E5
:10931000C0F88830FBF74AFEA368A4F85470B3F590
:10932000805F8146A4F8567003D123690BB9354696
:109330001E46B4F85620CDF8008092B24B4642B992
:1093400040212046FFF76AFF48B92023C4F888303F
:1093500006E0002280212046FFF760FF18B10320BD
:1093600003B0BDE8F08322685EB935F8023BC3F371
:1093700008039362B4F85620013A92B2A4F856203A
:10938000D7E716F8013BF4E70220E9E70120E7E719
:109390002DE9F7439846D0F88C30202B04460F4631
:1093A000164658D1002958D0002A56D0222300252D
:1093B000C0F89050C0F88C30C566FBF7F7FDA36885
:1093C000A4F85C60B3F5805F8146A4F85E600FD1BD
:1093D0002369D3B1FF263246A4F86020B4F85E00BA
:1093E00080B2F8B92023C4F88C3003B0BDE8F08314
:1093F00023B9256995B9FF221646EDE7B3F1805FE1
:1094000009D1236953B13F22F6E740F2FF163D46EA
:1094100032460027E0E72A462E46DDE77F22164641
:109420001D46D9E7CDF800804B460022202120467A
:10943000FFF7F4FE98B923685B6A334047B925F813
:10944000023BB4F85E30013B9BB2A4F85E30C5E746
:1094500007F8013BF5E70220C7E70120C5E7032035
:10946000C3E773B504460026C0F89060FBF79EFD85
:1094700023681B681A07054619D423681B685B0715
:109480000AD56FF07E43009300222B464FF48001F3
:109490002046FFF7C3FEB0B900202023C4F888306F
:1094A00084F88400C4F88C30E06620670CE06FF02C
:1094B0007E430093324603464FF400112046FFF7E7
:1094C000ADFE0028D9D0032002B070BD10B504460F
:1094D00050B3D0F888301BB980F88430FBF740FFD8
:1094E00022682423C4F88830136823F00103136032
:1094F000A36A13B12046FFF73DFE2046FFF72CFD7F
:10950000012811D023685A6822F490425A609A6860
:1095100022F02A029A601A6842F0010220461A607C
:10952000BDE81040FFF79DBF012010BD30B581653B
:109530008168A0F85C200023B1F5805FA0F85E2070
:10954000436735D10369002B40F2FF1318BFFF2397
:10955000A0F860300023C0F890302223C0F88C308F
:10956000016801F1080353E8003F43F001030831AB
:1095700041E800340368002CF2D1456E846801692B
:10958000B5F1005F32D1B0F8685095422ED8B4F5ED
:10959000805F244A03D1244C002908BF2246426739
:1095A000B1B153E8002F42F4807243E80021F7E79D
:1095B00029B90369002B14BF7F23FF23C8E7B1F14A
:1095C000805FC5D10369002B14BF3F237F23BFE712
:1095D00003F1080252E8002F42F0805203F1080024
:1095E00040E800210029F3D1002030BDB4F5805FB0
:1095F0000E4A03D10E4C002908BF2246426741B1F2
:1096000053E8002F42F4907243E800210029F7D17B
:10961000EAE753E8002F42F0200243E80021002946
:10962000F7D1E1E70D8C0008B58D00087D8A0008B0
:10963000498B0008D0F88C30202B30B415D1B9B14B
:10964000B2B100230468C3660A4B9C420AD0636827
:109650001B0207D554E8003F43F0806344E800351F
:10966000002DF7D130BCFFF761BF022030BC70473E
:109670000120FBE700800040436E30B52BB9012389
:10968000A0F86A30A0F8683030BD0368094D9A68C8
:109690009968094C490FC2F342626B5C615CDB0064
:1096A000B3FBF1F3A0F86A30AB5CA25CDB00B3FB68
:1096B000F2F3E7E794D600088CD6000870477047AD
:1096C00070471FB504AB03E9060090F88430012B06
:1096D00004463AD0012380F884302423C0F888302F
:1096E00003681A6822F001021A609A6822F4401294
:1096F0000A439A6071B95A68BDF80C009DF80E10C3
:1097000022F0100202435A605A6822F07F4242EA75
:1097100001625A601A6842F001021A60FBF746FCC7
:109720006FF07E42034600924FF4800100222046F3
:10973000FFF774FD38B92023C4F88830002384F87B
:10974000843004B010BD0320F8E70220F9E790F858
:109750008430012B0FD0012380F88430016851E858
:10976000002F42F0020241E80023002BF6D180F8DE
:109770008430184670470220704710B590F8843046
:10978000012B044617D02423C0F8883003681A68D8
:10979000196821F00101196042F000524FF00051A8
:1097A00041661A60FFF768FF2023C0F88830002068
:1097B00084F8840010BD0220FCE790F88430012B6F
:1097C00014D002682423C0F888301168136823F08D
:1097D0000103136021F00051002343661160202231
:1097E000C0F8882080F884301846704702207047FF
:1097F00070B590F88430012B044617D005682423F7
:10980000C0F888302E682B6823F001032B60AB680A
:1098100023F060431943A960FFF72EFF20232E6039
:10982000C0F88830002084F8840070BD0220FCE776
:1098300070B590F88430012B044617D005682423B6
:10984000C0F888302E682B6823F001032B60AB68CA
:1098500023F060631943A960FFF70EFF20232E60F9
:10986000C0F88830002084F8840070BD0220FCE736
:1098700070B5D0F88C60202E04461CD109B90120A7
:1098800070BD002AFBD00123C36600230367FFF7E6
:109890004DFE0028F4D1E36E012BF0D12368102295
:1098A0001A62226852E8003F43F0100342E8003198
:1098B0000029F7D1E4E70220E2E701207047000029
:1098C000034B1B6813B15B6803B11847704700BFB7
:1098D000B0160020034B1B6813B1DB6803B11847B7
:1098E000704700BFB016002001207047012070476C
:1098F00001F01EB901F008B910B501F0F3FD0E2119
:10990000044640F61F1001F0FFF82046012101F047
:10991000D3FDBDE8104001F0B1BA000070B50C4EA7
:1099200001EB40030D46B3654FF6FF71002304467B
:109930001A46084601F038FB96F85600002101F05F
:10994000BBFD29462046BDE8704001F06FBA00BF5C
:109950005416002010B5044601F084FE012818D1E9
:1099600001F088FE34B11048214602F02FFA0E486B
:1099700002F0F2F90D4C002194F85600A16501F0B7
:109980009BFD63786BB16FF07F40BDE8104001F044
:1099900031BA002340F262211A46084601F004FB66
:1099A000E0E7A0688001F0E72416002054160020AC
:1099B000002001F09FB9000008B501F09FF80438BD
:1099C000C0B2032896BF024B0020185C08BD00BF40
:1099D000FAD6000808B501F09AFD033008BD01F081
:1099E00029B901F0E9B808B501F0E0FC08BD0000B4
:1099F00038B50D46144601F03DFB284601F072FDD6
:109A00000E21054640F61F1001F07EF82846012180
:109A1000074D01F051FD01F031FA4FF47A716143C5
:109A2000284602F0D3F92846BDE8384002F094B940
:109A30003C16002001F01EBB08B5084B002193F82E
:109A4000560001F039FD00234FF4C0711A46084654
:109A500001F0AAFABDE8084001F004BA541600204B
:109A600010B5044601F0FEFD012818D101F002FEF8
:109A700034B11048214602F0A9F90E4802F06CF901
:109A80000D4C002194F85600A16501F015FD637896
:109A90006BB16FF07F40BDE8104001F061B9002369
:109AA00040F262211A46084601F07EFAE0E7A0681B
:109AB0008001F0E7241600205416002008B54FF06E
:109AC000040001F0FDF8BDE808400220FBF776BA7B
:109AD00008B500231A461946184601F065FABDE894
:109AE000084001F053B900001D4B73B51D4D1860BF
:109AF00000241D486C70C5E90144AC6501F07EFA94
:109B0000AC8101F0E9F92146204601F031FC214603
:109B10000422012001F0E2FA144E154D4FF6FF71B8
:109B200023462246084601F03FFAFFF7C7FF2246C8
:109B3000104B00944FF0FF31304602F061F80E4BAD
:109B4000009422464FF0FF31284602F059F8304683
:109B500002F0B4F8284602B0BDE8704002F0AEB89A
:109B6000B016002054160020EDAA00083C16002074
:109B700024160020C1980008D5980008012808483C
:109B800005D1084BC17719700E3001F08DBB437DB4
:109B9000012B03D1034B81751970F5E7704700BFA6
:109BA00054160020300000200D4B10B504461873E9
:109BB0005873012000F016F85CB134214FF4E860CE
:109BC00000F0A2FF4421BDE8104040F2417000F0D7
:109BD0009BBF14214FF4E86000F096FF2421F2E7C8
:109BE0005416002038B5114C0546207001F047FD91
:109BF000052D04D8DFE805F0090B0317170903202A
:109C000001F056FA0023637338BD0020F8E7012005
:109C100001F04EFA207B637B8342F5D06073BDE890
:109C20003840FFF7C1BF0220EAE700BF541600200A
:109C30002DE9F0431E4687B000230546CDE90133E8
:109C40000C46174601F00DFD032D5BD8DFE815F03B
:109C50007A00C1000C010400A27C082A69D8A1681E
:109C600001A801F0C5FE2168002962D042F21072FD
:109C70009142E37C874D50D80322AA7385F838209F
:109C8000E96385F844304FF002086368A17DDB008A
:109C90002B820423AB74A37CDB00EB7402294FF00E
:109CA00000032B75637D02D0227D022A46D103F189
:109CB0000F02D2B2012A01D9012B3AD1764B774A51
:109CC000196803944FF0010903A88DF8149001F06E
:109CD000C5FC70BB287685F817906875FFF768FE9D
:109CE0004046FFF77FFF6E4801F072FA6D4801F0C1
:109CF000DBFA01A800F070FF208A00F041FFA08984
:109D000000F086FF384601F0EDFB624C84F8560007
:109D100001F0ACFC666000200DE04FF00008E96344
:109D2000890885F80E8085F8388085F844302964E4
:109D3000ABE74FF0FF3007B0BDE8F083EB75297655
:109D40006A75CBE72368002BF3D0A27C082AF0D8F1
:109D5000504DA16801A801F04BFE002385F8383072
:109D60002268EA63E27C85F84420A269AB732A6426
:109D70006268D2002A820422AA74A27C2B75D200C7
:109D8000EA74A27D022A02D0237D022B1CD1627DBF
:109D900002F10F03DBB2012B01D9012AC9D13E4BDD
:109DA0003E4A196803944FF0010803A88DF8148007
:109DB00001F054FC0028BCD1287685F8178068751E
:109DC000FFF7F6FD00208CE7617DE9752A766B755B
:109DD000F6E7304D012185F83810227885F85020BB
:109DE000637885F85130A37885F85230E3788B4258
:109DF00002D0022B03D03BB985F8533004E00B3A74
:109E0000012A29D885F853104FF0010885F80E80F3
:109E1000A388AB83A379AB77E37985F82030237AE5
:109E200085F82130FFF7C4FD4046FFF7DBFE1C48F4
:109E300001F0CEF91B4801F037FA95F85130062BA6
:109E400040F689000AD100F073FE00F0FB0140F6F5
:109E5000890000F059FE55E70023CDE700F068FEC9
:109E600040F00401C9B2F2E72368013BB3F57A7F01
:109E7000BFF45FAF0320FFF7B5FE0648022380F86A
:109E8000383023688364162380F84C30383001F072
:109E90009FF937E754160020B01600203C1600202A
:109EA0008C16002062160020F0B51E4687B00023F5
:109EB000CDE90133144607460D4601F0D2FB002CD4
:109EC000724C16BF012300230026637027B1012FB7
:109ED0007AD0002007B0F0BDAB68002B00F0D38033
:109EE000EB68002B00F0CF80AA7F082A00F2CB801D
:109EF000296901A801F07CFD2868003818BF0120FD
:109F000000F0C6FF84F83870AB68E36395F8203042
:109F100084F84430686801F047FBA77384F8450073
:109F2000EB68DB002382EB7FA374AB7FDB00E37481
:109F300095F82130237595F82230002B3ED12A7DEB
:109F400095F82410A275022995F8232001D0022B40
:109F500036D102F10F03DBB2012B02D9012A40F006
:109F6000928000238DF81430494B4A4A19680495B1
:109F700003A801F073FB002840F0858001232076C0
:109F8000E3756075FFF714FD0020FFF72BFE4248D4
:109F900001F01EF9414801F087F901A800F01CFE0C
:109FA000A88B00F0EDFD288B00F032FE4FF4FA5341
:109FB000AA687343B3FBF2F3A3608AE7FF22BFE70B
:109FC000E27521766375DDE72B8E002B5BD095F86B
:109FD0003230A86A012B0CBF95F83370FF27003888
:109FE00018BF012000F054FFF0B200F05DFF012126
:109FF00084F8381095F82C2084F8502095F82D30EE
:10A0000084F8513095F82E3084F8523095F82F307E
:10A010008B4202D0022B03D03BB984F8533004E0CA
:10A020000B3A012A27D884F853102B8EA38395F876
:10A030003230A3770126AB8E2384A673E777FFF730
:10A04000B7FC3046FFF7CEFD134801F0C1F81348C6
:10A0500001F02AF994F82130B34240F236700CD165
:10A0600000F066FD00F0FB0140F2367000F04CFDA0
:10A070004FF6FF73A0E70023CFE700F059FD40F053
:10A080000401C9B2F0E74FF0FF3023E75416002077
:10A09000B0160020241600208C1600206216002026
:10A0A0002DE9F04F85B082460E9DBDF840809DF8A9
:10A0B00044709DF84890019193461E4601F0D1FAF4
:10A0C000BAF1010F524C54D0BAF1040F00F0918054
:10A0D000BAF1000F3AD10B22304684F8442084F8BC
:10A0E00038A0E56301F060FA4FEAC803B9F1000F48
:10A0F000238241F6040363820CBF0123F223E3753C
:10A1000087F001070123237684F84500C4F840B0A6
:10A1100084F80EA084F814A06775FFF749FC504638
:10A12000FFF760FD04F1380001F052F804F10E0071
:10A1300001F0BAF8374A1068516802AB03C302A8AD
:10A1400000F04AFD40F2FF1000F01AFD019801F006
:10A15000C9F90E2184F8560040F61F1000F0D4FC17
:10A1600094F8560001F082FA169B636005B0BDE8D2
:10A17000F08F294984F838A0EAB2895D84F850202C
:10A1800076BB0B3D012D8CBF00250125053A012A28
:10A1900004D8B8F10C0F38BF4FF00C081F4B9DF8D6
:10A1A0003C201B7884F85350E37701259DF8543008
:10A1B00084F8511084F8522084F82130A573A4F853
:10A1C0001C80A77784F82090FFF7F2FB2846FFF762
:10A1D00009FD134800F0FCFF124801F065F8B5E7EF
:10A1E000012E04D1A5F10C035D425D41CEE70025AF
:10A1F000CCE75046FFF7F6FC022384F8383004F130
:10A2000038001623A56484F84C3000F0E1FF9DE788
:10A21000541600209CCC00082CD7000830000020E9
:10A220008C160020621600202DE9F04F87B0DFF871
:10A23000B4B29DF864A09DF84C90029314469DF82A
:10A2400054309DF85020BDF84880039205468BF8A5
:10A2500001A0BDF8446001930F4601F002FABAF183
:10A26000000F18BF4FF00008DFF87CA2039AB9F185
:10A27000000F08BFFF22012D8AF8002000F0C880DF
:10A28000052D48D0002D40F0C080284600F000FE8B
:10A290000B2238468BF844208BF83850CBF83C40E2
:10A2A00001F082F9019B8BF8450041F60402002B76
:10A2B000ABF812209AF800208BF816200CBF012270
:10A2C000F2228BF81720F600012289F001098BF8A1
:10A2D00018208BF80E50ABF810608BF814508BF8E8
:10A2E0001590FFF765FB2846FFF77CFC0BF1380063
:10A2F00000F06EFF0BF10E0000F0D6FF7B490868FE
:10A30000496804AA03C204A800F066FC40F2FF10EA
:10A3100000F036FC71E0012000F0BAFD09224FF098
:10A3200000098BF8442038464FF44872CBF840209F
:10A330008BF83890CBF83C4001F036F94FF480525E
:10A34000ABF812209AF800208BF845008BF8162005
:10A3500028460122F6008BF817208BF80E90ABF8F8
:10A360001060ABF814908BF81890FFF73BFC0BF1E2
:10A37000380000F02DFF0BF10E0000F095FF5B4957
:10A380008868C96804AA03C204A800F025FC40F24A
:10A39000FF1000F0F5FB40F6B80000F0C9FB00F03C
:10A3A000EF0140F6B80000F0AFFB042140F6B90021
:10A3B00000F0AAFB40F69B0000F0BAFB00F0E301BE
:10A3C00041F0080140F69B0000F09EFB40F2D16096
:10A3D00000F0AEFB40F01801C9B240F2D16000F0CD
:10A3E00093FB40F2AC6000F0A3FB00F08F0141F062
:10A3F000500140F2AC6000F087FB4FF4FA5202FBD0
:10A4000008F2B2FBF4F2CBF8082007B0BDE8F08FF9
:10A41000002000F03DFD36498BF83850E2B2C95DAE
:10A420008BF85020002F4DD10B3C012C8CBF002409
:10A430000124053A012A02D80C2E38BF0C26029BB3
:10A440009AF800208BF852308BF85340019B8BF820
:10A450001F2001249DF860208BF821208BF85110DB
:10A460008BF820308BF80E40ABF81C608BF81E90F8
:10A47000FFF79EFA2046FFF7B5FB1E4800F0A8FE46
:10A480001D4800F011FF5FFA88F000F00DFD40F666
:10A49000A30000F04DFB00EA040140F6A30000F029
:10A4A00033FB9BF82120A24240F2367013D100F01A
:10A4B0003FFB00F0FB0140F2367000F025FB4FF649
:10A4C000FF72A0E7012F04D1A4F10C035C425C41B0
:10A4D000AFE70024ADE700F02BFB40F00401C9B268
:10A4E000E9E700BF54160020300000209CCC000893
:10A4F0002CD700088C16002062160020F0B58BB017
:10A500000D46044617461E46FFF752FA0020FFF795
:10A5100069FB204600F0AEFD00240123CDE908438D
:10A5200003234FF4167229462046CDE90644CDE9AF
:10A530000444CDE90244CDE900532346FFF774FEFD
:10A540002046FFF78DFAFFF745FAFAF737FD01F0DD
:10A5500071FB0446204601F077FBB04205D301248D
:10A56000FFF726FA20460BB0F0BD00F01FFF874230
:10A57000F0DA0024F4E70000F7B50023664D0C463E
:10A5800040F201211A460646084600F00DFD95F8F6
:10A590005600012100F090FF2B78012B40F6890036
:10A5A00013D195F85130062B0FD100F0C1FA00F00D
:10A5B000FB0140F6890000F0A7FA2B78042B6CD839
:10A5C000DFE803F0524B527F090000F0B1FA40F08F
:10A5D0000401C9B2EDE7514A731E1046C6F10107E6
:10A5E0004FF0000CF9188C426FDC0022E700134694
:10A5F000BA4271D19A0142EAC3125B0183F020038F
:10A600001343661C0355F6B202234548AB73AE767E
:10A6100000F04AFE0021F12000F076FA0021F0203F
:10A6200000F072FAAB6C642B70D17021F32000F053
:10A630006BFA1D21F22000F067FAE1008C1CF42077
:10A64000090A00F061FA04F0FE01F52000F05CFA5E
:10A6500032486FF07F4231461DE0EC77304800F021
:10A6600023FE0022214615E000F0FCFF01280746EA
:10A6700025D121460DF10702304600F0F8FF0446CF
:10A68000A0B99DF807302648AB7500F00DFE9DF887
:10A6900007102246304600F059FB6968214801F056
:10A6A00095FB204801F058FB002006E01E4B3A467F
:10A6B0000021022001F096F8032003B0F0BDAC7534
:10A6C000CCE70223AB73AC76C8E713F8011FC9438C
:10A6D000197002F801CB85E7D1106FEA020C715CAA
:10A6E0000CF0070C013241FA0CF101F001014FEAC4
:10A6F000E20C4B40D14310F80CE001F0070103FAE3
:10A7000001F141EA0E0100F80C1071E7E121F3209C
:10A7100000F0FAF904218DE754160020B416002049
:10A72000621600203C1600209CD60008F0B5BDF84B
:10A7300014409DF818709DF81CE09DF8205040B121
:10A74000012814D00122002398180138B0FBF2F040
:10A75000F0BD87F00107E30003EBC70318330EEBEE
:10A76000450503EBC5034FF47A714B43ECE7501FEB
:10A77000012803F1040302D80C2C38BF0C24D1B9F2
:10A78000A2F10B0CBCF1010F8CBF4FF0000C4FF08D
:10A79000010C2801002F00EBCE000CBF1425002572
:10A7A000A0EB8200062A4FEA82062844A2F10207A3
:10A7B0000DD8354610E0012906D1A2F10C00D0F1E8
:10A7C000000C4CEB000CE4E74FF0000CE1E7083024
:10A7D000BCF1000FEDD0BD000028ACBF2E182E1C20
:10A7E000701E90FBF5F003FB0044094B062A5A5CEF
:10A7F0008CBF0C340E340A2A09D8A30001334FF45D
:10A800007A71BB404B43034951F822209CE7FFDE9D
:10A810002CD7000800D7000808B5094B012193F890
:10A82000560000F049FE4FF4D7602D2100F06CF97E
:10A8300000F029FBBDE80840024800F071BA00BFF3
:10A8400054160020FFFF0F0073B59C4CB4F8543031
:10A850000025202B8DF80350019500F00A8114D8B3
:10A86000082B0DD87BB1013B072B0CD8DFE813F088
:10A870003D0052000B00BC000B000B000B00EC0075
:10A88000102B00F0EF8002B070BDB3F5807F00F0B8
:10A890008B8011D8402B00F0FF80802BF3D128460D
:10A8A00000F028FA864B1B68002BECD09B69002B2C
:10A8B000E9D028469847E6E7B3F5007FE3D1814B1E
:10A8C00001222946022000F08DFF00F017F904282C
:10A8D00078D17D4801F0F2F9284600F00BFA784B68
:10A8E0001B68002BCFD05B6810E0774801F0E6F9D9
:10A8F000002000F0FFF900F0B7FE012801D100F0C0
:10A90000BCFE6F4B1B68002BBDD01B68002BBAD060
:10A910009847B8E76D4801F0D1F9657895B92846B0
:10A9200000F0E8F9294640F6021000F0EDF840F694
:10A93000441000F0FDF840F00201C9B240F64410A6
:10A9400000F0E2F8FF220DF1030161485C4D00F0D8
:10A950005DFD604800F074FD2B68002B93D09E686D
:10A96000002E90D094F82430012B08D194F9313086
:10A9700094F930209DF803105548B04783E7E06B09
:10A9800001A900F025FE019B9DF8031050484FF4EB
:10A990007A7203F5FA7393FBF2F32A685BB2956857
:10A9A00094F92920A8476EE7284600F0A3F9444B04
:10A9B0001B68002B3FF467AF9B69002B3FF463AF2C
:10A9C000012077E700F09AF805287FF45CAF3F4854
:10A9D00001F074F9284600F08DF9394B1B68002B03
:10A9E0003FF451AFDB6891E700213B4B012202208D
:10A9F00000F0F8FEA16D00293FF445AFC1F3074117
:10AA000040F6031000F080F894F8591040F6041056
:10AA100000F07AF894F8581040F6051000F074F839
:10AA200040F6021000F084F840F00101C9B240F68F
:10AA3000021000F069F8002340F262211A4608462D
:10AA4000A36500F0B1FA1EE7244B01220021022089
:10AA500000F0C8FE00F006FE01287FF414AF00F0FD
:10AA60000DFE10E71E4B01220021022000F0BAFE6D
:10AA700009E7164801F022F9607808B900F03AF9C0
:10AA80000F4B1B68002B3FF4FEAEDB68002B3FF43E
:10AA9000FAAE9847134BE6E7134B012229460220F2
:10AAA00000F0A0FE607808B900F024F9044B1B68A0
:10AAB000002B3FF4E8AE1B6928E700BF54160020C6
:10AAC000B0160020B1D600083C1600202416002045
:10AAD000B416002078160020C5D60008CED600088F
:10AAE000D8D60008E1D60008EAD60008024BA3F841
:10AAF0005400FFF7A9BE00BF54160020014B187880
:10AB0000704700BFC217002013B58DF80710EFF390
:10AB1000108472B6012301460DF107020348FDF7C8
:10AB20001BFB84F3108802B010BD00BFC0110020D1
:10AB300013B50146EFF3108472B601230DF107023D
:10AB40000448FDF742FB84F310889DF8070002B02B
:10AB500010BD00BFC011002010B50446FBF760FB1C
:10AB600001280CD140F62310FFF7E2FF00F0F901B5
:10AB7000214340F62310BDE81040FFF7C5BF10BDCC
:10AB800010B50C4B1B7804469BB94FF4D760FFF708
:10AB9000CFFFC4F3002100F0FE0001434FF4D76063
:10ABA000FFF7B2FFE1B240F2B960BDE81040FFF735
:10ABB000ABBF10BDC117002010B51346EFF31084D2
:10ABC00072B60A4601460348FDF7C6FA84F31088B8
:10ABD00010BD00BFC011002008B5014608224FF487
:10ABE000D860FFF7E9FF002008BD000007B5074B5C
:10ABF0001B7840BAADF804002BB9022201A940F23B
:10AC0000BC60FFF7D9FF03B05DF804FBC11700205B
:10AC100007B5074B1B7840BAADF804002BB90222E8
:10AC200001A940F2BE60FFF7C7FF03B05DF804FB67
:10AC3000C117002010B51346EFF3108472B60A4610
:10AC400001460348FDF7C1FA84F3108810BD00BF28
:10AC5000C011002010B51346EFF3108472B60A46F7
:10AC600001460348FDF7A5FB84F3108810BD00BF23
:10AC7000C01100200A4601460020FFF7EBBF00008C
:10AC800010B51346EFF3108472B60A460146034826
:10AC9000FDF7C2FB84F3108810BD00BFC011002077
:10ACA00010B51346EFF3108472B60A460146034806
:10ACB000FDF7C6FA84F3108810BD00BFC011002054
:10ACC00013B504460020FBF797FA0220FFF744FF74
:10ACD00004F0070401220DF1070184208DF80740DC
:10ACE000FFF7DEFF024B00221A7002B010BD00BF5A
:10ACF000C217002007B501228DF807000DF10701EA
:10AD00008020FFF7CDFF9DF80730002B034B14BFC9
:10AD1000022201221A7003B05DF804FBC217002062
:10AD200007B5094B8DF8060004221A70030C8DF844
:10AD300004300322030A01A983208DF80530FFF7B0
:10AD4000AFFF03B05DF804FBC217002010B5144636
:10AD5000FFF790FF2046BDE81040FFF7E1BF00007D
:10AD600007B5094B8DF8060005221A70030C8DF803
:10AD700004300322030A01A982208DF80530FFF771
:10AD80008FFF03B05DF804FBC217002073B50026E7
:10AD900040F6E2000196FFF7CBFE00F0FE0105460B
:10ADA00040F6E200FFF7B0FE40F6E500FFF7C0FE18
:10ADB00000F07F01044640F6E500FFF7A5FE6FF0C6
:10ADC0007F40FFF7CDFF04220DEB020140F6190092
:10ADD000FFF730FF3046FFF78DFF294640F6E200CF
:10ADE000FFF792FE214640F6E500FFF78DFE019841
:10ADF00002B070BD13B50C4B04460522972140F6F6
:10AE0000AC001A70FFF780FE230C8DF8043003228B
:10AE1000230A01A982208DF805308DF80640FFF73E
:10AE20003FFF02B010BD00BFC217002007B5030CE2
:10AE30008DF80030030A8DF801300B0C49BA8DF8FB
:10AE40000200ADF804100622694694208DF8033004
:10AE5000FFF726FF024B06221A7003B05DF804FBD1
:10AE6000C2170020002208B51146C520FFF718FFC1
:10AE7000014B07221A7008BDC2170020002211469C
:10AE8000D120FFF70DBF00221146D220FFF708BFE7
:10AE900007B501228DF807000DF107019F20FFF78C
:10AEA000FFFE03B05DF804FB07B501228DF8070033
:10AEB0000DF10701A020FFF7F3FE9DF807103F29D1
:10AEC00007D901F0F8010131C9B240F20670FFF76D
:10AED0001BFE03B05DF804FB07B5FBF7A1F9431EA9
:10AEE000584258418DF8070001220DF107019620C4
:10AEF000FFF7D6FE03B05DF804FB07B500F07F0056
:10AF00008DF8070001220DF107018920FFF7C8FE27
:10AF100003B05DF804FB0000154B984207B51BD841
:10AF2000144B98421BD8144B98421BD8134B984291
:10AF30001BD8134B98428BBF6B2229226F232B23E4
:10AF40008DF8042001A9022298208DF80530FFF722
:10AF5000A7FE03B05DF804FBE122E923F0E7D72266
:10AF6000DB23EDE7C122C523EAE775228123E7E76A
:10AF700000E9A43580F8A9328044E52D000B6B1B55
:10AF800040FC541907B58DF8062004228DF8040002
:10AF90008DF8051095200DEB02018DF80730FFF7B5
:10AFA0007FFE03B05DF804FB07B552BAADF804208C
:10AFB00040BA082249BAADF80000ADF802105BBAF9
:10AFC00069461046ADF80630FFF76AFE03B05DF83B
:10AFD00004FB07B50B0C042200F0070049BA8DF8FA
:10AFE0000400ADF8061097200DEB02018DF8053036
:10AFF000FFF756FE03B05DF804FB000010B508B182
:10B00000194B1860F9F754FF0220FFF7A5FD002443
:10B01000164B20461C70FFF76DFEFBF7FFF801286A
:10B0200016D14021FFF7D5FF40F611102146FFF75A
:10B030006BFD4FF07F00FFF760FF0E2140F61F1001
:10B04000FFF762FDFBF7CCF8094B01221A7010BD27
:10B05000202140F61110FFF757FD202140F6121075
:10B06000FFF752FDE9E700BFB4170020B817002032
:10B07000C217002037B50C4D2B7804461BB9FFF7DB
:10B080004BFF01232B700023084A6006E109F8F703
:10B09000CFF8042200BA01900DEB02018620FFF7E1
:10B0A000FFFD03B030BD00BFB81700200048E80125
:10B0B00007B5094B8DF807000146187018B940F222
:10B0C000AC60FFF721FD01220DF107018A20FFF797
:10B0D000E7FD03B05DF804FBC1170020012873B53C
:10B0E0000C46164637D10020FBF79CF8A042B8BFAB
:10B0F00044B20E2805461AD101231A460021042025
:10B10000FFF740FF6FF010039C42B8BF1C461821A8
:10B1100040F6E700FFF7F8FC022201A98E208DF827
:10B1200004408DF80560FFF7BBFD02B070BD012340
:10B130000A28E4B21A464FF0000105D11846FFF77D
:10B1400021FF033464B2DDE70720C5F10E05FFF7E8
:10B1500019FF2C44F6E740F6D800FFF7E9FC40F071
:10B160001E01C9B240F6D800FFF7CEFC0120FBF764
:10B1700059F8A042B8BF44B2142805464FF0010365
:10B180004FF000020CD105210320FFF7FBFE023433
:10B1900064B26FF008039C42B8BF1C463821B7E781
:10B1A000112805D103210220FFF7ECFE0534EFE75B
:10B1B0000E2804D102210846FFF7E4FEE9E7C5F1B5
:10B1C0001605072104202544FFF7DCFE6CB2E0E7FA
:10B1D00013B5314A0446516810686B4603C32F4BC0
:10B1E00020781B78834201D0FFF762FF2378032B7E
:10B1F00027D8DFE803F00239283C6268284BB3FB0C
:10B20000F2F31A0CA1688DF800208DF802301A0AAA
:10B21000237B8DF80330637B8DF801208DF804309B
:10B22000204A00234806C909F8F702F8030C40BA7F
:10B230008DF80530ADF80600082269468B20FFF72F
:10B240002FFD02B010BD2269154BB3FBF2F31A0CAF
:10B250008DF800208DF802301A0A237D8DF8012028
:10B260008DF803300422E8E7A3690093FAE76268E7
:10B270000B4BB3FBF2F31A0C8DF800208DF8023063
:10B280001A0A237B8DF80330637B8DF801208DF83B
:10B2900004300522D1E700BFACCC0008C117002064
:10B2A0000000093D0048E8011FB52E4A0446D16858
:10B2B0009068127C01AB03C31A702B4B20781B786B
:10B2C000834201D0FFF7F4FE2378032B26D8DFE872
:10B2D00003F002383302637AF12B21D14FF6FF706D
:10B2E000FFF784FC48F20500FFF792FC0223628816
:10B2F000A188ADF8061052BAE188ADF804208DF8A7
:10B300000B30227AA37A8DF80A20ADF808108DF858
:10B310000C30092201A98C20FFF7C2FC04B010BD3B
:10B32000F22BE4D141F60F50FFF760FC41F221000F
:10B33000FFF76EFC0623DAE7237B8DF80430012249
:10B34000E8E7E389094A5BBAADF80430237C13705F
:10B350008DF80630637C8DF80730638AADF80830CD
:10B360000622D7E7ACCC0008C1170020C017002088
:10B3700007B502228DF804008DF805108F2001A971
:10B38000FFF78EFC03B05DF804FB000010B5134618
:10B39000EFF3108472B60A4601460348FCF788FFB3
:10B3A00084F3108810BD00BFC011002007B5012232
:10B3B00001A91520FFF7EAFF9DF804004042401064
:10B3C00003B05DF804FB000037B505460C460222C9
:10B3D00001A91320FFF7DAFF0A4B1B78012B0DD1CF
:10B3E000094B1B78012B09D140F20270FFF7A0FB3B
:10B3F0009DF805302870237003B030BD9DF804001F
:10B40000F6E700BFC1170020C0170020F7B50D46B2
:10B41000064600240DF10701284617468DF807401F
:10B42000FFF7D2FF2A78BA4207D89DF807003146C5
:10B43000FFF726FC204603B0F0BD0120FBE700002B
:10B4400013B50322044601A91420FFF79FFF184BF0
:10B450001A7822704AB1012A17D0142200212046FE
:10B4600000F0D0FA0F2323700DE09DF80430237113
:10B470009DF80530A2605B425B10A3719DF8063019
:10B480005B425B10637102B010BD9DF804305B42FB
:10B490005B1023739DF9053002339B1063739DF895
:10B4A00006305B425B10A373024B1B682361EAE723
:10B4B000C1170020BC170020012908B50346084623
:10B4C0000ED1012B07D10420FFF746FB0220BDE877
:10B4D0000840FAF791BE022B14BF08460320F6E796
:10B4E0000120F4E738B50446FAF796FE50B1022879
:10B4F0000CBF02250125284602222146FFF7EEFD5A
:10B50000284638BD102CB4BF01250225F3E70120E1
:10B5100070470000014B01201B681847B41700203A
:10B52000014B02201B681847B4170020014B402034
:10B530001B681847B417002011B1012904D07047C7
:10B54000044B1B6880201847024B4FF480701B6827
:10B55000F9E700BFB4170020024B4FF400701B68DE
:10B56000184700BFB4170020014B20201B68184764
:10B57000B4170020014B04201B681847B4170020A3
:10B58000014B08201B681847B4170020014B1020FE
:10B590001B681847B4170020024B4FF480401B680B
:10B5A000184700BFB417002010B568B1074A002340
:10B5B00052F83340844202EBC30101D9087910BD2F
:10B5C0000133162BF4D1FEE71F20F8E7BCD70008A3
:10B5D00073B51D4B0193044640F607000D46FFF777
:10B5E000A7FAC0F3C10308336B4413F8042C00F02E
:10B5F0000703013302FA03F3144AB2FBF3F2B2FB7E
:10B60000F4F007281ED84000042834BF0423022386
:10B610004FF4D66002FB03F4FFF78AFA060240F209
:10B62000B160FFF785FA06F470663043030544BF46
:10B630006FEA00506FEA105063094343DB112B603F
:10B6400002B070BD0123E3E704080A0C0048E801DA
:10B650004FF0FF3070474FF0FF3070474FF0FF3032
:10B6600070477047002070470020704770474FF0C8
:10B67000FF3070474FF0FF3070477047704770479A
:10B6800070B5EFF3108672B6144B5C8A1A8A944236
:10B6900013D1C4F5007292B2904206D3844218D9F5
:10B6A00001229A7000221C805A825A8A0A8002441F
:10B6B000C2F308025A8200200DE006D9C4F50075D5
:10B6C000ADB28542F1D88242E9E7121B92B28242C2
:10B6D000EBD84FF0FF3086F3108870BDC41A0020FD
:10B6E000EFF3108172B6034AD38A0133D38281F318
:10B6F00010887047C41A0020EFF3108172B6034A15
:10B70000D38A013BD38281F310887047C41A00208A
:10B7100010B508481822002100F074F906484FF4CB
:10B720000072002100F06EF9044B05481B68BDE86B
:10B7300010401847C41A0020C318002044D2000843
:10B74000ADB80008014B5860704700BFC41A002014
:10B75000014B1872704700BFC41A002073B5EFF395
:10B76000108572B61C4CE08A00282FD1FFF7B8FF75
:10B77000218A628A914227D0A378012B12D1238893
:10B7800020805B1A9BB20221A382A17063B9A370CF
:10B790002382238A9A428BBFD21AC3F50073A282F6
:10B7A000A38201E0002BF4D0268A0C4B1E4485F3C3
:10B7B0001088F9F7F3FB0A4BA18ADB680193304646
:10B7C00002B0BDE870401847FFF796FF85F3108878
:10B7D000002002B070BD00BFC41A0020C3180020B2
:10B7E00044D2000808B4F0B586B00023ADF80030AC
:10B7F0002B4B0B9C1D7A85424CD3D86881434CD18E
:10B800005B681BB112B1694602A898470CAB22468F
:10B810004FF480712348019300F034FBFFF760FF81
:10B82000BDF8003018440DF1020180B2FFF728FF87
:10B8300001302AD00023BDF80020BDF802601A486C
:10B840000DF1080C1F4699B216FA83F58A42ADB283
:10B8500015D817B13244ADF80220BDF80250019B53
:10B8600022464FF48071284400F00CFBFFF744FFA0
:10B87000FFF774FF06B0BDE8F04001B070471CF858
:10B88000011B415501330127DDE7FFF735FF6FF05D
:10B890000200EFE76FF00400ECE76FF00500E9E766
:10B8A000C41A0020C3170020C318002013B5EFF3FB
:10B8B000108472B6204B9A78588A022A1DBF1A8AC1
:10B8C000998A5218002214BFC2F308029A7090425B
:10B8D0001A8228D0D98A012925D19978012913D132
:10B8E00019888A1A022192B2997000219A821980CD
:10B8F00062B99A701A821A8A90428BBF801AC2F576
:10B90000007298829A8201E00029F4D0188A0B4ACA
:10B91000104484F310880A4A998AD368019302B0CC
:10B92000BDE81040184784F31088F9F73BFB02B0DC
:10B93000BDE81040FFF7E0BEC41A0020C318002085
:10B9400044D20008024A00231360024A1360704781
:10B95000E01A0020DC1A002010B5EFF3108472B654
:10B9600041B1012903D1064A13680343136084F3EC
:10B97000108810BD024A136823EA0003F6E700BFEF
:10B98000E01A002010B5EFF3108472B641B101291E
:10B9900003D1064A13680343136084F3108810BD73
:10B9A000024A136823EA0003F6E700BFDC1A00200E
:10B9B00038B5EFF3108572B60A4B0B4C1B6833B1E8
:10B9C000236898476368984785F3108838BD074B0C
:10B9D0001B681BB1A3689847E368F4E7236998479D
:10B9E0006369F0E7E01A0020E0D10008DC1A0020CB
:10B9F00001380A44914200D1704711F8013B00F828
:10BA0000013FF7E700F0AEBC10B5EFF3108472B65B
:10BA1000064A136803431360054A52F83130034362
:10BA200042F8313084F3108810BD00BFFC1A0020AA
:10BA3000E41A002070477047B0F5803F3ABF000419
:10BA400010230023B0F1807F3EBF08330002DBB239
:10BA5000B0F1805F38BF00014FEA1070054A38BF6F
:10BA60000433125C38BFDBB2C3F11F03981AC0B2B3
:10BA7000704700BF6CD800082DE9F84F384D394E9B
:10BA8000D5F80080DFF8E0B0DFF8E0A0DFF8E09064
:10BA9000D6F800C0374FDBF80010374CDAF800203A
:10BAA000D9F8003008EA00002860286800EA020E91
:10BAB0001EEA0C0F01D019421ED04FF0FF333B603D
:10BAC000FFF7B8FFEFF3108472B63368DBF800209D
:10BAD000DAF800100B4029680B4205D1D9F8003084
:10BAE000134201D1F9F758FA84F31088FFF7A3FF46
:10BAF000C5F80080BDE8F88F236823680340134031
:10BB000062681A4204BF4FF0FF32626060681840FA
:10BB1000FFF792FF62683860012303FA00F022EA1F
:10BB200000026260EFF3108172B63A6893403268A7
:10BB300022EA03023260226822EA0303236081F3CF
:10BB400010880E4A3B6852F823309847D6F800C058
:10BB5000DBF80010DAF80020D9F80030A5E700BFC4
:10BB600034000020FC1A0020F81A002038000020C1
:10BB7000F41A0020F01A0020E41A0020EC1A002029
:10BB800010B51146EFF3108472B6FFF755FF034B63
:10BB900043F8201084F3108810BD00BFEC1A002079
:10BBA00073B5114E002305460093ADF8043001A88B
:10BBB00033699847F368009098477368044698473C
:10BBC000009B1844BDF8043023449AB21BB2B3F56D
:10BBD0007A7FA2BF0130A2F57A731BB22860284693
:10BBE000AB8002B070BD00BF04D20008024B00223F
:10BBF0001A60024B1B681847001B002018D200086F
:10BC0000F8B50446174608461E467CB173B1084B8A
:10BC100000255B6A25609847069B60602581A572B8
:10BC2000E6602361E77265612846F8BD0120FCE704
:10BC300018D2000810B5034CE3699847A36ABDE821
:10BC40001040184718D2000870B5064DEB6906463B
:10BC500098476B6A044630469847AB6A201ABDE89D
:10BC60007040184718D20008054B1B680BB91846DE
:10BC70007047834201D05B69F8E70120704700BF3D
:10BC8000001B00202DE9F3410B4E336A0446984710
:10BC90000123B7692372D4F800800546B8472844C9
:10BCA000804502D2B84728442060B36820680193D9
:10BCB00002B0BDE8F041184718D2000870B520B3B3
:10BCC000EFF3108672B6124D2B680122827253B1C7
:10BCD0000022427298425C690ED102723CB1204649
:10BCE0002C60FFF7CFFF86F31088002070BD094B52
:10BCF000DB6898472C60F6E71A465B69002BF2D0A8
:10BD00009842F9D143695361EDE70120EEE700BFA6
:10BD1000001B002018D20008084B10B51A685369A0
:10BD2000516911B95061416110BD046819688C42B4
:10BD300002D91A465B69F3E71946F3E7001B0020B6
:10BD4000044A13680BB10021197243611060FFF7B8
:10BD500099BF00BF001B00202DE9F04104460028D8
:10BD60002DD0FFF781FF50BB657A45BBEFF31088FC
:10BD700072B6144E6768336A984787422CBF2760B3
:10BD80002060114FA5724FF4807323813B684BB93B
:10BD9000336998472046FFF7D3FF88F31088284679
:10BDA000BDE8F081B3699847236818443B68206078
:10BDB0001B6898422046EED3FFF7AEFFEDE7012562
:10BDC000EDE700BF18D20008001B002010B50446A4
:10BDD00008467CB1084B5B6A984760602046FFF7D5
:10BDE00043FF40B12046FFF769FF2046BDE8104001
:10BDF000FFF7B2BF012010BD18D200082DE9F041B5
:10BE0000EFF3108772B61D4E1D4D73699847336965
:10BE1000044698472B684BB94FF000082B688BB944
:10BE2000286828BB87F31088BDE8F081011B241A1D
:10BE30001A688A428CBF121900221A605B69002BB3
:10BE4000F6D1E9E71C681CB1B36998478442E7D290
:10BE50002C6863692B60A4F80880D4E90330984704
:10BE60006389B3F5807FD9D12046FFF775FFD5E709
:10BE7000037A002BD6D1FFF705FFD3E718D20008CD
:10BE8000001B00202DE9F04F002997B081461E4687
:10BE900040F3118104464F1E1378A4EB090023B927
:10BEA0000023237017B0BDE8F08FB842F8DA252BD5
:10BEB00005D004F8013B904608F10102ECE792F846
:10BEC00001E0AEF1300102F10108AEF130034A4267
:10BED0004A41092B2BD8414600250A20884611F8F3
:10BEE000013BA3F1300CBCF1090F1BD998F80030CD
:10BEF000692B00F09E801DD8632B29D0642B00F0A5
:10BF00009880582B5AD0252B1AD198F80030002B46
:10BF100000F0938004F8013BA4EB0903BB4280F2DC
:10BF20008A80C9E700FB0533A3F13005D6E74FF05F
:10BF3000FF35DBE7752B7ED0782B41D0732B1CD0DF
:10BF4000252304F8013BA4EB0903BB4273DADCE7C9
:10BF5000002D05F1FF3AD8BF4FF0000A52462046A7
:10BF6000202100F0FFF9A244002D56F8043B8AF886
:10BF70000030D8BF01252C449EE7504B56F804BB37
:10BF8000BBF1000F08BF9B465846F7F7F9F82A1A8D
:10BF90008542B8BF0022824620212046019200F04F
:10BFA000E1F9019A00232244534502DB02EB0A0423
:10BFB00082E71BF80310D1540133F5E742F0400249
:10BFC0001021DFF8FCB0DFF8FCA056F804CB12F02B
:10BFD000400F18BFDA46BEF1300FCDF808A0A4EB31
:10BFE00009030CBF4FF0300A4FF0200A9207A7EB6D
:10BFF00003036046CDF80CA022D5002820DA404289
:10C00000013D4FF02D0C05AA019200228246B0FBA3
:10C01000F1F001FB10AB029810F80BB0019800F89A
:10C0200001BB5145019002F10102BAFBF1F0EDD9DB
:10C0300010E042F002020A21C3E708F1FF386BE783
:10C04000BCF1000F02D04FF0000CDCE730228DF87D
:10C0500014200122BEF1300FA5EB020504D02020F0
:10C06000002D05F1FF350ADCBCF1000F05D02D21B4
:10C07000013B04F8011B3FF41FAF25440AE0013BDC
:10C0800004F8010BECD117E7039904F8011B013BFD
:10C090003FF412AF291B0029F6DC05A91144234403
:10C0A0002244A2423FF408AF11F8010D04F8010B3D
:10C0B0009C42F6D100E70020F4E600BF7CD80008DF
:10C0C000A8D8000883D800080A22002100F07AB816
:10C0D000242B2DE9F0478646904601D8012B06D146
:10C0E00000F06CF9162303600020BDE8F0873448A7
:10C0F0000D462A4615F8014B065D16F00806F8D1E4
:10C100002D2C2DD12C780126951C33F0100209D14D
:10C11000302C2AD12A7802F0DF02582A25D16C78F7
:10C120001023023506F1004C0CF1FF3C0022BCFB51
:10C13000F3F9104603FB19CAA4F13007092F1BD8E5
:10C140003C46A34227DD571C07D0814520D301D1AF
:10C15000A2451DDB00FB0340012215F8014BEBE774
:10C160002B2C04BF2C78951CCFE7002BDAD1302C78
:10C170000CBF08230A23D5E7A4F14107192F01D8E2
:10C18000373CDEE7A4F16107192F04D8573CD8E704
:10C190004FF0FF32E1E7531C08D12223CEF80030E4
:10C1A0006046B8F1000FA0D0691E06E006B140421B
:10C1B000B8F1000F99D0002AF6D1C8F8001094E722
:10C1C000CED8000813460A46014602480068FFF729
:10C1D0007FBF00BF3C0000202DE9F043344E86466F
:10C1E0000D46284615F8014B375D17F00807F8D1C2
:10C1F0002D2C2FD12C780127851C33F0100009D16C
:10C20000302C2CD1287800F0DF00582827D16C780A
:10C21000102302354FF0FF380026B8FBF3F803FB7C
:10C2200008F96FEA09093046A4F1300CBCF1090F96
:10C230001CD86446A3422ADDB6F1FF3F07D08045F3
:10C2400022D301D1A1451FDB00FB0340012615F8D5
:10C25000014BE9E72B2C04BF2C78851CCDE7002B84
:10C26000D8D1302C0CBF08230A23D3E7A4F1410C0A
:10C27000BCF1190F01D8373CDCE7A4F1610CBCF12B
:10C28000190F04D8573CD5E74FF0FF36DFE7731C92
:10C2900006D12223CEF80030304632B9BDE8F08313
:10C2A00007B14042002AF9D006B1691E1160F5E7D6
:10C2B000CED8000813460A46014602480068FFF738
:10C2C0008BBF00BF3C0000200CB430B5174B0C1ED8
:10C2D0001D689DB008DA8B232B604FF0FF301DB036
:10C2E000BDE8304002B070474FF40273ADF814302F
:10C2F00014BF04F1FF332346049307934FF6FF73F3
:10C3000002900690ADF81630209A21AB02A928467B
:10C31000019300F0E1F9431CBCBF8B232B60002C80
:10C32000DDD0029B00221A70D9E700BF3C0000203C
:10C33000884210B501EB020402D98442234607D893
:10C34000431EA14208D011F8012B03F8012FF8E792
:10C35000024401468A4200D110BD13F8014D02F893
:10C36000014DF7E702440346934200D1704703F8BA
:10C37000011BF9E7C9B20346184613F8012B12B1A5
:10C380008A42F9D17047002918BF002070470A7807
:10C3900070B56AB970BD9A4209D10C46054614F8C9
:10C3A000013F002BF6D015F8016F9E42F7D0013007
:10C3B0000378002BEFD11846ECE70000014B18681A
:10C3C000704700BF3C00002070B50D4D0D4C641B44
:10C3D000A4100026A64209D10B4D0C4C00F04CFCD9
:10C3E000641BA4100026A64205D170BD55F8043B7D
:10C3F00098470136EEE755F8043B98470136F2E7D7
:10C400000CDA00080CDA00080CDA000810DA000870
:10C41000704770470A44914200F1FF3300D17047E2
:10C4200010B511F8014B03F8014F9142F9D110BD3D
:10C4300038B50546002941D051F8043C0C1F002BAB
:10C44000B8BFE41800F0E0F81D4A136833B9636020
:10C4500014602846BDE8384000F0DCB8A34208D993
:10C46000206821188B4201BF19685B680918216098
:10C47000EDE71A465B680BB1A342FAD91168501870
:10C48000A0420BD120680144501883421160E0D1D2
:10C4900018685B68536008441060DAE702D90C231F
:10C4A0002B60D6E7206821188B4204BF19685B68AF
:10C4B000636004BF091821605460CAE738BD00BF3B
:10C4C000481C002070B50F4E0C463168054611B966
:10C4D00000F08CFB30602146284600F087FB431CAF
:10C4E00003D14FF0FF34204670BDC41C24F0030478
:10C4F000A042F8D0211A284600F078FB0130F2D192
:10C50000EFE700BF441C00202DE9F843CD1C25F0C7
:10C51000030508350C2D38BF0C25002D064601DB20
:10C52000A94204D90C2333600020BDE8F883DFF86A
:10C53000D48000F069F8D8F800301C4644BB294686
:10C540003046FFF7BFFF431C044658D1D8F80040DF
:10C550002746002F43D1002C4BD023683946304664
:10C5600004EB030900F042FB814542D121686D1ABA
:10C5700029463046FFF7A6FF01303AD023682B4406
:10C580002360D8F800305A6862BBC8F800700FE02A
:10C590002268521B20D40B2A17D96119A3422560A7
:10C5A00018BF5960636808BFC8F8001062514B603B
:10C5B000304600F02FF804F10B00231D20F0070097
:10C5C000C21A1CBF1B1AA350AFE76268A3420CBF7C
:10C5D000C8F800205A60EBE723466468AEE73C46A3
:10C5E0007F68B6E71A465B68A342FBD1002353601D
:10C5F000DEE70C233360304600F00CF894E705606A
:10C60000D6E700BF481C00200148FFF701BF00BF6C
:10C61000401C00200148FFF7FCBE00BF401C00206A
:10C620002DE9F0478E681F46BE420B6882460C46D5
:10C6300090462DD8B1F90C2012F4906F26D0656980
:10C64000096905EB4505A3EB010905EBD5757B1CD5
:10C650004B446D109D4238BF1D46530527D52946D2
:10C66000FFF752FF064660B321694A46FFF7D2FE44
:10C67000A38923F4906343F08003A381266165615D
:10C680004E44A5EB09052660A5603E46BE4200D992
:10C690003E46206832464146FFF74AFEA3689B1B90
:10C6A000A3602368334423600020BDE8F0872A4656
:10C6B00000F0ACFA06460028E0D121695046FFF7A9
:10C6C000B7FE0C23CAF80030A38943F04003A381CE
:10C6D0004FF0FF30E9E700002DE9F04F98468B89D5
:10C6E0001B069DB007460D46144610D50B6973B95D
:10C6F0004021FFF709FF2860286130B90C233B6017
:10C700004FF0FF301DB0BDE8F08F40236B61002378
:10C71000099320238DF82930CDF80C803023DFF8E1
:10C720009C818DF82A304FF0010923469A4613F870
:10C73000012B0AB1252AF9D1BAEB040B0BD05B46C9
:10C74000224629463846FFF76BFF013000F0A780EC
:10C75000099A5A4409929AF80030002B00F09F8001
:10C7600000234FF0FF32CDE905230AF1010A0493BB
:10C7700007938DF853301A935446052214F8011B81
:10C780004E48F6F705FD049AD8B9D00644BF2023D9
:10C790008DF85330110744BF2B238DF853309AF88E
:10C7A00000302A2B15D0079A544600204FF00A0C6F
:10C7B000214611F8013B303B092B4BD9B0B1079210
:10C7C00014E0A0EB080309FA03F313430493A24611
:10C7D000D2E7039B191D1B680391002BBBBF5B4273
:10C7E00042F0020207930793B8BF049223782E2BDE
:10C7F0000AD163782A2B32D1039B1A1D1B6803923E
:10C8000043EAE37302340593DFF8B4A021780322EE
:10C810005046F6F7BDFC38B1049BA0EB0A0040225D
:10C82000824013430134049314F8011B25488DF80A
:10C8300028100622F6F7ACFC002836D0224B1BBB92
:10C84000039B073323F0070308330393099B334407
:10C8500009936AE70CFB02320C460120A8E700238B
:10C860000134059319464FF00A0C204610F8012BAD
:10C87000303A092A03D9002BC6D00591C4E70CFB36
:10C88000012104460123F0E703AB00932A460F4B36
:10C8900004A93846AFF30080421C0646D6D1AB89C6
:10C8A0005B063FF52DAF09982CE703AB00932A46B2
:10C8B000064B04A9384600F079F8EDE7CED9000818
:10C8C000D4D90008D8D900080000000021C600080B
:10C8D0002DE9F047164698468A680B69DDF82090E6
:10C8E0009342B8BF1346336091F8432007460C4685
:10C8F0000AB1013333602368990642BF33680233BB
:10C900003360256815F0060506D104F1190AE368BD
:10C9100032689B1AAB4226DC94F843302268003B15
:10C9200018BF012392062BD404F143024146384636
:10C93000C84701301ED02368226903F00603042B88
:10C9400002BFE5683368ED1AA3680CBF25EAE575F8
:10C9500000259342C4BF9B1AED1800261A34B54235
:10C960001AD1002008E00123524641463846C84704
:10C97000013003D14FF0FF30BDE8F0870135C6E745
:10C98000E1185A1C302081F84300224494F84510E5
:10C9900082F843100233C7E7012322464146384656
:10C9A000C8470130E6D00136D9E700002DE9FF473E
:10C9B0000F7E0C9E782F914680460C469A4601F1D8
:10C9C000430207D8622F0AD8002F00F0D280582FD8
:10C9D00000F0B98004F1420684F842703AE0A7F111
:10C9E0006303152BF6D801A151F823F045CA0008BE
:10C9F00059CA0008D5C90008D5C90008D5C900081A
:10CA0000D5C9000859CA0008D5C90008D5C9000809
:10CA1000D5C90008D5C9000859CB000883CA000849
:10CA200013CB0008D5C90008D5C900087BCB000886
:10CA3000D5C9000883CA0008D5C90008D5C90008AF
:10CA40001BCB000833681A1D1B68326004F14206D4
:10CA500084F8423001239DE033682068191D31605D
:10CA6000060601D51D6803E04506FBD5B3F9005065
:10CA7000002D03DA2D236D4284F8433059480A23F0
:10CA800011E021683368080653F8045B02D44906B4
:10CA900048BFADB26F2F5348336014BF0A23082339
:10CAA000002184F843106668A660002EA2BF2168AA
:10CAB00021F0040121600DB9002E4BD01646B5FBC4
:10CAC000F3F103FB1157C75D06F8017D2F46BB420A
:10CAD0000D46F4D9082B0BD12368DF0708D523694D
:10CAE00061689942DEBF302306F8013C06F1FF364B
:10CAF000921B2261CDF800A04B4603AA2146404676
:10CB0000FFF7E6FE01304AD14FF0FF3004B0BDE838
:10CB1000F087236843F0200323603348782784F8A4
:10CB20004570236831681F0651F8045B02D45F0624
:10CB300048BFADB23160D90744BF43F02003236042
:10CB40001DB11023ACE72748E9E7236823F0200351
:10CB50002360F6E71646BDE7336825686169181D4E
:10CB600030602E061B6801D5196002E06806FBD50F
:10CB70001980002323611646BCE733681A1D326012
:10CB80001E68626800213046F6F702FB08B1801B80
:10CB9000606063682361002384F84330AAE7236957
:10CBA000324649464046D0470130ADD023689B0706
:10CBB00013D4E068039B9842B8BF1846A6E7012348
:10CBC000324649464046D04701309DD00135E368A2
:10CBD00003995B1AAB42F2DCEBE7002504F119067E
:10CBE000F5E700BFDFD90008F0D9000838B5064DD9
:10CBF0000023044608462B60F8F712FA431C02D1C2
:10CC00002B6803B1236038BD3C1C00202DE9F041A6
:10CC1000804615460C4621B9BDE8F0411146FFF7A4
:10CC200073BC2AB9FFF704FC00242046BDE8F0815C
:10CC300000F01AF88542064602D8B5EB500FF4D83A
:10CC400029464046FFF760FC07460028ECD0B54275
:10CC50002A46214628BF3246FFF7DCFB21464046E4
:10CC6000FFF7E6FB3C46E0E751F8043C181F002BB9
:10CC7000BCBF0B58C0187047F8B500BFF8BC08BC63
:10CC80009E467047F8B500BFF8BC08BC9E4670478A
:10CC9000000000000100000002000000C194C1007B
:10CCA00000000000B22700000000000000000000AB
:10CCB000000000000000000000000000004572724B
:10CCC0006F72004F54413D0041542B444556494E2C
:10CCD000464F00444556494E464F3D4C4F52412C1D
:10CCE0004E4F44452C52533438352C56312E332E6A
:10CCF000302C56312E322E322C25642C25640A001D
:10CD0000545854494D453D25640A0041542B455221
:10CD10004153450045524153453D4F4B0A00455252
:10CD20004153453D4572726F720A0041542B524582
:10CD30005345540052455345543D4F4B0A0041540E
:10CD40002B545854494D453D00545854494D453D88
:10CD50004572726F720A0041542B545854494D4524
:10CD60000041542B55504C494E4B494E543D0055B3
:10CD7000504C494E4B494E543D25640A0055504C89
:10CD8000494E4B494E543D4572726F720A004154F0
:10CD90002B55504C494E4B494E540041542B43485F
:10CDA0003D0043483D25640A0043483D4572726F8B
:10CDB000720A0041542B43480041542B454E434BCB
:10CDC00045593D00454E434B45593D25640A0045B4
:10CDD0004E434B45593D4572726F720A0041542BC8
:10CDE000454E434B45590041542B42414E443D0072
:10CDF00042414E443D4572726F720A0042414E44B8
:10CE00003D25640A0041542B434C4153533D00439C
:10CE10004C4153533D25630A00434C4153533D4518
:10CE200072726F720A0041542B434C4153530041BC
:10CE3000542B4D5347494E464F3D004D5347494EA5
:10CE4000464F3D25642C25642C25640A0041542B53
:10CE50004D5347494E464F0041542B505752454E73
:10CE6000423D00505752454E423D25642C25640AF0
:10CE70000041542B53463D0053463D25640A004172
:10CE8000542B53460041542B534C5649443D0053B8
:10CE90004C5649443D25640A0041542B534C564995
:10CEA000440041542B505752454E420041542B42AE
:10CEB0004155443D00424155443D25642C25640ABA
:10CEC00000424155443D4572726F720A0041542B35
:10CED000424155440041542B4C52530042414E4470
:10CEE0003D25730A00415400415339323300415506
:10CEF00039313500455538363800494E3836350019
:10CF00005553393135000000E8CE0008EECE000858
:10CF1000F4CE0008FACE000800CF000800C0C1011E
:10CF2000C30302C2C60607C705C5C404CC0C0DCD99
:10CF30000FCFCE0E0ACACB0BC90908C8D81819D909
:10CF40001BDBDA1A1EDEDF1FDD1D1CDC14D4D51539
:10CF5000D71716D6D21213D311D1D010F03031F129
:10CF600033F3F23236F6F737F53534F43CFCFD3D59
:10CF7000FF3F3EFEFA3A3BFB39F9F83828E8E92949
:10CF8000EB2B2AEAEE2E2FEF2DEDEC2CE42425E5F9
:10CF900027E7E62622E2E323E12120E0A06061A169
:10CFA00063A3A26266A6A767A56564A46CACAD6D19
:10CFB000AF6F6EAEAA6A6BAB69A9A86878B8B97989
:10CFC000BB7B7ABABE7E7FBF7DBDBC7CB47475B5B9
:10CFD00077B7B67672B2B373B17170B050909151A9
:10CFE0009353529296565797559594549C5C5D9DD9
:10CFF0005F9F9E5E5A9A9B5B9959589888484989C9
:10D000004B8B8A4A4E8E8F4F8D4D4C8C4484854578
:10D0100087474686824243834181804000C18140E8
:10D0200001C0804101C0804100C1814001C08041F8
:10D0300000C1814000C1814001C0804101C08041E8
:10D0400000C1814000C1814001C0804100C18140D8
:10D0500001C0804101C0804100C1814001C08041C8
:10D0600000C1814000C1814001C0804100C18140B8
:10D0700001C0804101C0804100C1814000C18140A8
:10D0800001C0804101C0804100C1814001C0804198
:10D0900000C1814000C1814001C0804101C0804188
:10D0A00000C1814000C1814001C0804100C1814078
:10D0B00001C0804101C0804100C1814000C1814068
:10D0C00001C0804101C0804100C1814001C0804158
:10D0D00000C1814000C1814001C0804100C1814048
:10D0E00001C0804101C0804100C1814001C0804138
:10D0F00000C1814000C1814001C0804101C0804128
:10D1000000C1814000C1814001C0804100C1814017
:10D1100001C0804101C0804100C181402B4F54417A
:10D120003A4641494C2C53594E5441580D0A002B54
:10D130004F54413A4641494C2C53495A450D0A0037
:10D140002B4F54413A4641494C2C45524153450DD1
:10D150000A002B4F54413A52454144590D0A002BC5
:10D160004F54413A4641494C2C54494D454F555432
:10D170000D0A002B4F54413A4641494C2C57524915
:10D1800054450D0A002B4F54413A41434B2C257511
:10D190000D0A0041542B4F544141424F5254002B31
:10D1A0004F54413A41424F525445440D0A002B4FCF
:10D1B00054413A4641494C2C4352430D0A002B4FEF
:10D1C00054413A4641494C2C4D4554410D0A002BDF
:10D1D0004F54413A4F4B0D0A00286E6F6E6529007F
:10D1E000434E0008314E0008154E0008354E000829
:10D1F000114E0008554E0008256473253033643AFB
:10D200000000000005510008A55100081551000854
:10D21000B151000875510008BD5100080000000020
:10D2200025510008DD500008A95000086150000891
:10D23000B9500008CD5000086D500008715000082A
:10D2400085500008695500089155000815550008DB
:10D25000015500084C6F52612054782E2E2E0A0D75
:10D26000004F6E52784572726F720A0D004F6E5405
:10D270007854696D656F75740A0D004D41432049FE
:10D280004420202020203A20253032583A253032C0
:10D29000583A253032583A253032583A25303258EB
:10D2A0003A253032583A253032583A253032580A29
:10D2B0000D0041434B202D3E206E6F646520256498
:10D2C0002028525353492025642C20534E522025A8
:10D2D00064290A0D004C6F5261204352432046617D
:10D2E000696C203A2052783D3078253034582043FC
:10D2F000613D3078253034580A004C6F526120521D
:10D300007820534C4156455F4944203A20307825D7
:10D310003032582020262054595045203A20307869
:10D32000253032580D0A004D6F64627573204461D8
:10D33000746120282575206279746573293A20006C
:10D340002530325820004E6F6465202564206E6FB2
:10D3500074206F6E206368616E6E656C202564209A
:10D360002D2069676E6F7265640A00557064617480
:10D37000656420257520416E616C6F67207265675A
:10D380006973746572732066726F6D204C6F5261A1
:10D390000A0053656E736F72204461746120282502
:10D3A00075206279746573293A2000556E6B6E6F33
:10D3B000776E204E6F6465494420256420E2809397
:10D3C0002069676E6F7265640A00446F6F72204453
:10D3D00061746120282575206279746573293A206B
:10D3E00000556E6B6E6F776E207061796C6F616443
:10D3F0004944203078253032580A004C4F52612081
:10D400005278204572726F72210A0D004C4F5261A2
:10D410002054782054696D656F7574210A0D0020C1
:10D42000286F66666C696E652064657465637469EF
:10D430006F6E204F4646290055504C494E4B494E81
:10D440005420203A2025642053656325730A0D007B
:10D450000A0D23232323204D61636E6D616E2052DC
:10D46000533438352047617465776179202323234D
:10D47000230A0D002D2D2D2D2D2D2D2D2D2D2D2D56
:10D480002D2D2D0A0D004150504C49434154494F18
:10D490004E5F56455253494F4E3A205625582E2539
:10D4A000582E25580D0A004D575F524144494F5F91
:10D4B00056455253494F4E3A202020205625582E8B
:10D4C00025582E25580D0A004C4F524120434F4EEF
:10D4D0004649470A0D004652455120202020202071
:10D4E000203A20256420487A0A0D0042414E4457D4
:10D4F0004944544820203A202564206B487A0A0D7C
:10D5000000535052454144494E4720203A2053464B
:10D5100025640A0D00454E435F4B455920202020CD
:10D520003A2025640A0D0072616E643D25640A0D7F
:10D530000000000000EA063740F7093780040D3785
:10D54000C0111037001F1337402C16378039193798
:10D55000C0461C3700D88C3640E58F3680F29236B4
:10D56000C0FF9536000D9936401A9C3680279F36AD
:10D57000C034A2364889BE33D859C233682AC6336C
:10D58000F8FAC93388CBCD33189CD133A86CD53386
:10D59000383DD93388C2903318939433A8639833B5
:10D5A00038349C33C804A03358D5A333E8A5A73337
:10D5B0007876AB336001C835A00ECB35E01BCE3595
:10D5C0002029D1356036D435A043D735E050DA353F
:10D5D000205EDD35A0860100400D0300801A0600A4
:10D5E00000350C0040420F0080841E0000093D0001
:10D5F00000127A000024F40000366E010048E801B1
:10D60000006CDC02000000000000000000000000D0
:10D61000000000000000000000000000000000000A
:10D6200000000000010000000200000003000000F4
:10D6300004000000010000000300000005000000DD
:10D640000100000001000000060000000A000000C8
:10D65000200000000200000004000000080000009C
:10D6600010000000400000008000000000010000E9
:10D6700000020000010002000400060008000A0089
:10D680000C0010002000400080000001080402048B
:10D6900008010101010101030701000052616469F1
:10D6A0006F53656E64204F76657273697A650D0AF3
:10D6B000004952515F52585F54585F54494D454F8D
:10D6C00055540D0A00505245204F4B0D0A00535936
:10D6D0004E43204F4B0D0A00484452204F4B0D0A39
:10D6E00000484452204B4F0D0A004952515F4352AB
:10D6F000435F4552524F520D0A00020100030000E1
:10D70000841E0000093D0000127A000024F400008D
:10D7100048E8010090D0030020A1070000000000AD
:10D72000B128000061510000C3A2000004050600FA
:10D73000E99A0008B9990008E59B0008359A0008A5
:10D74000FDA40008D19A000829A20008A1A00008A1
:10D75000BB9800082DA7000879A50008BD9A00080D
:10D76000B1990008619A0008399A0008F1990008F7
:10D77000E7990008F5980008F1980008E399000877
:10D78000DF9900087D9B0008A99B0008D599000837
:10D7900049A80008559900081D99000819A8000813
:10D7A000F9980008A99E0008319C000851B60008AD
:10D7B00057B60008E9980008ED980008C01200006C
:10D7C0001F000000A816000017000000841C0000C5
:10D7D0000F000000E42500001E000000B42D000032
:10D7E00016000000083900000E0000002C4C00005C
:10D7F0001D000000685B000015000000747200004E
:10D800000D000000589800001C00000034B7000014
:10D8100014000000E8E400000C0000007831010072
:10D820001B000000686E01001300000034CA0100F4
:10D830000B000000286202001A00000040DB02001A
:10D84000120000003C9303000A000000C0C2040064
:10D850001900000060B30500110000003820070027
:10D860000900000020A107000000000004030202DC
:10D870000101010100000000000000003C4E554C79
:10D880004C3E0030313233343536373839616263DB
:10D890006465666768696A6B6C6D6E6F70717273D0
:10D8A0007475767778797A0030313233343536379B
:10D8B00038394142434445464748494A4B4C4D4E0E
:10D8C0004F505152535455565758595A0000202022
:10D8D0002020202020202028282828282020202020
:10D8E00020202020202020202020202020208810E0
:10D8F0001010101010101010101010101010040440
:10D900000404040404040404101010101010104146
:10D9100041414141410101010101010101010101B7
:10D92000010101010101010101101010101010424C
:10D930004242424242020202020202020202020287
:10D940000202020202020202021010101020000065
:10D9500000000000000000000000000000000000C7
:10D9600000000000000000000000000000000000B7
:10D9700000000000000000000000000000000000A7
:10D980000000000000000000000000000000000097
:10D990000000000000000000000000000000000087
:10D9A0000000000000000000000000000000000077
:10D9B0000000000000000000000000000000000067
:10D9C0000000000000000000000000000000232D07
:10D9D000302B2000686C4C00656667454647003078
:10D9E00031323334353637383941424344454600C5
:10D9F00030313233343536373839616263646566C5
:04DA00000000000022
:08DA04007C57FF7F01000000C8
:04DA0C006531000878
:04DA10004131000898
:10DA1400010001000000802500000000000000005B
:10DA240000000000D9D10008010C000040DA8E3358
:10DA34000100CDAB00093D00010000001000000012
:10DA4400FF000000FFFFFFFFFFFFFFFF400000207B
:10DA540000000000041B00206C1B0020D41B0020CD
:10DA640000000000000000000000000000000000B2
:10DA740000000000000000000000000000000000A2
:10DA84000000000000000000000000000000000092
:0CDA940000000000000000000000000086
:040000050800563D5C
:00000001FF
