:020000040800F2
:10300000004000208D580008255200082752000873
:10301000295200082B5200082D5200080000000021
:103020000000000000000000000000002F52000817
:1030300031520008000000003352000835520008E9
:10304000DD580008DD58000839520008DD58000836
:10305000DD580008DD580008DD580008455200081A
:10306000DD580008DD580008DD580008DD5800086C
:10307000DD580008DD580008DD5800084D520008F2
:10308000DD580008DD580008DD580008DD5800084C
:1030900000000000DD58000859520008DD58000803
:1030A000DD580008DD580008DD580008DD5800082C
:1030B000DD580008DD580008DD580008DD5800081C
:1030C000DD580008DD580008DD580008DD5800080C
:1030D000DD5800086D520008DD580008DD58000872
:1030E000DD580008DD58000879520008DD58000856
:1030F000DD5800080000000000000000DD58000856
:10310000DD580008DD58000885520008DD58000829
:10311000DD580008DD580008DD580008DD580008BB
:10312000DD580008DD580008DD580008DD580008AB
:08313000DD580008DD5800081D
:1031400010B5054C237833B9044B13B10448AFF3E1
:1031500000800123237010BD7C00002000000000CF
:10316000D8CE000808B5034B1BB103490348AFF3A1
:10317000008008BD0000000080000020D8CE0008BC
:10318000034613F8012B002AFBD1181A01387047A7
:1031900001F0FF01102A2BDB10F0070F08D010F808
:1031A000013B013A8B422DD010F0070F42B3F6D10C
:1031B000F0B441EA012141EA014122F007047FF025
:1031C00000070023F0E80256083C85EA010586EA7C
:1031D000010685FA47F5A3FA87F586FA47F6A5FAB8
:1031E00087F68EB9EED1F0BC01F0FF0102F00702C4
:1031F00032B110F8013B013A83EA010313B1F8D16F
:103200000020704701387047002D06BF354603384F
:10321000073815F0010F07D1013015F4807F02BF88
:10322000013015F4C03F0130F0BC0138704700BFD9
:1032300080F0004002E000BF81F0004142001FBF6B
:103240005FEA410392EA030F7FEA226C7FEA236C74
:103250006AD04FEA1262D2EB1363C1BFD218414069
:1032600048404140B8BF5B42192B88BF704710F0FF
:10327000004F40F4000020F07F4018BF404211F0A2
:10328000004F41F4000121F07F4118BF494292EA0A
:10329000030F3FD0A2F1010241FA03FC10EB0C0036
:1032A000C3F1200301FA03F100F0004302D54942C3
:1032B00060EB4000B0F5000F13D3B0F1807F06D370
:1032C00040084FEA310102F10102FE2A51D2B1F168
:1032D000004F40EBC25008BF20F0010040EA03005D
:1032E0007047490040EB0000013A28BFB0F5000FDD
:1032F000EDD2B0FA80FCACF1080CB2EB0C0200FA93
:103300000CF0AABF00EBC25052421843BCBFD040E1
:103310001843704792F0000F81F4000106BF80F45B
:1033200000000132013BB5E74FEA41037FEA226C1E
:1033300018BF7FEA236C21D092EA030F04D092F0E9
:10334000000F08BF0846704790EA010F1CBF00201D
:10335000704712F07F4F04D1400028BF40F000407A
:10336000704712F100723CBF00F50000704700F09A
:10337000004343F0FE4040F4000070477FEA2262C1
:1033800016BF08467FEA23630146420206BF5FEA92
:10339000412390EA010F40F4800070474FF0000392
:1033A00004E000BF10F0004348BF40425FEA000C59
:1033B00008BF704743F0964301464FF000001CE001
:1033C00050EA010208BF70474FF000030AE000BF57
:1033D00050EA010208BF704711F0004302D5404295
:1033E00061EB41015FEA010C02BF84460146002007
:1033F00043F0B64308BFA3F18053A3F50003BCFA22
:103400008CF2083AA3EBC25310DB01FA02FC6344CE
:1034100000FA02FCC2F12002BCF1004F20FA02F2D5
:1034200043EB020008BF20F00100704702F12002C8
:1034300001FA02FCC2F1200250EA4C0021FA02F229
:1034400043EB020008BF20EADC7070474FF0FF0C2E
:103450001CEAD0521EBF1CEAD15392EA0C0F93EA29
:103460000C0F6FD01A4480EA010C400218BF5FEACB
:1034700041211ED04FF0006343EA501043EA51113E
:10348000A0FB01310CF00040B1F5000F3EBF490038
:1034900041EAD3715B0040EA010062F17F02FD2A3C
:1034A0001DD8B3F1004F40EBC25008BF20F001001F
:1034B000704790F0000F0CF0004C08BF49024CEA36
:1034C000502040EA51207F3AC2BFD2F1FF0340EAC8
:1034D000C250704740F400004FF00003013A5DDC39
:1034E00012F1190FDCBF00F000407047C2F100027A
:1034F000410021FA02F1C2F1200200FA02FC5FEA67
:10350000310040F1000053EA4C0308BF20EADC70B0
:10351000704792F0000F00F0004C02BF400010F422
:10352000000F013AF9D040EA0C0093F0000F01F0CF
:10353000004C02BF490011F4000F013BF9D041EAF1
:103540000C018FE70CEAD15392EA0C0F18BF93EAF3
:103550000C0F0AD030F0004C18BF31F0004CD8D11D
:1035600080EA010000F00040704790F0000F17BFA4
:1035700090F0004F084691F0000F91F0004F14D0EA
:1035800092EA0C0F01D142020FD193EA0C0F03D142
:103590004B0218BF084608D180EA010000F0004045
:1035A00040F0FE4040F40000704740F0FE4040F420
:1035B000400070474FF0FF0C1CEAD0521EBF1CEABF
:1035C000D15392EA0C0F93EA0C0F69D0A2EB0302DD
:1035D00080EA010C49024FEA402037D04FF0805377
:1035E00043EA111143EA10130CF000408B4238BF3C
:1035F0005B0042F17D024FF4000C8B4224BF5B1A4A
:1036000040EA0C00B3EB510F24BFA3EB510340EA97
:103610005C00B3EB910F24BFA3EB910340EA9C0045
:10362000B3EBD10F24BFA3EBD10340EADC001B01B5
:1036300018BF5FEA1C1CE0D1FD2A3FF650AF8B4259
:1036400040EBC25008BF20F0010070470CF0004C66
:103650004CEA50207F32C2BFD2F1FF0340EAC25091
:10366000704740F400004FF00003013A37E792F052
:10367000000F00F0004C02BF400010F4000F013AB0
:10368000F9D040EA0C0093F0000F01F0004C02BFAB
:10369000490011F4000F013BF9D041EA0C0195E714
:1036A0000CEAD15392EA0C0F08D142027FF47DAFAD
:1036B00093EA0C0F7FF470AF084676E793EA0C0F9D
:1036C00004D14B023FF44CAF08466EE730F0004C9B
:1036D00018BF31F0004CCAD130F000427FF45CAF2B
:1036E00031F000437FF43CAF5FE700BF4FF0FF3C99
:1036F00006E000BF4FF0010C02E000BF4FF0010CEC
:103700004DF804CD4FEA40024FEA41037FEA226CB4
:1037100018BF7FEA236C11D001B052EA530C18BFD6
:1037200090EA010F58BFB2EB030088BFC81738BF3B
:103730006FEAE17018BF40F0010070477FEA226C29
:1037400002D15FEA402C05D17FEA236CE4D15FEA25
:10375000412CE1D05DF8040B704700BF8446084659
:103760006146FFE70FB5FFF7C9FF002848BF10F11A
:10377000000F0FBD4DF808EDFFF7F4FF0CBF01205F
:1037800000205DF808FB00BF4DF808EDFFF7EAFFE9
:1037900034BF012000205DF808FB00BF4DF808EDA4
:1037A000FFF7E0FF94BF012000205DF808FB00BF99
:1037B0004DF808EDFFF7D2FF94BF012000205DF81F
:1037C00008FB00BF4DF808EDFFF7C8FF34BF01202C
:1037D00000205DF808FB00BF4FEA40024FEA4103BA
:1037E0007FEA226C02D15FEA402C08D17FEA236C89
:1037F00002D15FEA412C02D14FF0000070474FF038
:10380000010070474FEA4002B2F1FE4F0FD34FF074
:103810009E03B3EB12620DD94FEA002343F000433D
:1038200010F0004F23FA02F018BF404270474FF0EB
:103830000000704712F1610F01D1420205D110F072
:10384000004008BF6FF0004070474FF00000704725
:1038500042000ED2B2F1FE4F0BD34FF09E03B3EBFA
:10386000126209D44FEA002343F0004323FA02F026
:1038700070474FF00000704712F1610F01D1420212
:1038800002D14FF0FF3070474FF00000704700BF8B
:1038900053B94AB9002908BF00281CBF4FF0FF31B7
:1038A0004FF0FF3000F06AB9ADF1080C6DE904CEBD
:1038B00000F006F8DDF804E0DDE9022304B070470B
:1038C0002DE9F047089D0C46002B4ED194468C45BF
:1038D0008646B2FA82F262D94AB1C2F1200391401F
:1038E00020FA03F30CFA02FC194300FA02FE4FEA35
:1038F0001C471FFA8CF6B1FBF7F44FEA1E4307FB97
:10390000141143EA014304FB06F199420AD91CEB66
:10391000030304F1FF3080F01281994240F20F81DD
:10392000023C6344591A1FFA8EF3B1FBF7F007FB10
:10393000101143EA014300FB06F69E420AD91CEB34
:10394000030300F1FF3180F0FC809E4240F2F980D9
:10395000634402389B1B40EA044000211DB1D34060
:103960000022C5E90032BDE8F0878B4205D90DB1D0
:10397000C5E9000100210846F5E7B3FA83F1002903
:1039800046D1A34202D39042C0F0F080861A64EB85
:1039900003030120002DE6D0C5E90063E3E7002A18
:1039A00040F09080A1EB0C044FEA1C481FFA8CF702
:1039B0000121B4FBF8F64FEA1E4308FB164443EA24
:1039C000044307FB06F0984208D91CEB030306F1F9
:1039D000FF3402D2984200F2CD8026461C1A1FFA0C
:1039E0008EF3B4FBF8F008FB104443EA044300FBF9
:1039F00007F79F4208D91CEB030300F1FF3402D202
:103A00009F4200F2B0802046DB1B40EA0640A5E75B
:103A1000C1F120068B4022FA06F71F4320FA06FC6C
:103A200004FA01F343EA0C03F44000FA01F8380CFD
:103A30004FEA1349B4FBF0FE1FFA87FC00FB1E445B
:103A400049EA04440EFB0CF9A14502FA01F20AD935
:103A50003C190EF1FF3A80F08480A14540F281804C
:103A6000AEF1020E3C44A4EB09041FFA83F9B4FB47
:103A7000F0F300FB134449EA044403FB0CFCA445A7
:103A800007D93C1903F1FF3067D2A44565D9023B41
:103A90003C4443EA0E40A0FB0293A4EB0C049C427E
:103AA000CE469C4651D34ED055B1B8EB0E0364EBD5
:103AB0000C0404FA06F6CB401E43CC40C5E9006472
:103AC000002150E7C2F1200320FA03F10CFA02FCB6
:103AD00024FA03F394400C434FEA1C4800FA02FE18
:103AE0001FFA8CF7B3FBF8F008FB1031230C43EA04
:103AF000014300FB07F1994208D91CEB030300F1D5
:103B0000FF362CD299422AD9023863445B1AA4B2F8
:103B1000B3FBF8F108FB113344EA034401FB07F35C
:103B2000A34208D91CEB040401F1FF3613D2A342CF
:103B300011D902396444E41A41EA004139E70446E4
:103B4000F0E6084606E7C845AED2B9EB020E63EBD5
:103B5000070C0138A8E73146EDE7034699E7304600
:103B6000D4E7D6467FE7634402384DE7064623464E
:103B700008460FE7023E634430E700BF704700BFCE
:103B8000F7B5154606460F4603F080F9154B164863
:103B90004FF400421A6106F17842D30A022102EB87
:103BA000C502C0E90013C3EBD223DB0A013301A92C
:103BB000836003F003FA044680B9083FAC4206EB89
:103BC000C40103DB03F074F9002009E0F7E90223E4
:103BD000012003F0ADF908B90134EFE703F074F9FF
:103BE00003B0F0BD00400058A4000020520092B283
:103BF00000EB8202091A904200D1704703680B5013
:103C00000430F8E710B5ADF5FA6D0446FA22044821
:103C10006946FFF7EBFF1DF904000DF5FA6D10BDC5
:103C200000F8010810B5ADF5FA6D0446FA22044813
:103C30006946FFF7DBFF5DF804000DF5FA6D10BD76
:103C400000F8010870B50A4EADF5FA6D04460D4650
:103C500030466946FA22FFF7C9FFFA226946304624
:103C60000DF80450FFF78CFF0DF5FA6D70BD00BF25
:103C700000F8010870B50A4EADF5FA6D04460D4620
:103C800030466946FA22FFF7B1FFFA22694630460C
:103C90004DF80450FFF774FF0DF5FA6D70BD00BFCD
:103CA00000F8010813B5044603F0F0F80A4B0B487E
:103CB0004FF400421A6104F1784402230360E40ADD
:103CC000012301A94460836003F078F908B103F08F
:103CD000FBF802B010BD00BF004000589800002063
:103CE0001148124A08B50023C0E9002304224261AA
:103CF0000122C0E90233C0E90933C0E90C33036192
:103D000003838376C26180F8203080F82C3083638F
:103D100080F83C30C36402F0FDFC18B1BDE80840F7
:103D200001F07AB808BD00BFB000002000240140B7
:103D300010B596B004461422002103A808F042FCF6
:103D40003822002108A808F03DFC2268184B9A424E
:103D50002BD14FF48043089308A84FF0805313935E
:103D600003F0E8FF08B101F057F84FF0B04303A9A2
:103D70001A6E42F400721A661A6E02F4007202920F
:103D8000029ADA6C42F00102DA64DB6C03F00103A0
:103D90000193019B4FF480620323CDE903234FF08D
:103DA00090400023059303F057F916B010BD00BFF3
:103DB00000240140F8B50546174608F018FC0446F3
:103DC00060B1461B2846FFF7DBF9C6F10102013658
:103DD00002442146A81908F0DBFB2770F8BDF8B5AE
:103DE000164607460C461D46FFF7CAF9B04211D3E6
:103DF000731983420EDCB81900239D4205DC25EAC5
:103E0000E575002363552046F8BD10F8012BE254F8
:103E10000133F2E70024F6E770B50E46144600259C
:103E2000A54205DB0CD10378002B08BF002070BD34
:103E3000314608F0CFFB0028F9D001300135EFE71B
:103E40000020F4E72DE9F043B34C89B000F000FF07
:103E500014233C222146B14805F00AFCB049412216
:103E60002046FFF7A7FF01224FF480714FF09040EA
:103E700003F018FAAB49204608F0B9FB054688B1B3
:103E80004FF0904000224FF4807103F00BFA20466F
:103E900001F00AF83C220021204609B0BDE8F043B9
:103EA00008F090BBA049204608F0A1FBC8B104204F
:103EB000FFF7B8FE064600F0A3FC9C4B0095CDE949
:103EC00001502A462946022007F0BCFD0A2001F0D5
:103ED00061FA0096964B2A462946022007F0B2FD69
:103EE000D8E79449204608F082FB054610B102F05D
:103EF000ADF8CFE79049204608F079FB064648B177
:103F00008E4B01221A7029468D4B2A46022007F05B
:103F100099FDBFE78B49204608F069FB054648B389
:103F200031465020FFF7A6FE8748FFF7BBFE31461B
:103F300004465020FFF79EFE94B9844B224621464A
:103F4000012007F07FFD4FF0904022464FF4807132
:103F500003F0A8F9C82001F01DFA02F03FFD05E0CA
:103F60007B4B32463146012007F06CFD3C2200219C
:103F7000694892E77749204608F039FB90B1764BC3
:103F80002A462946012007F05DFD3C2229462046AD
:103F900008F018FB642001F0FDF909B0BDE8F0431A
:103FA00002F01CBD6D49204608F021FB054670B3A8
:103FB0002046FFF7E5F83D210546204608F00AFBBC
:103FC000021BAB1A013B013205A92046FFF707FF90
:103FD00005A808F0A9F9624B421F9A42044611D87D
:103FE00001460420FFF746FE0420FFF71BFE5D4B51
:103FF00018605D4B012284421A70B7D14C4B00947B
:10400000002207E1594B002211460220ACE7584933
:10401000204608F0ECFA20B10420FFF703FE0090E0
:1040200058E75449204608F0E2FA58B32046FFF713
:10403000A7F83D210546204608F0CCFA021BAB1A32
:10404000013B013205A92046FFF7C9FE05A808F08B
:104050006BF9441E072C13D8E1B26420FFF7F2FD80
:104060006420FFF7CFFD844280D10134424B00949D
:1040700000221146022007F0E5FC4FF47A706AE74F
:104080003E4BC0E73E49204608F0B1FA30B164200B
:10409000FFF7B8FD0130384B0090B1E739491E48B1
:1040A00008F0A5FA064638B31B48FFF769F83D212A
:1040B0000546194808F08EFA021BAB1A013B013283
:1040C00005A91548FFF78BFE05A808F02DF94FF656
:1040D000FE73421E9A4204460CD801466C20FFF73C
:1040E000C9FD6C20FFF79EFD84427FF43FAF264B55
:1040F000009485E7254B86E72549074808F077FABD
:104100000546002846D06C20FFF78CFD1E4B009022
:1041100032463146022088E014010020100B0020B6
:1041200052D1000823CF00082BCF000836CF00085B
:104130006ECF000879CF000884CF0008AA0C0020B9
:104140008ACF000896CF000800F801089FCF00082A
:10415000A9CF0008B6CF0008BFCF0008C9CF00081C
:104160007B51010004000020AB0C0020D4CF0008DC
:10417000E2CF0008ECCF0008F3CF0008FACF000828
:1041800004D000080AD0000815D0000820D000088C
:104190002ED00008AF49B04808F029FA40B3AE4825
:1041A000FEF7EEFF3D210646AB4808F013FA021B6E
:1041B000B31A013B013205A9A748FFF710FE05A875
:1041C00008F0B2F80428044606D9A44B2A4629462A
:1041D000022007F037FCC0E0C1B20820FFF732FD33
:1041E0000820FFF70FFDA0422AD19D4B00903FE72A
:1041F0009C49994808F0FBF920B30820FFF702FD1D
:1042000004281DD8DFE800F003080C141800002271
:10421000954B009211467DE701230093934BEFE607
:1042200002200022924B0090114607F00BFC9DE605
:10423000032300938F4BE3E6042300938E4BDFE6CA
:10424000864BE0E68D49844808F0D1F9064640B334
:104250008148FEF795FF3D2105467F4808F0BAF9F1
:10426000021BAB1A013B7C48013205A9FFF7B7FDE1
:104270009DF81440A4F14103022B10D821460C20D4
:10428000FFF7E0FC0C20FFF7BDFC412CC0B202D1CF
:104290007B4B0090B4E6432C7FF468AEF8E7784B94
:1042A000B1E678496C4808F0A2F9054630B10C2017
:1042B000FFF7A8FCC0B2724B009029E7724966482C
:1042C00008F095F9064600284AD06348FEF758FFE3
:1042D0003D210646604808F07DF9021BB31A013BF8
:1042E000013205A95C48FFF77AFD2A462C2105A872
:1042F000FFF792FD08F018F801222C21074605A8C7
:10430000FFF78AFD08F010F8022206462C2105A8C6
:10431000FFF782FD08F008F8F9B204461420FFF711
:1043200091FCF1B21820FFF78DFCE1B21C20FFF7E1
:1043300089FC1420FFF766FC04461820FFF762FC96
:1043400006461C20FFF75EFC504B0094CDE901604F
:104350002A462946022007F075FB3C22294607E63B
:104360004B493D4808F043F90546A0B11420FFF73A
:1043700049FC04461820FFF745FC05461C20FFF7C2
:1043800041FC424B0094CDE90150324631460220B7
:1043900007F058FBEAE53F492F4808F028F958B3E1
:1043A0002D48FEF7EDFE3D2106462B4808F012F998
:1043B000021BB31A013B05A901322748FFF70FFD85
:1043C0002A462C2105A8FFF727FD07F0ADFFC1B253
:1043D0001820FFF737FC1820FFF714FC2E4B009035
:1043E0002A462946022007F02DFB4FF47A7000F090
:1043F000D1FF02F0F3FAB0E72849174808F0F7F8C0
:1044000028B11820FFF7FEFB234B0090F8E5244964
:10441000114808F0ECF80646002859D00E48FEF77F
:10442000AFFE3D2105460C4808F0D4F8021BAB1A3C
:10443000013B013205A90848FFF7D1FC00222C21DD
:1044400005A8FFF7E9FC07F06FFF441E772C2BD976
:10445000144BD8E538D000081401002041D00008E2
:104460004DD0000856D000085ED000086AD0000881
:1044700076D0000882D000088ED000089AD00008BC
:10448000A4D00008AED00008B7D00008C3D0000800
:10449000D5D00008E0D00008E7D00008EED0000832
:1044A000F4D00008FED00008754BC1B2602019702E
:1044B000FFF7C8FB0F236420B4FBF3F1C9B2FFF789
:1044C000C1FB6020FFF79EFBC0B26E4B009097E5EA
:1044D0006D496E4808F08BF8054630B16020FFF753
:1044E00091FBC0B2674B009012E66949674808F03B
:1044F0007EF80646B8B36548FEF742FE3D21064603
:10450000624808F067F8021BB31A013B05A90132A3
:104510005E48FFF764FC2A462C2105A8FFF77CFCC7
:1045200007F002FF012206462C2105A8FFF774FCC4
:1045300007F0FAFEF1B204462420FFF79BFB214668
:104540002820FFF797FB2420FFF76CFB0446282068
:10455000FFF768FB4F4BCDE900402A462946022071
:1045600007F070FAF9E64C49484808F040F805466B
:1045700078B12420FFF756FB04462820FFF752FBB2
:10458000444BCDE9004032463146022007F05AFA4A
:10459000ECE442493D4808F02AF8064600285FD07E
:1045A0000C20FFF72FFB04460820FFF72BFB81466A
:1045B0001420FFF727FB06461820FFF723FB0746CA
:1045C0001C20FFF71FFBE4B2354B00942A46294616
:1045D0008046022007F036FA5FFA89F0042896BF79
:1045E000304BDFF8C49053F820906420FFF70AFBAB
:1045F00005466020FFF706FB04466C20FFF712FB20
:1046000000221146294B0090022007F01BFA0022DD
:104610001146274BCDF80090022007F013FA013520
:1046200000221146234B0095022007F00BFAE4B25A
:104630000022144B00941146022007F003FA3C229A
:104640000021124807F0BEFF0022CDE901781A4B85
:1046500000961146022007F0F5F909B0BDE8F08395
:1046600016490A4807F0C3FF054618B1144B3246F5
:104670003146CAE42378002BEFD0124BA6E500BFE9
:10468000100000200BD1000815D1000814010020F3
:104690001ED1000829D1000837D1000841D10008F7
:1046A000A4D0000874D100081DCF000815D0000860
:1046B00048D10008F3CF0008C3D0000851D100084A
:1046C000A5CF000804D1000810B5064C7020216861
:1046D000FFF7D0FA044B22681A6000F053FE034B38
:1046E000186010BD5C01002058010020500100201E
:1046F00008B50C4B19680C4B1868FEF79DFD0B496B
:1047000020F00040FFF754F818B1BDE80840FFF76B
:10471000DBBF00F037FE064B1B68C01A054B984202
:10472000F3D808BD580100205C0100200000404083
:1047300050010020FFFFA20208B500F023FE014B4C
:10474000186008BD5401002070B5044600F01AFE40
:104750001A4B1B68C01AFEF721FE1949FEF72AFF03
:1047600018490546FEF76AFD01462046FEF764FD3E
:1047700000210446FFF708F800B100241249134E47
:104780002046FEF717FF1249FEF760FE1149FEF7BB
:1047900055FD0D4904462846FEF70CFF0E49FEF76D
:1047A00055FE01462046FEF749FD3168FEF746FDFD
:1047B0003060BDE87040FFF79BBF00BF5401002090
:1047C00000007A446F12833A000061455C010020CA
:1047D000A69B443E2FE33E310000BE42064B0748F5
:1047E000196810B5FEF728FD00210446FEF7CCFF3E
:1047F00000B10024204610BD5C01002000709446EA
:1048000010B5FFF7EBFF0E49FEF7D4FE0D49FEF79A
:104810001DFE00210446FEF7B7FF68B9094920468E
:10482000FEF7D0FF50B94FF07C512046FEF706FD51
:10483000FFF70EF8C0B210BD0024F4E7014CF2E718
:10484000007094460000C842F0B5702085B0FFF7B4
:10485000E9F9284C431C0ABF002320602360256827
:1048600029462846FEF7B8FF48B900212846FEF73A
:104870008BFF20B920492846FEF7A4FF08B100238A
:1048800023601E4B22681A6000F07CFD1C4B1860F0
:10489000FFF7A4FF0646FFF7B3FF04463046FEF7D6
:1048A000B1FF05462046FEF779FD07462046FEF794
:1048B00079FD01463846FEF7BFFC1249FEF7C6FDFA
:1048C000FEF7A0FFCDE902402846FEF76BFD01464A
:1048D0003046FEF7B1FC0B49FEF7B8FDFEF792FF3C
:1048E0000022CDE90050084B1146012007F0AAF83C
:1048F00005B0F0BD5C010020007094465801002016
:10490000500100200000C84288D1000838B50021BD
:104910000446FEF739FF00B10024084D084920463F
:10492000FEF748FE0749FEF791FD2968FEF786FC71
:104930002860BDE83840FFF7DBBE00BF5C01002007
:10494000000061450000A0404FF0B04307B59A6CED
:1049500042F004029A649A6C02F004020192019AF5
:104960009A6C42F001029A649B6C03F0010300937D
:10497000002202210F20009B01F0DEFF0F2003B078
:104980005DF804EB02F00AB808B502F07FFA10B146
:104990006FF0040008BD064B9A6942F040429A61EC
:1049A0004CF2FA321A6102F083FA0028F2D0EFE7F3
:1049B00000400058F0B585B000230D460093064630
:1049C000A8B3FFF7E1FF044670BB02F05FFA88BBB3
:1049D0001A481B4A02230193D0F8E01506F17843E8
:1049E00002EA8121B3FBF1F701FB1733DB0A0293E3
:1049F000D0F8E00505F178410139314402EA80221E
:104A0000B1FBF2F002FB1011C3EBD1230133694675
:104A100001A8039302F0D2FA20B1022814BF6FF06C
:104A20000104012402F044FA204605B0F0BD6FF005
:104A30000504F9E76FF00404F6E700BF0070FF1FFC
:104A400000FCFF03014B186000207047600100204C
:104A50002DE9F04FB0F1006F89B006460F46904641
:104A6000C0F0C080DFF89091644DD9F8E03505EAD8
:104A7000832303F10063013B984200F2B3800029D5
:104A800000F0B38040EA02035B0740F0AE80FFF71E
:104A90007BFF044690BB02F0F9F9002840F0A880A3
:104AA000D9F8E015009705EA812106F17842B2FBBA
:104AB000F1F301FB132208F17843013B3344B3FBCC
:104AC000F1F001FB1033DB0A01334FEAD22AA3EBEA
:104AD000D222012A039388BFC6F30A050AF580375C
:104AE000C6F108038CBFC5F500654546FF02B34615
:104AF0000693039B9A4505D302F0DAF9204609B0E4
:104B0000BDE8F08FA6F10803069A1A4495421CD816
:104B1000009B04950193CDF814B04FF00009059B5C
:104B200009EB0301049B99453DD3009BAB442B4407
:104B3000A8EB0505B5F5006F009328BF4FF400659D
:104B40000AF1010A07F50067D3E753F8081F5A680E
:104B5000B2F1FF3F08BFB1F1FF3FD5D0284B186835
:104B600010B96FF00504C7E727B14FF4006239466A
:104B700007F06EF8DFF888900099D9F80030CBF391
:104B80000A001844AAB207F063F84FF400613846EF
:104B9000FFF710FF00BBD9F8003001934FF400631A
:104BA00005970493B9E7019B07914B4402930120B9
:104BB000D3E9002302F0BCF988B90799019BD1E938
:104BC000000259F80310029B5B689A4208BF8842B2
:104BD00005D109F10809A2E76FF001048CE76FF035
:104BE000030489E74FF0FF3488E76FF0050485E799
:104BF0006FF0040482E700BF0070FF1F00FCFF039A
:104C000060010020B0F1006F10B40DD3084BD3F851
:104C1000E045084B03EA842303F10063013B98421B
:104C200002D810BCFFF7C6BE4FF0FF3010BC704773
:104C30000070FF1F00FCFF034FF0B04382B0DA6C3E
:104C40000243DA64DB6C03400193019B02B07047BE
:104C5000F0B587B01422002101A807F0B3FC0220B0
:104C6000FFF7EAFF0120FFF7E7FF354E354F04203D
:104C7000FFF7E2FF48F2101100224FF0904002F0DF
:104C800011FB304600224FF4805102F00BFB3846F6
:104C900000224FF4005102F005FB0125C0224FF421
:104CA000441301A93046CDE90123039502F0D4F95C
:104CB0004FF4881302210024CDE901134FF09040F6
:104CC00001A9039402F0C8F948F2101301A94FF0AA
:104CD0009040CDE90135CDE9034402F0BDF94FF430
:104CE0008053CDE9013501A9032330460493039491
:104CF00002F0B2F901A94FF400533846CDE901356D
:104D0000CDE9034402F0A8F90F4BC222DA60072074
:104D100001F08AFE162001F087FE22462146072078
:104D200001F00AFE072001F039FE22462146162036
:104D300001F002FE162001F031FE07B0F0BD00BF09
:104D400000040048000800480008005800B59BB067
:104D50004822002108A807F035FC1822002102A8EB
:104D600007F030FC02F0B0FA4FF0B0428121D2F8E7
:104D7000903023F01803C2F89030D2F8003423F4B6
:104D8000C06343F40073C2F80034D2F8003403F473
:104D9000C0630193019B262308934FF48073CDE9F0
:104DA0000B130123109340230D93B022002308A876
:104DB000CDE91132139302F0FFFB08B172B6FEE7A2
:104DC0004F23CDE90230CDE90400CDE906000221F0
:104DD00002A802F08BFE08B172B6FEE71BB05DF8C8
:104DE00004FB000008B50A4B0A4A9A6062B601F05B
:104DF00045FCFFF7ABFFFFF72BFF00F070FDFEF760
:104E00006FFF0020FFF71EFE00F070FDFCE700BF03
:104E100000ED00E00030000872B6FEE770B5FF2339
:104E2000074D084E01441C46814202D143EA04204A
:104E300070BD10F8012B5A40AB5C6340B45CF3E7E3
:104E4000BDD20008BDD1000810B50446FEF798F9A0
:104E5000214682B2BDE810400148C82304F0B6BB29
:104E6000100B002030B521F003010E4D0346014424
:104E70004FF0FF308B4200D130BD9A785C7812043D
:104E800042EA04221C782243DC7842EA0462504061
:104E9000202200284FEA4000B8BF6840013AF8D10C
:104EA0000433E7E7B71DC1042DE9F04F3D2195B06C
:104EB00007F090FB044628B9784815B0BDE8F04FDC
:104EC000FFF7C2BF00210A22013007F023FB2C218B
:104ED0000546204607F07EFB0028EDD01022002179
:104EE000013007F017FB6B1EB3F5604F009002D244
:104EF00015F0030701D06A48DFE76A4E6A480123CC
:104F00004FF460413370FFF77DFE30B16748FFF723
:104F10009BFF377015B0BDE8F08F6548DFF894B19E
:104F2000FFF792FFBA463C46B846A5EB0809B9F12F
:104F3000F40F28BF4FF0F4095F484FF47A631FFA6B
:104F400089F20BEB040104F093FB019020B15B4864
:104F5000FFF77AFF002312E04C44B4F5006FC84419
:104F600019D30AF100604FF40062594600F5883009
:104F7000FFF76EFD28B15248FFF766FF019B3370C3
:104F8000C8E75049A4F500642246A1F500600AF57F
:104F9000006A07F0FDFA4C4A4346302108A807F0A2
:104FA000C3FA08A8FFF750FF4545BED8B4B1FF23A8
:104FB00014F007080ED10AF100603E49224600F5C0
:104FC0008830FFF745FD48B13D48FFF73DFF86F8C3
:104FD00000809FE70BF804300134E9E7302200211C
:104FE00008A807F0EFFADFF8D0800024642301223C
:104FF00004A9404604F03CFB90B99DF8102004F150
:105000005001631C0DEB01040A2A04F8302C0DD169
:105010002E4908A807F0EBFA044650B12C4897E750
:105020000137322FF4D823461C46DFE72F2BFBD164
:10503000EEE71D482946FFF715FF009B984204D074
:105040002448FFF701FF347064E7234B2348CDE980
:105050000435009B06934FF4006101230793FFF78B
:10506000D1FD08B11E4873E710221C480DEB020168
:10507000FFF7EEFC04460028F4D11A48FFF7E4FEDF
:10508000194A0394039B934202D901F0A7FC41E71C
:1050900000BF039B01330393F4E700BFBDD30008B7
:1050A000D0D30008580A002000100108E1D30008FE
:1050B000F3D3000864010020100B002000D4000886
:1050C00014D400086409002026D4000834D4000851
:1050D00040D400084FD400083143414D00F001088E
:1050E0005FD4000870D40008BF27090000B58DB058
:1050F0002C22002101A807F065FA1748174B03601E
:105100001F2383604FF080420023C0E90433C0E9CD
:10511000072383614FF48073436202F08DFF08B16F
:10512000FFF77AFE0C4803F0B3F808B1FFF774FEFE
:105130004FF0005300220793074808924FF4807302
:1051400001A9029206920B9302F0D6FF08B1FFF775
:1051500063FE0DB05DF804FB5C0A002000280040EF
:1051600010B5044690B03822002102A807F02AFAB0
:105170002268194B9A422CD14FF48033029302A833
:105180004FF480730F9302F0D5FD08B1FFF744FE92
:105190004FF0B0430220D3F8902042F40042C3F80D
:1051A00090209A6D42F480629A659B6D002203F410
:1051B000806311460193019B01F0BEFB022001F0C8
:1051C000EDFB00222A20114601F0B6FB2A2001F057
:1051D000E5FB10B010BD00BF002800407047000084
:1051E00008B501F06DFA044B0120C3F88800BDE852
:1051F000084002F0C1B800BF0004005801F067BACF
:1052000008B501F064FABDE8084000F0FFBA08B53F
:1052100001F056FABDE808400121002002F05CB818
:1052200070477047FEE7FEE7FEE7FEE7FEE77047E0
:105230007047704701F038BA014803F04FB800BF1B
:105240005C0A0020022002F033B80000014801F09F
:10525000AFBD00BFB00A002008B5402002F028F81A
:10526000BDE80840802002F023B80000014803F0A8
:10527000F9BB00BF100B0020014802F063BE00BF65
:105280005C0A0020014803F052BA00BF940A0020D3
:10529000054808B50823036003F066F818B1BDE8B7
:1052A0000840FFF7B9BD08BD940A00204FF0B04395
:1052B00007B55A6E42F001025A665B6E002203F097
:1052C0000103019311463220019B01F035FB32208E
:1052D00003B05DF804EB01F061BB00000CB407B54E
:1052E000054A05AB1021019306F0FCFE03B05DF802
:1052F00004EB02B0704700BF94D4000830B585B00D
:10530000044602A80D4606F07BFDBDF90C30064AA6
:1053100000931021029B2046FFF7E0FF2046FDF797
:105320002FFF288005B030BD94D400084FF0B04264
:1053300010B5936823F40043936006F087FD0A4B91
:1053400001241C7000F02CF806F012FB074806F050
:1053500029FB022006F02CFB06F024FC2146204607
:10536000BDE8104006F03EBCA00A0020FD52000837
:1053700006F04EBC0121022006F01EBC00210220D6
:1053800006F01ABC024B187808B100F069B87047F3
:10539000A00A002082B00190019802B000F0FCB891
:1053A00008B501F09BF901F0A1F9BDE8084001F052
:1053B000A5B900000B4A116810B5034609B90A499E
:1053C0001160106809490A4C0344091B8B4206D935
:1053D00007F024F90C2303604FF0FF3010BD136079
:1053E000FCE700BFA40A0020301500200040002088
:1053F00000080000014B1868704700BFA80A002091
:105400000320704708B501464FF47A7200238002EA
:10541000890DFEF73DFA08BD4FF47A73A0FB030334
:10542000800A40EA83507047034B98689A6890421C
:10543000FBD1C043704700BF0028004008B5FFF70C
:10544000F3FF014B186008BDA80A002008B5FFF75C
:10545000EBFF024B1B68C01A08BD00BFA80A002062
:10546000024B187808B1FFF7DFBF7047AC0A002085
:1054700010B5074B074C0122DA654FF480712046C6
:1054800002F026FD4FF0FF332363002010BD00BF64
:10549000002800405C0A002002460021014802F07A
:1054A0002EBF00BF5C0A002002460121014802F025
:1054B00026BF00BF5C0A002010B58CB02C22002152
:1054C000044601A807F07EF8FFF7D2FF0C4B0D4809
:1054D0001B681C440023089306934FF00053E443D9
:1054E000079301224FF4807301A902940B9302F0F9
:1054F00003FE08B1FFF790FC00200CB010BD00BF08
:10550000A80A00205C0A002038B50546FFF78CFF8A
:1055100002210446074802F0F9FEC4F309024FF4E1
:105520007A71A2FB0121920AA30A2A8043EA8050E1
:1055300038BD00BF5C0A00200148002102F0E6BE31
:105540005C0A00200148012102F0E0BE5C0A002054
:10555000F8B50F4D2E78CEB90E4C4FF0FF372763BC
:10556000FFF7C4FDFFF784FF4FF48071204602F07F
:10557000AFFC2046276302F06DFE32462046022132
:1055800002F0BDFEFFF75AFF01232B700020F8BD8B
:10559000AC0A00205C0A0020014610B54FF47A7274
:1055A00000238002890DFEF773F90146FFF73CFFE7
:1055B0000446FFF739FF031B8B4200D310BD00BF29
:1055C000F7E706F04BBD000010B5064C022120465F
:1055D00002F09CFE0221421C2046BDE8104002F071
:1055E0008EBE00BF5C0A00201648174A08B54FF46B
:1055F0006133C0E9002300230C22C0E90233C0E973
:105600000523C0E90733C0E90933036104F0CEF88C
:1056100008B1FFF701FC0B48002104F03EFA08B185
:10562000FFF7FAFB0748002104F057FA08B1FFF72B
:10563000F3FB044804F011FA18B1BDE80840FFF785
:10564000EBBB08BD100B00200044004070B596B0C5
:1056500006461422002103A806F0B4FF38220021D8
:1056600008A806F0AFFF3268284B9A424BD10223BC
:10567000089308A84FF440230A9302F05BFB08B19B
:10568000FFF7CAFB4FF0B04300259A6D204C42F45F
:1056900000329A659A6D02F400320292029ADA6C34
:1056A00042F00102DA64DB6C03F001030193019B19
:1056B0000C220223CDE903230323CDE9055303A9DB
:1056C00007234FF09040079301F0C6FC1149256273
:1056D0001423C4E900131023C4E9023520468023B3
:1056E000C4E90435C4E9065501F0ECF908B1FFF747
:1056F00093FB2520F46700220221A66201F01CF929
:10570000252001F04BF916B070BD00BF00440040E9
:10571000B00A00205800024002680C4B9A4210B5B3
:10572000044612D14FF0B0420C21936D23F40033A4
:1057300093654FF0904001F03BFDE06F01F034FACB
:10574000BDE81040252001F037B910BD00440040ED
:1057500008B50A460146024803F0E8F8002008BDF3
:10576000100B002013B5114B114C18604FF40013AF
:10577000009302AB13E90600204604F012F92368F7
:10578000DA69D103FCD4DA695202FCD59A68084878
:1057900042F480029A6004F04AF906490448012262
:1057A00004F0B8F8002002B010BD00BFA40B002028
:1057B000100B0020AC0B002008B5074B1860FFF75A
:1057C000C3F8FFF711FF054AD2F8803043F00063B9
:1057D000C2F88030002008BDA80B00200008005847
:1057E00008B54FF0B04308489A6B42F400329A6310
:1057F0009A6B22F400329A63FFF78EFF0F2001F0BC
:10580000DBF8002008BD00BF100B002008B50748DA
:1058100003F0CCFF08B1FFF7FFFA054801F052F999
:1058200018B1BDE80840FFF7F7BA08BD100B00201B
:10583000B00A00200268044B9A4203D1034B0020B7
:105840001B681847704700BF00440040A80B0020A9
:1058500002680B4B9A4210B504460FD1094B1B68E6
:105860002BB1D0F8902012B9074801219847204663
:105870000549BDE81040012204F04CB810BD00BF3E
:1058800000440040A40B0020AC0B00200D488546CE
:1058900000F0CDFE0C480D490D4A002302E0D4581B
:1058A000C4500433C4188C42F9D30A4A0A4C00236A
:1058B00001E013600432A242FBD306F0B5FEFFF70D
:1058C00091FAFEE700400020000000207C0000204C
:1058D000A0DC00087C0000202C150020FEE708B5A5
:1058E000FFF724FDBDE8084000F0ACBC4FF0FF30EE
:1058F00006F0F2B90E4B18684FF47A73584331280A
:1059000010B513D90B490B6883EA433383EA534339
:1059100083EA43130B603222B0FBF2F251000131F3
:10592000801AB3FBF1F401FB1433184410BD00BF1F
:1059300004000020EC0C002070B5194B1D889CB0B1
:105940000C460022A2420ED30022164B00931146B1
:10595000154B012006F076F8144B21469B6A03A8EC
:1059600098471CB070BD511CA142B8BF8618835C1B
:10597000BCBF767843EA0623A14202F17006B8BFA5
:1059800070316E4483EA0503B8BF694406F8643C8D
:1059900002F10202BCBF1B0A01F8643CD2B2D1E79B
:1059A00012000020F0D400084DD10008BCD9000836
:1059B000024B01200021187006F056B99F0C002000
:1059C000024B01200021187006F04EB9AD0C0020EA
:1059D00008B50122054B0021104606F033F8BDE85A
:1059E00008400021012006F03FB900BF06D500089D
:1059F000014806F0E1BA00BFF40C00202DE9F047A1
:105A00006E4B1A7894B0B2B100246D481C7006F049
:105A100085FAFFF76FFF0146694806F007FB684803
:105A200006F0CAFA674B1B6800932246664B214674
:105A3000022006F007F8654B1A7802F0FF01AAB1C0
:105A400000221A70624B1B78C3F1030311460093C6
:105A50000220604B05F0F6FFFEF76EFE5E4B5F48DE
:105A6000197814B0BDE8F047FFF766BF5C4B5D4C9A
:105A70001A7822B15C4A19700123237013705B4BB2
:105A80001A788AB100221A7023780BB90123237087
:105A90004B4806F043FAFFF72DFF0146484806F051
:105AA000C5FA474806F088FA514B1A783AB10022F5
:105AB0001A7023781BB94F4A01232370137023787F
:105AC000002B69D02378DFF82081DFF828A1DFF8E8
:105AD0002891013BDBB2237098F800203C4B002A50
:105AE0005DD00322402145481A7001F0D5FB431ECA
:105AF0005842434E434F5841308033883A680092B1
:105B000002AC414A9BB24621204606F00DFD002220
:105B100011463E4B0094012005F094FF06F0BAF9BF
:105B20004FF47A73B0FBF3F5394B2C4C1B78237090
:105B30000B236370FEF764FE0023E3702B0C2371CC
:105B40002B0A99F8002063719AF80030A070134373
:105B5000A57130D198F80030003B18BF0123DB015C
:105B6000E37133881D48C3F30723237233886372BC
:105B70003B681B0AA3720C213B68E372FFF74EF9E6
:105B8000154B2073000A60730E241C70FEF7D4FDC1
:105B900012482146FFF7D0FE14B0BDE8F08799F80F
:105BA000002032B19AF80020002A14BF01220322FB
:105BB00098E7012296E78023D2E700BFAB0C0020D4
:105BC000B00C00200400002014D50008A10C002017
:105BD000A20C002034D50008A00C0020AD0B002042
:105BE000E80C0020AC0C0020A80C0020AD0C00201C
:105BF000AA0C0020A90C0020A30C002000040048DF
:105C0000EA0C0020E40C002041D500086BD5000808
:105C10001000002013B50D4B1B7803F0FF0443B1B7
:105C20000B4B5B6B01934FF4FA6002B0BDE8104080
:105C3000184701222146074B104605F003FF214675
:105C4000012002B0BDE8104006F00EB8A40C002000
:105C5000BCD900086ED5000870B51C4B1A7802F04C
:105C6000FF0462B31A4A1B4900241C701378CD6AE2
:105C7000012B0DD91378013BDBB21370164B0126B3
:105C80001E70A847BDE870400021012005F0ECBF60
:105C9000124B14701A7832B11C702246104B2146F8
:105CA000022005F0CFFE0F4B1A78002AE9D000221F
:105CB0001A7011460C4B022005F0C4FEE1E70122E8
:105CC0000A4B2146104605F0BDFEDBE7A40C002080
:105CD000A20C0020BCD90008A10C0020A90C0020B7
:105CE0007AD50008A80C002083D500088FD50008BD
:105CF0002DE9F043624D98462B7889B006460C4654
:105D0000174603F0FF09002B64D007291BD15D4B18
:105D100006A91C8801220846771E072ABB5C1CBF07
:105D200016F802C043EA0C236340072A0B7010D117
:105D30000521BDF81D40FFF771F8534B9DF8182061
:105D40001B789A420AD0514B4FF4FA605B6B98472C
:105D50003DE01B0A4B7002320231DEE79DF819303C
:105D6000AC2BF0D18442EED1494B00221A70494B42
:105D7000197829B11A701146474B022005F062FECE
:105D8000464B1A78D2B14648BDF81A1000221A7054
:105D9000038801339BB2C9BA03809DF91C000491AA
:105DA00040490590097803910B200121CDE90110AC
:105DB000009311463C4B022005F044FE334B002477
:105DC000DB6A2C7098472146012005F04DFF09B091
:105DD000BDE8F0830122354B4946104605F032FEFE
:105DE0000122334B49461046CDE9007805F02AFEE2
:105DF000304B314883F80080DE22494606F0E2FB52
:105E00002E4BDE2C1C8004D82B482246314606F04F
:105E100031FC2B4B284D1F7001222A4B009400218E
:105E2000104605F00FFE0122274B284E284F002177
:105E3000104605F007FE002415F8013B00930022F0
:105E400033461146012005F0FDFD04F00F030F2B32
:105E500005D100223B461146012005F0F3FD013437
:105E6000402CE9D100221146194B012005F0EAFD32
:105E70000021012009B0BDE8F04305F0F5BE00BFE8
:105E8000A40C00201200002010000020BCD9000843
:105E9000A20C0020A80C00209DD50008A90C002011
:105EA000A60C002008000020AED50008CDD50008C3
:105EB000D8D500080C0D0020EE0D00200E0D00209E
:105EC0000D0D0020FAD500080ED6000821D60008D6
:105ED0000BD600087FB5FEF781FC0646FEF790FC66
:105EE00005463046FDF78EFC0446FDF75BFA014699
:105EF0003046FDF7A1F90E49FDF7A8FA4FF07C51A5
:105F0000FDF79CF9FDF77EFC00236328C4BF18460B
:105F10000134642DA8BF64250022CDE90105039357
:105F20000094044B1146012005F08CFD04B070BDB7
:105F30000000C84224D6000837B5194B194C1B780D
:105F40001BBB23780BBB184B1868FDF727FAFEF72D
:105F5000FBFBFFF7BFFF154A23781278144C13435D
:105F600004D1144B1B7803F0FF0583B1124B0122BF
:105F70004FF080401A70FEF7C9FC636B01934FF439
:105F8000FA6003B0BDE8304018470020DFE7E36A5D
:105F900098472946012003B0BDE8304005F064BEB3
:105FA000AC0C0020A90C002004000020A30C002051
:105FB000BCD90008A80C0020A40C002037B51C4B4D
:105FC0001B780446002B31D002280BD1FDF73AFF95
:105FD00000224FF480714FF0904003B0BDE8304094
:105FE00001F060B9402821D10A20FFF7D3F92146FA
:105FF000104801F051F9431E5C425C4100220E4BF7
:10600000009411460546022005F01CFD0B4A13784A
:10601000A3420BD00A4B147001211C80094B8D4206
:1060200019701FBF08490B6801330B6003B030BD06
:10603000C80C00200004004847D6000800000020DB
:10604000EA0C0020E80C0020E40C002010B50B4BFB
:106050000B4A1B88126894B002AC00929BB2094AAA
:106060004621204606F060FA0022074B00941146B4
:10607000012005F0E7FC14B010BD00BFEA0C0020C1
:10608000E40C002041D500086BD5000800B5114B89
:10609000D3F88025D3F8843589B0D1B20791C2F303
:1060A00007210691C2F30741120E0492DAB203925D
:1060B000C3F307220292C3F3074201921B0E002290
:1060C000059100931146044B022005F0BBFC09B07A
:1060D0005DF804FB0070FF1F58D60008042807D89D
:1060E000072905D8034B01EBC00153F82100704785
:1060F00000207047C0D70008F7B56020FDF782FD8B
:10610000C0B2431E772B454F6ED838701820FDF76C
:1061100079FDC0B20528424C6CD8207023786420E9
:10612000C3F10C032370FDF76DFDC6B20820FDF727
:1061300069FD072EC5B204D900216420FDF782FD58
:1061400000263C780F23013C94FBF3F4E4B2A64212
:1061500003D021466420FDF775FD052D10D90321DC
:106160000820FDF76FFD41210C20FDF76BFD00219C
:106170001420FDF767FD00211C20FDF763FD0325BA
:1061800021462846FFF7AAFF264B18601C20FDF782
:1061900039FD254A254B012808BF1346244A14BF60
:1061A0000021012111700022114600930220214B91
:1061B00005F048FC0420FDF735FD1F4B421F9A42B5
:1061C0001E4B1DD818606C20FDF72CFD80B2431EBD
:1061D0009BB24FF6FD729342194B18D8188003B04A
:1061E000BDE8F040FEF730BB012160203970FDF7BB
:1061F00029FD8BE7052118202170FDF723FD8DE790
:106200004FF4967104201960FDF734FDDBE740F28E
:1062100057416C201980FDF72DFDE0E710000020AC
:10622000080000200C0000208FD60008A5D600082A
:10623000A30C0020A9D600087B5101000400002017
:10624000120000202DE9F04F8DB0FEF701FD602017
:10625000FDF7D8FC00228A4B00901146022005F081
:10626000F1FB01224FF480714FF0904001F01AF8D9
:106270004FF44870FFF78EF800224FF480714FF012
:10628000904001F00FF84FF49670FFF783F8012269
:106290004FF480714FF0904001F004F84FF44870D3
:1062A000FFF778F800224FF480714FF0904000F033
:1062B000F9FF00220024012511464FF0050B714B18
:1062C000714EDFF8C891724F022005F0BBFB2246E9
:1062D0002146CDE901B46F4B0095022005F0B2FBD9
:1062E000032322462146CDE9005302956A4B022042
:1062F00005F0A8FBFFF7CAFE2246C821674B0094B1
:10630000674805F0ADFD664805F056FE6548664BEA
:106310000360664B8360664B4360664BC360664BAD
:10632000036133689847736998469847800DC9F8A8
:106330000000FFF7E1FEF3683868984722462146DF
:106340005E4B022005F07EFB224621465C4B02207C
:1063500005F078FB3B68009322462146594B5A4F83
:10636000022005F06FFB7D23009322462146574B08
:10637000022005F067FB3B78009322462146544BF0
:10638000022005F05FFB534B1B88009322462146F9
:10639000514B022005F056FB504B1B6800932246E0
:1063A00021464F4B022005F04DFB22462146434B30
:1063B000022005F047FB4FF0080A47F23053CDE9C1
:1063C0000743CDE90544CDE90345CDE9015A3B78C2
:1063D0000093F3690B93DDF82CC023462246284630
:1063E0001621E047CDE90845CDE90644CDE904454D
:1063F000CDE902B4CDE9004AB3690B933A780B9F1B
:106400002B4621462846B847736D2846DE2198471B
:106410002146DE22334806F0D5F8D9F80030009343
:1064200022462146304B284605F00CFBF36A98477C
:10643000214628462D4A05F0D3FC2A464FF4FA613E
:106440002B4B00942B4805F00BFD2A4805F0B4FDBA
:10645000C047294B002808BF4FF0A5301860FFF750
:1064600049FA264B009401462A46254805F0F8FCD7
:10647000234805F0A1FD234B1D700DB0BDE8F08F42
:10648000BBD60008C7D60008BCD90008F00C002015
:106490000C000020DFD6000800D70008F1590008E2
:1064A000F40C0020CC0E0020395F0008F15C0008DD
:1064B000D1590008595C0008155C000821D7000874
:1064C00033D7000841D700080800002056D700083D
:1064D0006CD700081200002080D7000804000020BC
:1064E00092D70008100D0020A8D70008FD59000819
:1064F000B1590008CC0C0020EC0C0020C159000858
:10650000B00C0020C80C002000F00AB800F04AB817
:1065100000F082B800F082B800F082B800F082B8D3
:106520002DE9F04186B000244FF0B0430594DA6CB9
:106530001B4D42F00402DA64DB6C039403F00403A5
:106540000093009B10270123CDE9017301A90323C8
:10655000284604934FF4005800F07EFD01A9284618
:106560008026CDF8048000F077FD01A94FF090401F
:10657000019600F071FD22464146284600F092FE49
:1065800022463946284600F08DFE224631464FF01D
:10659000904000F087FE204606B0BDE8F08100BFC5
:1065A0000008004808B5032814D8DFE800F00215F9
:1065B0001D2A002280214FF0904000F073FE00223F
:1065C0001448102100F06EFE002212484FF40051D2
:1065D00000F068FE002008BD012280214FF09040AD
:1065E00000F060FE0122EBE7012280214FF0904095
:1065F00000F058FE01220748102100F053FE01224E
:10660000E3E7012280214FF0904000F04BFE002292
:10661000F1E700BF000800480220704701207047E2
:1066200001207047002814BF16200F2070477047C4
:1066300038B5104C237805460BB9012038BD00F061
:10664000ABFF22784FF47A73B3FBF2F3B0FBF3F0B5
:1066500000F0D6F904460028EFD10F2DEDD8024600
:1066600029464FF0FF3000F067F9034B20461D60CC
:10667000E4E700BF180000201C00002010B5032034
:1066800000F048F900F088FF064B18600F20FFF774
:10669000CFFF044618B9FEF7C4FD204610BD012403
:1066A000FBE700BF14000020034A044B11681B786D
:1066B0000B441360704700BFE80E00201800002054
:1066C0004FF0E022136923F00203136170474FF08B
:1066D000E022136943F0020313617047024A5368D2
:1066E00023F0010353607047002004E0024A53681E
:1066F00023F0020353607047002004E0024A53680D
:1067000023F0040353607047002004E08068C0F366
:1067100080007047F7B5002301930446002800F07D
:10672000E980856D25B9FDF703FBE56584F85450D4
:1067300023689A68D00040F1A1809A68D10000F1E6
:10674000B480A26D42F01002A265E26D42F0010237
:10675000E26501251846FFF7D9FFA26D02F010028D
:10676000024340F0C980A26D206922F4817242F098
:106770000202A2659A68D2075DD4226BA67E94F8C5
:106780002CC0003A18BF01221703D4E902120A43B1
:10679000217E42EA8132617E42EAC13242EA4632D9
:1067A000002842EA4C02B4BF20F000414FF400112F
:1067B0003A430A4394F82010012903D1002E76D1E0
:1067C00042F48032616A21B1A66A01F4E07131437A
:1067D0000A43D968E66C21F4FE3121F4FF711143BC
:1067E000D96094F83C206168012A01F0404C4CEAE1
:1067F000060609D1D4E910273A433243A66C324346
:1068000042EA0C0242F001061F693E4A3A40324316
:106810001A6121F00042B2F1804F0CD0B1F1004F6B
:1068200009D0394ED6F8082701F4701122F47012FD
:106830000A43C6F808275A69666BA16B22F0070263
:1068400032435A615A6922F0700242EA01125A61D7
:10685000002835D19A6A62F00F029A625B6903F0F0
:1068600007039E423CD10023E365A36D23F003039D
:1068700043F00103A365284603B0F0BD9A6823499D
:1068800022F0104222F0170242F080529A60204A11
:106890001268B2FBF1F2013252000192019A002A11
:1068A0003FF44BAF019A013AF7E7002552E7A16D9B
:1068B00041F02001A165E16D41F00101E16581E751
:1068C000B0F5001FCAD19A6AE269013A92006FF0EE
:1068D0000F0102F01C0201FA02F2216E0A43BCE72A
:1068E000A36D23F0120343F01003A365E36D43F09F
:1068F0000103E3650125BEE7A36D43F01003A36523
:10690000F8E700BF02FCFF1F00200140400D03001C
:10691000140000200749CA6822F4E062030212044E
:1069200003F4E063120C134343F0BF6343F40033FA
:10693000CB60704700ED00E0164B30B5DC68C4F367
:106940000224C4F10703251D042B28BF0423062DB0
:106950004FF0FF358CBF033C002405FA03F321EA16
:106960000303A54022EA0502A340002843EA0203EC
:10697000ACBF00F16040084A4FEA0313B8BF00F013
:106980000F00DBB2AABF00F56140135480F800335A
:1069900030BD00BF00ED00E014ED00E0002807DB93
:1069A000044A4109012300F01F00834042F82130CE
:1069B000704700BF00E100E000280CDB43090649F6
:1069C00000F01F0020330122824041F82320BFF352
:1069D0004F8FBFF36F8F704700E100E0BFF34F8F21
:1069E0000549064BCA6802F4E0621343CB60BFF36B
:1069F0004F8F00BFFDE700BF00ED00E00400FA0587
:106A00000138B0F1807F0BD24FF0E023054A586186
:106A1000F02182F823100020072298611A61704744
:106A20000120704700ED00E0002808DB430904491D
:106A300000F01F0001226033824041F8232070479C
:106A400000E100E070B5D0E913456560446D14B114
:106A5000D0E916456560D0E9105404F01C06012405
:106A6000B4406C60046863608368102B0BBFA26045
:106A7000A160E160E26070BD0268416CD3B210B504
:106A8000083B1424B3FBF4F30B4CA24288BF0B4A1F
:106A900021F0030199BF01F1804202F50232521840
:106AA00007338264064AC26403F01F03012202FA1C
:106AB00003F3036510BD00BF070402401C08024039
:106AC0008008024038B500285CD002682E4B9A42FC
:106AD0004FF014014AD82D4B1344B3FBF1F32C496A
:106AE0009B00C0E91013022380F825301368056964
:106AF00023F4FF4323F070031360D0E902432343E0
:106B00002B43456911682B4385692B43C5692B438A
:106B1000056A2B430B431360FFF7AEFFB4F5804FBC
:106B200004BF002343604368816C03F07F020A6066
:106B3000D0E91314013B032B4C601ED8154B1649AA
:106B4000816513449B000121013A01FA02F2002100
:106B50004365C2651960114B5A6400230122C36367
:106B600080F8243080F82520184638BD0C4B13449B
:106B7000B3FBF1F30B499B00B3E70023C0E91533E6
:106B8000C365EAE70120F0E707040240F8FFFDBF14
:106B9000000002403F82001040090240000902400C
:106BA000F8FBFDBF0004024038B5002841D0026860
:106BB000136823F0010313601F4B9A424FF0140136
:106BC00030D81E4B1344B3FBF1F31D499B00C0E9C1
:106BD0001013012403F01C0304FA03F300251560CD
:106BE0004B60FFF749FF836C41681D60D0E91332A9
:106BF0005A604A1E032A06D8124B0B449B0094404D
:106C00001D60114B5C640023C363C0E91533C0E908
:106C10000B33C0E90D33C36580F8253080F824308C
:106C2000184638BD094B1344B3FBF1F308499B00E8
:106C3000CDE70120F5E700BF07040240F8FFFDBFE4
:106C4000000002403F82001000090240F8FBFDBF37
:106C50000004024070B590F82450012D04463BD04A
:106C600090F825600125AE4280F824504FF00006D0
:106C70002CD1022580F825500568C6632E6826F0C1
:106C800001062E60FFF7DEFE036BBBB12B6843F0FD
:106C90000E032B60A36C1A68D20342BF1A6842F439
:106CA00080721A60636D1BB11A6842F480721A60B8
:106CB0002B6843F001032B60002070BD2B6823F08C
:106CC00004032B602B6843F00A03E2E78023C363CD
:106CD00080F824602846F0E70220EEE7034640B142
:106CE00090F82520022A06D00422C263002280F8F0
:106CF0002420012070470268806C116821F00E0189
:106D00001160016821F480710160116821F00101B6
:106D10001160D3E9100202F01C0101228A40426096
:106D2000D3E9132151605A6D32B1116821F4807199
:106D30001160D3E9162151600122002083F825203B
:106D400083F82400704708B590F82530022B03D053
:106D50000423C363012008BD03681A6822F00E02F1
:106D60001A601A6822F001021A60826C136823F418
:106D700080731360D0E9101303F01C0201239340C9
:106D80004B60D0E913325A60436D33B11A6822F474
:106D900080721A60D0E916325A60012380F82530DB
:106DA000002380F82430836B03B198470020D2E79A
:106DB00070B4426C046C036826681D6802F01C0203
:106DC0000421914031420FD015F0040F0CD01A6805
:106DD00092065EBF1A6822F004021A60036B6160BB
:106DE000002B33D070BC184702219140314217D09C
:106DF00015F0020F14D01A68940606D41A6822F00F
:106E00000A021A60012280F82520114A93428CBFA1
:106E1000104B114B5960002380F82430C36ADFE720
:106E200008219140314211D029070FD5196821F06E
:106E30000E011960012303FA02F26260C36380F855
:106E40002530002380F82430436BC9E770BC7047BD
:106E50008000024000040240000002400A4A5369D8
:106E600043F4802330B55361EFF3108472B60023EE
:106E7000CD58C5500433B3F5807FF9D11369DB03D6
:106E8000FCD484F3108830BD00400058064B5A698A
:106E9000002ABFBF054A9A6002F188329A60BABFE1
:106EA0005869C00F00207047004000582301674513
:106EB000044B5A6942F000425A615869C043C00FFE
:106EC000704700BF00400058014B5868704700BF32
:106ED000EC0E002070B50546FEF754FA124E04463B
:106EE0003369D90313D43369DA0744BF012232610D
:106EF0004CF2FA32134011D10B4E306910F480205D
:106F00000BD0FEF73FFA001BA842F6D304E0FEF7D1
:106F100039FA001BA842E3D3032070BD024A136173
:106F2000024A01205360F8E700400058EC0E0020B0
:106F30002DE9F041184D98462B78012B06460C465A
:106F4000174626D001232B704FF47A7000236B6014
:106F5000FFF7C0FFA0B9012E16D1104A536943F0C4
:106F6000010353612760BFF36F8FC4F804804FF4AF
:106F70007A70FFF7AFFF094A536923EA06035361AA
:106F800000232B70BDE8F08139462046FFF766FFED
:106F9000EDE70220F6E700BFEC0E002000400058AD
:106FA000054A536923F47E7343EAC00040F48030FD
:106FB00040F0020050617047004000582DE9F04158
:106FC000234F3B78012B054688463FD001233B7079
:106FD0004FF47A7000237B60FFF77CFF044688B98A
:106FE0002B68042B13D11B4A536943F4803343F0BD
:106FF000040353614FF47A70FFF76CFF0446154B9E
:107000001A681B6800233B702046BDE8F0814FF0F2
:10701000FF33C8F800306E68D5E901321344B3423B
:107020000AD93046FFF7BCFF4FF47A70FFF752FFE2
:1070300050B1C8F800600446064A536923F47E73D1
:1070400023F002035361DAE70136E5E70224DBE7C8
:10705000EC0E0020004000582DE9F04F524C002368
:107060004FF00F090A6832FA03F501D1BDE8F08F3D
:10707000012505FA03F818EA020200F08E804E6836
:10708000032706F003054FEA430E07FA0EFC6F1EB6
:10709000012F6FEA0C0C32D8876807EA0C0ACF6818
:1070A00007FA0EF747EA0A078760476827EA0808E1
:1070B000C6F300179F4047EA08074760C76807EA1A
:1070C0000C088F6807FA0EF747EA0807022DC76019
:1070D00017D14FEAD30800EB880803F0070AD8F865
:1070E00020704FEA8A0A09FA0AFB27EA0B0B0F699C
:1070F00007FA0AF747EA0B07C8F8207001E0032DEA
:10710000DCD1076805FA0EF507EA0C073D4316F4D3
:10711000403F056041D023F0030707F1804707F5A2
:10712000803703F0030CBD684FEA8C0C4FF0070E5C
:107130000EFA0CFEB0F1904F25EA0E0E2FD01B4D2B
:10714000A8422ED005F58065A84214BF0725022568
:1071500005FA0CF545EA0E05BD602568D74316F41F
:10716000801F0CBF3D4015432560656816F4001F65
:107170000CBF3D4015436560D4F8805016F4803F45
:107180000CBF3D401543C4F88050D4F88450B6037A
:1071900054BF3D401543C4F88450013362E70025D5
:1071A000D6E70125D4E700BF0008005800040048D6
:1071B000374A2DE9F04F00234FF0010A4FF0070B3B
:1071C0004FF00F0931FA03F401D1BDE8F08F0AFA4C
:1071D00003FC1CEA010654D023F0030404F18044AC
:1071E00004F5803403F00307A568BF000BFA07F825
:1071F000B0F1904F08EA050E45D0264DA84244D084
:1072000005F58065A8420CBF02250725BD407545E0
:1072100017D1D2F8805025EA0605C2F88050D2F87E
:10722000845025EA0605C2F88450156825EA06054B
:107230001560556825EA06055560A56825EA080524
:10724000A560056803265C0006FA04F423FA06F636
:10725000254300EB8606056003F00705376AAD009D
:1072600009FA05F527EA05073762856825EA040566
:107270008560456825EA0C054560C56825EA040473
:10728000C46001339EE70025C0E70125BEE700BFCB
:1072900000080058000400480369194214BF012087
:1072A000002070470AB18161704781627047000019
:1072B000044AD168014208B502D0D060FEF77EFED4
:1072C00008BD00BF00080058024A136843F48073E9
:1072D00013607047000400580D4B10B55B690C46F5
:1072E00028B99A0507D500F027F820B110BD9B05F5
:1072F00001D400F019F8074A1369012C23F00403A4
:10730000136101D130BFF1E740BF20BF20BFEDE7DF
:107310000004005800ED00E0024B186800F4C06063
:10732000704700BF00040058024A136843F48043CA
:1073300013607047000400580C4A136823F480431C
:1073400013600B4B1B6832214B430A49B3FBF1F32B
:107350005169890500D533B9536913F4007F14BF0F
:10736000032000207047013BF2E700BF00040058F3
:107370001400002040420F000B4A136823F007035B
:1073800043F002031360094B1A69012842F004021A
:107390001A6105D130BF1A6922F004021A617047E0
:1073A00040BF20BF20BFF6E70004005800ED00E01A
:1073B0004FF0B0431868C0F3404070474FF0B043FF
:1073C0001868C0F3400070474FF0B042536823F490
:1073D0007F4343EA0023536070474FF0B04318687F
:1073E000C0F34060704700007FB54FF0B0432C4AB7
:1073F000D3F80831C0F3031003F00F0352F8204014
:10740000284A52F82330B4FBF3F4FFF785FF264BEC
:10741000054693E80700B5F5007F04AB03E90700D4
:1074200010D0224B9C4218D303F5B70303F67F53C9
:107430009C4229D903F5741303F510639C4225D8A7
:1074400002230BE01A4B9C4207D91A4B9C421BD9D2
:1074500003F5370303F5D853F0E7002304AA02EB42
:10746000830353F80C4C144D2B6823F0070323437C
:107470002B60FDF787FF06462B6803F007039C424D
:1074800006D1002004B070BD0123E7E70024EAE73D
:10749000FDF778FF801B0228EED90320F2E700BF3A
:1074A00060D80008C0D80008F0CE0008C0CF6A003D
:1074B000BFEA21013F933402004000584FF0B0432F
:1074C00010B59A68D96812F00C0205D00C2A4AD17E
:1074D00001F00303012B51D14FF0B0412B480B6851
:1074E00013F0080306D00B6813F0080337D1D1F866
:1074F000941007E00C68240756BFD1F8943009684F
:10750000C3F3032350F82330002A0CBF1846002091
:107510004FF0B0418A6802F00C020C2A1ED1CA68F2
:1075200002F00302022A2ED0032A06D10B68184A61
:1075300013F4801F174B18BF13464FF0B042D068AA
:10754000D168D268C0F306205843C1F30213013357
:10755000B0FBF3F0530F0133B0FBF3F010BD0B6839
:10756000C3F30313CEE7042A05D0082A06D11B680B
:1075700013F4801305D006480023C9E700231846FA
:10758000C6E70448C4E7024BD7E700BF60D800084D
:107590000024F4000048E80108B5FFF78FFF4FF022
:1075A000B043044A9B68C3F3031352F82330B0FB83
:1075B000F3F008BDC0D800082DE9F04104460028CA
:1075C00053D04FF0B0439D68DE6803689B0605F01A
:1075D0000C0506F0030668D5026A1DB10C2D46D1D4
:1075E000012E44D1002A40D04FF0B043A16A1A685E
:1075F000170756BFD3F894301B681B0903F0F0033C
:1076000099421FD90846FFF7EFFE00282DD14FF011
:10761000B042136843F0080313601368A16A23F0B3
:10762000F0030B431360606AFFF7CEFEFFF7B4FF71
:10763000AB4B1860AB4B1868FEF7FAFF002834D04C
:10764000BDE8F0814FF0B042136843F008031360C7
:10765000136823F0F0030B431360606AFFF7B4FE76
:107660000846FFF7C1FE0028E0D00120E8E74FF010
:10767000B043002A54D01A6842F001021A60FDF7A4
:1076800081FE0746FFF79AFE002842D04FF0B04235
:10769000136843F0080313601368A16A23F0F00332
:1076A0000B431360606AFFF78FFE2368D80748D446
:1076B0002368990700F18C8023681E0740F1FA8047
:1076C000A3694FF0B046002B00F0E180D6F894306B
:1076D000E16903F01002914200F0C48003F003025C
:1076E000022AC2D0D80740F1B380D6F8943023F0F4
:1076F0000103C6F89430FDF745FE0746D6F89430EE
:10770000990740F1A580FDF73DFEC31B112BF5D96C
:1077100004E0FDF737FEC01B0228B3D903208FE732
:107720001A6822F001021A60FDF72CFE0746FFF7E7
:1077300045FE0028B9D0FDF725FEC01B0228F6D96A
:10774000ECE7082D03D00C2D05D1032E03D163687F
:10775000002BADD189E74FF0B043A1681A6822F43D
:1077600080120A431A606268B2F5803F10D11A682D
:1077700042F480321A60FDF705FE0746FFF718FE57
:10778000002895D1FDF7FEFDC01B6428F6D9C5E79A
:10779000B2F5041F04D11A6842F400121A60E6E739
:1077A000196821F480311960196821F400111960F9
:1077B000002AE0D1FDF7E6FD0746FFF7F9FD0028B6
:1077C0003FF476AFFDF7DEFDC01B6428F5D9A5E7D1
:1077D000042D236903D00C2D0ED1022E0CD1002BC9
:1077E0003FF443AF4FF0B0426169536823F0FE436A
:1077F00043EA016353605FE74FF0B046BBB13368C3
:1078000043F480733360FDF7BDFD074633685A05C6
:1078100005D4FDF7B7FDC31B022BF7D97EE77368CC
:10782000626923F0FE4343EA0263736044E733680E
:1078300023F480733360FDF7A5FD074633685B05CD
:107840007FF53AAFFDF79EFDC31B022BF6D965E726
:107850004FF0B042E169D2F8943023F010030B43AB
:10786000C2F894304FF0B047D7F8943043F001039A
:10787000C7F89430FDF786FD0646D7F894309A078E
:1078800018D4FDF77FFD831B112BF6D946E7D6F8F8
:10789000943023F00103C6F89430FDF773FD0746DA
:1078A000D6F894309B0705D5FDF76CFDC31B112B53
:1078B000F6D933E72368580754D50B4F3B68D905F1
:1078C00014D4FFF701FDFDF75DFD06463B68DA05C0
:1078D0000CD4FDF757FD831B022BF7D91EE700BF21
:1078E000140000201C00002000040058E3684FF042
:1078F000B046002B58D023F08003052B02BFD6F8EA
:10790000903043F00403C6F890304FF0B046FDF7D6
:1079100039FDD6F8903043F001030746C6F89030A1
:1079200041F28838D6F890309B0705D4FDF72AFD40
:10793000C31B4345F6D9F1E6E36823F00403812B2A
:107940001BD1FDF71FFDD6F8903043F08003C6F839
:10795000903007464FF0B04641F28838D6F8903064
:10796000180504D5E36A002B4AD1002068E6FDF72C
:1079700009FDC01B4045F1D9D0E6FDF703FDD6F85F
:10798000903023F08003C6F8903007464FF0B046A1
:1079900041F28838D6F890301905E3D5FDF7F2FCAE
:1079A000C01B4045F6D9B9E6FDF7ECFCD6F890309F
:1079B00023F080030746C6F8903041F28838D6F8A5
:1079C00090301A0516D4FDF7DDFCD6F8903023F080
:1079D0000103C6F8903007464FF0B04841F28836B0
:1079E000D8F890309B07BDD5FDF7CCFCC31BB34244
:1079F000F6D993E6FDF7C6FCC01B4045DFD98DE6FE
:107A00000C2D4ED0022B4FF0B0431A6822F080723A
:107A10001A6033D1FDF7B6FC0546FFF7DEFC38BB34
:107A2000D4E90C314FF0B0420B43D0682D490140EE
:107A30000B43E16B0B43216C0B43616C0B43A16B5C
:107A400043EA0123D360136843F080731360D36863
:107A500043F08053D360FDF795FC0446FFF7BDFC6F
:107A6000002882D1FDF78EFC001B0A28F6D955E6C6
:107A7000FDF788FC401B0A28CFD94FE6FDF782FCB2
:107A80000446FFF7AAFC30B94FF0B042164BD1685C
:107A90000B40D36069E7FDF775FC001B0A28F0D99D
:107AA0003CE6012B3FF4E1AD4FF0B043D868236BC7
:107AB00000F003029A427FF4D8AD626B00F07003CD
:107AC00093427FF4D2ADA26B00F4FE43B3EB022FDE
:107AD0007FF4CBAD636C00F06040C01A18BF01208A
:107AE000AEE500BF8C80C111FCFFFEEE2DE9F04138
:107AF0000D46044610B90120BDE8F081684E336898
:107B000003F007038B4216D323689A0727D54FF05B
:107B1000B047A268BB6823F0F0031343BB60FDF7D6
:107B200031FC0646BB68DB0319D4FDF72BFC831B35
:107B3000022BF7D911E0336823F007030B433360BE
:107B4000FDF720FC0746336803F00703AB42DBD0A8
:107B5000FDF718FCC01B0228F5D90320CCE72368E9
:107B6000580617D54FF0B0476269D7F8083123F0AF
:107B70000F0343EA1213C7F80831FDF703FC06466A
:107B8000D7F80831D90305D4FDF7FCFB831B022B82
:107B9000F6D9E2E723685A0713D54FF0B047E268F9
:107BA000BB6823F4E0631343BB60FDF7EBFB0646C1
:107BB000BB689B0305D4FDF7E5FB831B022BF7D9BC
:107BC000CBE72368180714D54FF0B0472269BB688C
:107BD00023F4605343EAC203BB60FDF7D3FB0646C0
:107BE000BB68590305D4FDF7CDFB831B022BF7D9E6
:107BF000B3E72368DA070FD4294C236803F007039F
:107C0000AB4239D8FFF7C8FC264B1860264BBDE8BD
:107C1000F0411868FEF70CBD6268022A1DD1FFF71B
:107C2000C7FB00283FF467AF4FF0B04641F28838F9
:107C3000B36823F003031343B360FDF7A3FB0746C8
:107C4000B368626803F00C03B3EB820FD4D0FDF786
:107C500099FBC01B4045F3D97FE7032A02D1FFF708
:107C6000BCFBDEE712B9FFF7A9FBDAE74FF0B04340
:107C70001B685B05D8D43EE7236823F007032B433A
:107C80002360FDF77FFB0646236803F00703AB4242
:107C9000B8D0FDF777FB801B0228F5D95DE700BF60
:107CA00000400058140000201C00002008B5FFF719
:107CB00073FC4FF0B043044A9B68C3F3022352F8AD
:107CC0002330D84008BD00BFA0D8000808B5FFF792
:107CD00063FC4FF0B043044A9B68C3F3C22352F8DD
:107CE0002330D84008BD00BFA0D800084FF0B043F3
:107CF000D3F89000C0F3400070474FF0B041020944
:107D0000D1F8883002F47F22000123EA020300F454
:107D10007F200343C1F8883070474FF0B041020C18
:107D2000D1F88830120423EA020343EA0040C1F884
:107D3000880070470368DA0370B5044639D5FFF749
:107D4000C3FAFDF71FFB614E05463368DB0532D5EC
:107D50004FF0B043616BD3F8902002F4407291422F
:107D60001DD0D3F89010D3F8902042F48032C3F89D
:107D70009020D3F8902021F4407022F480328D07B7
:107D8000C3F89020C3F8900009D5FDF7FBFA41F243
:107D900088360546FFF7AAFF012840F090804FF093
:107DA000B042616BD2F8903023F440730B43C2F8B9
:107DB0009030002605E0FDF7E5FA401B0228C4D903
:107DC00003262568E8070AD54FF0B0416268D1F86C
:107DD000883023EA124392B21343C1F88830A907CE
:107DE0000AD54FF0B041A268D1F8883023EA124397
:107DF00092B21343C1F88830AA0609D54FF0B042B9
:107E00002169D2F8883023F440630B43C2F88830EC
:107E1000AB0502D5206AFFF780FF680502D5606ACE
:107E2000FFF77BFF290502D5A06AFFF776FF6A06F8
:107E300002D56069FFF761FF2B0602D5A069FFF745
:107E40005CFFE80502D5E069FFF757FFE90610D5AA
:107E50004FF0B042E168D2F8883023F440730B430E
:107E6000C2F88830B1F5807F02BFD36843F08073D9
:107E7000D3602A040ED54FF0B042216BD2F888307F
:107E800023F040430B43C2F8883019B9D36843F05C
:107E90008073D3606B0410D54FF0B042E16AD2F822
:107EA000883023F040530B43B1F1005FC2F88830B3
:107EB00003D1D36843F48033D360304670BDFDF7FF
:107EC00061FA401BB0427FF665AF79E700040058C5
:107ED00030B590F82C30012B02464FF0020022D032
:107EE000174B82F82D00CA24012582F82C505C62C1
:107EF00053245C62B1F5807F146B996914D121F42D
:107F000088519961596C24F0010421F000415964B1
:107F10001463DD650A4BFF2159620020012382F8BA
:107F20002D3082F82C0030BD21F408519961D96CB4
:107F300024F0020421F00041D9641463D865E9E714
:107F40000028004070B50B4E036B756D1D40EA07AD
:107F5000044603D50123F365FDF733FBAB0704D5D6
:107F60000223F365204600F0C9F9012384F82D307F
:107F700070BD00BF0028004038B50A4CE36823F00C
:107F80002003E360FDF7FEF90546E3689B0601D593
:107F9000002038BDFDF7F6F9401BB0F57A7FF4D923
:107FA0000320F6E700280040F8B5114DEC6814F006
:107FB000400406461AD1EB6843F08003EB60FDF7FE
:107FC000E1F923460746EC6814F0400401D1032B85
:107FD00001D11846F8BDFDF7D5F9C01BB0F57A7F81
:107FE000234684BF032386F82D30ECE70023F0E717
:107FF0000028004038B50F4CE36823F08003E360AD
:10800000A3699B06054606D4FFF7B6FF10B103200F
:1080100085F82D0038BDA36923F02003A361FFF785
:10802000ABFF10B1032085F82D00A36943F02003B6
:10803000A361EFE70028004038B5044600284BD084
:1080400090F82D3003F0FF021BB980F82C20FDF7CB
:1080500087F80223214D84F82D30EB68DB0636D4F7
:10806000CA236B6253236B622046FFF79DFF10B15A
:10807000FF236B6238BDAB6923F08E6323F04003AE
:10808000AB6121696368AA690B431343A269134377
:10809000AB61D4E9022343EA02432B61D4E90931FD
:1080A000EA680B4322F4F8521343EB602046FFF7D3
:1080B000A1FF0028DCD1D4E90713AA690B4322F001
:1080C0006042134362691343AB61FF236B62012378
:1080D00084F82D300020CDE70120CBE700280040B8
:1080E0000023092803D840EA0310C0B270470A38B9
:1080F0000133C0B2F5E700002DE9F04790F82C30CD
:10810000012B05464FF0020069D0012385F82C3081
:108110004E4B85F82D00DE6806F44076B6F5807F7C
:1081200078D04C69087891F8019091F802A091F804
:108130002470002A55D19B6913F0400308BFCB700F
:10814000FFF7CEFF80464846FFF7CAFF024650467B
:10815000FFF7C6FF81463846FFF7C2FF0B6ACF78AC
:10816000234343EA875343EA090343EA084343EAC4
:10817000022343EA0063354ACA205062532050620A
:108180008C6A8869B4F5807F946945D124F4885459
:1081900094610124D465B6F5807F09BFCB6913646F
:1081A0000343536418BF5064284B4A681A672A6B0C
:1081B00042F001022A639A6942F488529A61244A81
:1081C000D2F8803043F40033C2F880301F4BFF22D6
:1081D0005A620020012385F82D3085F82C00BDE877
:1081E000F087B4F1803F07D0B4F5000F04D09B694D
:1081F00013F0400308BFCB700B6ACA781C4344EAF3
:108200000A0444EA004343EA092343EA825343EA67
:108210000763B0E70023AEE724F408549461022416
:10822000D465B6F5807F09BFCB6993640343D364FB
:1082300018BFD064054B4A685A672A6B42F00202A5
:108240002A639A6942F40852B8E700BF0028004048
:108250000008005890F82C20012A03464FF0020035
:1082600012D00A4A83F82D00CA215162532151626B
:10827000916941F020019161FF21516200200122AA
:1082800083F82D2083F82C00704700BF00280040A1
:1082900090F82C20012A03464FF0020019D00D4A15
:1082A00083F82D00CA2151625321516291690A4815
:1082B00041F080019161D0F8801041F48021C0F834
:1082C0008010FF2151620020012283F82D2083F8C5
:1082D0002C0070470028004000080058064B5A6DDB
:1082E000520610B5044603D54022DA65FDF76CF955
:1082F000012384F82D3010BD00280040704789000C
:1083000001F1804101F531410A607047890001F1B6
:10831000804101F53141086870470000034AD2F8F6
:10832000903043F40043C2F8903070470004005886
:10833000034AD2F8903023F40043C2F890307047DB
:1083400000040058074B1A6822F040021A6040F4FB
:1083500041704FF4B85218605A601A6842F04002F7
:108360001A6070470000015837B5054600284ED006
:10837000837903F0FF046BB1032C0BD0254B4FF432
:1083800000629A612868FFF7DDFF002401232B714A
:10839000AC602FE000236B712846FCF787FF1E4A74
:1083A000D2F8903043F48053C2F89030002CE5D1DD
:1083B00002234FF0B042AB71D2F8943023F4004363
:1083C000C2F89430154B1B681C214B43DB0C642115
:1083D0004B430193019B93B90124AC60FFF79EFFCF
:1083E0000C4B9A6842F400629A604FF400629A6102
:1083F000002CC7D00123AB71204603B030BD019BD8
:10840000013B0193D2F894305B04E3D4E6E7012406
:10841000F2E700BF000400580008005814000020D4
:1084200037B5174D2B6802461C204343DB0C6420F4
:10843000434314480193019B93B901209060114C70
:1084400021732B681C214B43DB0C64214B430193AC
:10845000019B6BB9012090600A4BDB6803B030BD13
:10846000019B013B019383689C07E4D50020E6E76C
:10847000019B013B0193A368DB07E9D5ECE700BF53
:10848000140000200000015837B5184D2B68024633
:108490001C204343DB0C6420434315480193019B9C
:1084A000A3B901209060124CFF2323732B681C2575
:1084B0006B43DB0C64256B430193019B73B9012073
:1084C00090600B4BDB680B7003B030BD019B013B30
:1084D000019383689C07E2D50020E4E7019B013B00
:1084E0000193A368DB07E8D5EBE700BF1400002089
:1084F000000001580E4B0F491B681822534382B0ED
:108500001B0D6422534301934B69019AC3F380030B
:1085100022B902238360012002B07047019A013A18
:1085200001924A69920701D5002BEDD10020F3E7B3
:10853000140000200004005807B50379012B0FD167
:108540000A4B1B68182253431B0C0193FFF7F0FEE4
:10855000019B013B0193019B002BF9D1FFF7DEFE4C
:1085600003B05DF804EBFFF7C5BF00BF14000020A7
:10857000F8B51E468379012B154604460F46DAB23C
:108580002DD14379012B2AD0022342718371FFF749
:10859000D3FF0D212046FFF7CBFEFFF741FF390A3D
:1085A0002046FFF73DFFF9B22046FFF739FF2E4482
:1085B000B5420ED12046FFF7B1FEFFF79BFFA06842
:1085C00001230038A3714FF0000318BF012063712D
:1085D000F8BD15F8011B2046FFF722FFE8E702204F
:1085E000F6E7F8B51E468379012B154604460F467B
:1085F000DAB22FD14379012B2CD04271FFF79CFFC7
:108600001D212046FFF794FEFFF70AFF390A204696
:10861000FFF706FFF9B22046FFF702FF00212046D0
:10862000FFF7FEFE2E44B5420ED12046FFF776FE40
:10863000FFF760FFA06801230038A3714FF000032B
:1086400018BF01206371F8BD29462046FFF71CFFC3
:108650000135E8E70220F6E7F8B51F468379012BDC
:10866000154604460E46DAB22CD14379012B29D0A7
:108670004271FFF761FF06F0EF03A3F1840253425A
:108680005341237131462046FFF752FEFFF7C8FEE3
:108690002F44AF4210D1FFF741FE842E02D0204676
:1086A000FFF728FFA06801230038A3714FF00003F3
:1086B00018BF01206371F8BD15F8011B2046FFF7B4
:1086C000AFFEE6E70220F6E7F8B51E468379012BF8
:1086D000154604460F46DAB227D14379012B24D040
:1086E0004271FFF729FF39462046FFF721FEFFF7C9
:1086F00097FE00212046FFF793FE2E44B5420ED18F
:108700002046FFF70BFEFFF7F5FEA06801230038B7
:10871000A3714FF0000318BF01206371F8BD294613
:108720002046FFF7B1FE0135E8E70220F6E737B54E
:108730000023ADF8043001AA022312210546FFF7F9
:10874000C3FFBDF80440022364BA1946A4B201AACB
:108750002846FFF781FFE30702D5284603F00AF811
:1087600004F04203022B02D1284603F009F8600707
:1087700002D5284603F02EF8210702D5284603F03B
:108780002FF8E20602D5284603F030F8A30602D5FA
:10879000284603F019F8600602D5284602F0F6FFD5
:1087A000210606D514F4807118BF0121284602F075
:1087B000F3FFA20502D5284602F0FEFF630402D5AE
:1087C000284603F019F803B030BDF8B51E4683798A
:1087D000012B154604460F46DAB227D14379012B07
:1087E00024D04271FFF7A8FE0E212046FFF7A0FD1E
:1087F000FFF716FE39462046FFF712FE2E44B5421B
:108800000ED12046FFF78AFDFFF774FEA068012312
:108810000038A3714FF0000318BF01206371F8BD49
:1088200015F8011B2046FFF7FBFDE8E70220F6E7FD
:10883000F8B51E468379012B154604460F46DAB279
:108840002BD14379012B28D04271FFF775FE1E21F1
:108850002046FFF76DFDFFF7E3FD39462046FFF7A1
:10886000DFFD00212046FFF7DBFD2E44B5420ED18F
:108870002046FFF753FDFFF73DFEA06801230038B7
:10888000A3714FF0000318BF01206371F8BD2946A2
:108890002046FFF7F9FD0135E8E70220F6E7026818
:1088A00052E8003F23F0C00342E80031026800298B
:1088B000F5D102F1080353E8003F23F4000302F16D
:1088C000080C4CE800310029F3D12023C0F888308F
:1088D0007047000010B5026852E8003F23F490731F
:1088E00042E8003102680029F5D10F4C02F108037B
:1088F00053E8003F234002F1080C4CE80031002906
:10890000F4D1C36E012B07D152E8003F23F01003CE
:1089100042E800310029F7D12023C0F88C30002331
:10892000C366436710BD00BFFEFFFFEFF8B5044606
:108930001346D4F88850202D32D1F1B1EAB1E06F5E
:10894000A4F85620A4F8542000262122C4F89060F0
:108950002165C4F88820226888B1124FC762124F7F
:108960000763124F2832C0E90D76FEF773F930B174
:108970001023C4F89030C4F888500120F8BD236853
:1089800040221A62226802F1080353E8003F43F0D4
:10899000800302F1080141E800300028F3D1EDE73F
:1089A0000220EBE7B1890008F9890008058A000870
:1089B00008B50346806A1B681B6813F0200317D1B3
:1089C000A0F85630026802F1080353E8003F23F094
:1089D0008003083242E8003102680029F2D152E8EF
:1089E000003F43F0400342E800310029F7D108BDC1
:1089F000FCF720FFFBE7704708B5806AFFF7FBFF35
:108A000008BD7047806A38B50468D0F88830D0F85F
:108A10008C50A268120606D5212B04D10023A0F8A1
:108A20005630FFF73CFFA3685B0606D5222D04D124
:108A30000023A0F85E30FFF74DFFD0F8903043F0F0
:108A40001003C0F89030FFF7DCFF38BD08B5806A2E
:108A50000023A0F85E30A0F85630FFF7D2FF08BD23
:108A6000704700000368D9691A682DE9F04140F6A3
:108A70000F0631429D68044610D18E0640F1978062
:108A800002F0200605F080573E4300F09080436FCF
:108A9000002B00F08580BDE8F0411847AB4EAC4894
:108AA0002E401040304300F08280CF0709D5D0051A
:108AB00007D501201862D4F8900040F00100C4F8F6
:108AC00090008F0709D5E80707D502201862D4F86F
:108AD000900040F00400C4F890004F0709D5E80763
:108AE00007D504201862D4F8900040F00200C4F8C2
:108AF00090000F070BD502F02000304307D008206C
:108B00001862D4F8900040F00800C4F890000E05F8
:108B10000AD5500108D54FF400601862D4F890309F
:108B200043F02003C4F89030D4F89030002B37D0B5
:108B30008B0609D502F0200205F080552A4303D0A8
:108B4000636F0BB1204698472668D4F89020B3682D
:108B500002F0280203F0400353EA0205204621D028
:108B6000FFF7B8FEB3685F0617D5226802F1080365
:108B700053E8003F23F04003083242E80031002967
:108B8000F3D1D4F8800040B1724B8363FEF7DBF879
:108B900030B1D4F88000836B7DE72046FFF731FFCA
:108BA000BDE8F081FFF72DFFC4F89050F8E7E06EC4
:108BB000012840F08980CE0640F18680D00640F141
:108BC000838010221A629A6851064BD5D4F880200F
:108BD00011684A6892B2002AE2D0B4F85C00904270
:108BE000DED9A4F85E200A6892062FD453E8002F3D
:108BF00022F4807243E800210029F7D103F1080232
:108C000052E8002F22F0010203F1080040E80021A1
:108C10000029F3D103F1080252E8002F22F04002AC
:108C200003F1080040E800210029F3D12022C4F814
:108C30008C20E16653E8002F22F0100243E8002167
:108C40000029F7D1D4F88000FEF748F80223236703
:108C5000B4F85E30B4F85C10C91A89B22046FFF748
:108C6000FFFE9DE7B4F85E20B4F85E00B4F85C1037
:108C700080B292B2002893D0891A89B200298FD08D
:108C800053E8002F22F4907243E800200028F7D127
:108C9000314D03F1080252E8002F2A4003F1080683
:108CA00046E800200028F4D12022C4F88C20606718
:108CB000E06653E8002F22F0100243E8002000286D
:108CC000F7D102232367C9E7CF0209D56E0207D582
:108CD0004FF4801220461A62BDE8F04100F05EBEFB
:108CE00008060BD502F0800005F40005284305D0E6
:108CF000A36F002B3FF454AF2046CCE64F0611D5AE
:108D000056060FD553E8002F22F0400243E8002119
:108D10000029F7D12023C4F88830A1672046FCF74A
:108D200089FD3DE70D0206D5500004D52046BDE87B
:108D3000F04100F035BECB017FF532AF002ABFF61F
:108D40002FAF2046BDE8F04100F029BE0100001021
:108D5000200100044D8A0008FEFFFFEFD0F88C20B0
:108D6000B0F86010222A08B5036855D15B6A826D9D
:108D70000B401370836D01338365B0F85E30013BA7
:108D80009BB2A0F85E30B0F85E309BB2002B42D1AF
:108D9000026852E8003F23F4907342E80031036810
:108DA0000029F5D103F1080252E8002F22F0010258
:108DB00003F1080C4CE800210029F3D12022C0F86F
:108DC0008C20184A41679342016705D1C26E012A7F
:108DD0000ED0FCF73DFD1EE05A681102F6D553E8AF
:108DE000002F22F0806243E800210029F7D1EDE74F
:108DF0000022C26653E8002F22F0100243E800214F
:108E00000029F7D1DA69B0F85C10D20644BF10220D
:108E10001A62FFF725FE08BD9A6942F008029A61BE
:108E2000F9E700BF00800040D0F88C20B0F8601057
:108E3000222A08B5036852D15A6A1140826D22F87D
:108E4000021B8265B0F85E20013A92B2A0F85E2063
:108E5000B0F85E2092B2002A40D153E8002F22F4ED
:108E6000907243E800210029F7D103F1080252E88B
:108E7000002F22F0010203F1080C4CE80021002928
:108E8000F3D12022C0F88C20174A41679342016732
:108E900005D1C26E012A0ED0FCF7DAFC1EE05A683A
:108EA0001102F6D553E8002F22F0806243E800213A
:108EB0000029F7D1EDE70022C26653E8002F22F027
:108EC000100243E800210029F7D1DA69B0F85C10FC
:108ED000D20644BF10221A62FFF7C2FD08BD9A698C
:108EE00042F008029A61F9E7008000402DE9F84F4E
:108EF0000368B0F86060D3F81CB01F689D68D0F8B4
:108F00008C20222A044640F0B980B0F8683043B182
:108F1000DFF87491DFF874A14FF000081BF0200F08
:108F200020D1B4F85E309BB2D3B1B4F868209A4235
:108F300016D9226802F1080353E8003F23F080535A
:108F4000083242E8003122680029F2D1504B6367B1
:108F500052E8003F43F0200342E800310029F7D1F6
:108F6000BDE8F88F2368A26D5B6A33401370A36D70
:108F70000133A365B4F85E30013B9BB2A4F85E30C8
:108F80002368D3F81CB01BF0070F2ED01BF0010F85
:108F900009D0F90507D501221A62D4F8902042F0D1
:108FA0000102C4F890201BF0020F09D0EA0707D590
:108FB00002221A62D4F8902042F00402C4F89020F1
:108FC0001BF0040F09D0E80707D504221A62D4F871
:108FD000903043F00203C4F89030D4F8903023B1BD
:108FE0002046FFF70EFDC4F89080B4F85E309BB2C7
:108FF000002B93D1226852E8003F23F4807342E8AB
:10900000003123680029F5D103F1080252E8002F4E
:1090100002EA090203F1080040E800210029F3D127
:1090200020225345C4F88C20616721670AD05A6812
:10903000110207D553E8002F22F0806243E8002197
:109040000029F7D1E26E012A14D10022E26653E82A
:10905000002F22F0100243E800210029F7D1DA693D
:10906000B4F85C10D20644BF10221A622046FFF703
:10907000F7FC53E72046FCF7EBFB4FE79A6942F019
:1090800008029A616CE700BFFEFFFFEF008000401E
:109090005D8D00082DE9F84F0368B0F86060D3F8E3
:1090A0001CB01F689D68D0F88C20222A044640F02E
:1090B000B780B0F8683043B1DFF87091DFF870A185
:1090C0004FF000081BF0200F20D1B4F85E309BB2A7
:1090D000D3B1B4F868209A4216D9226802F1080385
:1090E00053E8003F23F08053083242E80031226801
:1090F0000029F2D14F4B636752E8003F43F0200351
:1091000042E800310029F7D1BDE8F88F2368A26D4D
:10911000596A314022F8021BA265B4F85E20013A78
:1091200092B2A4F85E20D3F81CB01BF0070F2ED02B
:109130001BF0010F09D0F90507D501221A62D4F8F6
:10914000902042F00102C4F890201BF0020F09D0D9
:10915000EA0707D502221A62D4F8902042F00402EE
:10916000C4F890201BF0040F09D0E80707D50422AB
:109170001A62D4F8903043F00203C4F89030D4F867
:10918000903023B12046FFF73CFCC4F89080B4F83F
:109190005E309BB2002B95D1226852E8003F23F449
:1091A000807342E8003123680029F5D103F10802F9
:1091B00052E8002F02EA090203F1080040E800210A
:1091C0000029F3D120225345C4F88C206167216720
:1091D0000AD05A68110207D553E8002F22F08062A6
:1091E00043E800210029F7D1E26E012A14D10022C0
:1091F000E26653E8002F22F0100243E80021002924
:10920000F7D1DA69B4F85C10D20644BF10221A62B2
:109210002046FFF725FC55E72046FCF719FB51E7F0
:109220009A6942F008029A616EE700BFFEFFFFEF05
:1092300000800040298E000838B504460368216983
:10924000A2681D68C0690A4361690A4377490243FD
:1092500029400A431A605A68E16822F440520A43DE
:109260005A60734AA16993421CBF226A11439A68EB
:1092700022F06E4222F430620A439A60DA6A616A2E
:1092800022F00F020A43DA626A4A934219D14FF080
:10929000B043694AD3F8883003F0030343F4403302
:1092A000934200F0B480B3F1031F24D0013A9342FB
:1092B00040F0B580B0F5004F40F08F80FEF7FEF82B
:1092C0006EE05E4A93421CD14FF0B0435C49D3F844
:1092D000883003F00C0343F440228A4200F0978068
:1092E00006D8002B7CD0574B9A42E3D0012026E0D1
:1092F000B2F10C1FFAD1B0F5004F53D04FF400403B
:1093000075E04B4A9342F1D14FF0B043D3F8883027
:1093100003F44063B3F5006F18D006D85BB1B3F522
:10932000806FE3D1FEF7CAF807E0B3F5406FDDD1F7
:109330004FF400400BE0FEF7B9FC40B900204FF0BD
:109340000113A3660023C4E91D3338BD3E48656898
:109350003E4B626A05EB450133F81220B0FBF2F395
:109360009942C3D8B3EB053FC0D800231946FAF79A
:109370008FFA090241EA10616B080002C0182A4600
:109380004FF0000341F10001FAF782FA304BA0F5EB
:1093900040729A42AAD82368D860CFE7FEF786FCCD
:1093A0000028CBD06168294B626A33F81220B0FBE9
:1093B000F2F24B0803EB42034FF6EF72B3FBF1F30B
:1093C000A3F11001914291D823F00F02216892B2CB
:1093D000C3F342031343CB60B0E7FEF76FF804E03A
:1093E000B0F5004FDAD0FEF761FC0028A6D0636824
:1093F000616A164A32F81120B0FBF2F000EB53001C
:10940000B0FBF3F04FF6EF73A0F11002C1E7B0F537
:10941000004F0D48EBD1C5E7FEF758FCC0E7B0F5AB
:10942000004FF9D0FEF752FCDFE700BFF369FFCF32
:10943000008000400038014002000300004400406A
:1094400008000C0004000C000024F40000D90008FF
:10945000FFFC0F00836A1A0710B506D50168846BFC
:109460004A6822F4004222434A60DC0706D50168BC
:10947000C46A4A6822F4003222434A60990706D53A
:109480000168046B4A6822F4803222434A605A071A
:1094900006D50168446B4A6822F4802222434A6060
:1094A000DC0606D50168C46B8A6822F48052224328
:1094B0008A60990606D50168046C8A6822F4005215
:1094C00022438A605A060FD50168446C4A6822F428
:1094D00080122243B4F5801F4A6005D14A68846C2B
:1094E00022F4C00222434A601B0606D50268C16C02
:1094F000536823F400230B43536010BD2DE9F84358
:10950000DDF8209005460E46174698462A68D3692E
:1095100036EA03030CBF01230023BB4201D0002025
:1095200029E0B9F1FF3FF2D0FBF72CFFA0EB0800D8
:1095300048452C6802D8B9F1000F1ED154E8003F0D
:1095400023F4D07344E80032002AF7D104F1080371
:1095500053E8003F23F0010304F1080141E8003221
:10956000002AF3D12023C5F88830C5F88C300023B9
:1095700085F884300320BDE8F88323685A07C5D5F1
:10958000802EC3D0402EC1D0E3691B05BED54FF459
:109590000063236254E8003F23F4D07344E80032B0
:1095A000002AF7D104F1080353E8003F23F0010338
:1095B00004F1080141E80032002AF3D12023C5F864
:1095C0008830C5F88C30C5F89030D0E72DE9F743E6
:1095D0009846D0F88830202B04460E46174643D1D3
:1095E000002943D0002A41D021230025C0F8905003
:1095F000C0F88830FBF7C6FEA368A4F85470B3F532
:10960000805F8146A4F8567003D123690BB93546B3
:109610001E46B4F85620CDF8008092B24B4642B9AF
:1096200040212046FFF76AFF48B92023C4F888305C
:1096300006E0002280212046FFF760FF18B10320DA
:1096400003B0BDE8F08322685EB935F8023BC3F38E
:1096500008039362B4F85620013A92B2A4F8562057
:10966000D7E716F8013BF4E70220E9E70120E7E736
:109670002DE9F7439846D0F88C30202B04460F464E
:10968000164658D1002958D0002A56D0222300254A
:10969000C0F89050C0F88C30C566FBF773FEA36825
:1096A000A4F85C60B3F5805F8146A4F85E600FD1DA
:1096B0002369D3B1FF263246A4F86020B4F85E00D7
:1096C00080B2F8B92023C4F88C3003B0BDE8F08331
:1096D00023B9256995B9FF221646EDE7B3F1805FFE
:1096E00009D1236953B13F22F6E740F2FF163D4608
:1096F00032460027E0E72A462E46DDE77F2216465F
:109700001D46D9E7CDF800804B4600222021204697
:10971000FFF7F4FE98B923685B6A334047B925F830
:10972000023BB4F85E30013B9BB2A4F85E30C5E763
:1097300007F8013BF5E70220C7E70120C5E7032052
:10974000C3E773B504460026C0F89060FBF71AFE25
:1097500023681B681A07054619D423681B685B0732
:109760000AD56FF07E43009300222B464FF4800110
:109770002046FFF7C3FEB0B900202023C4F888308C
:1097800084F88400C4F88C30E06620670CE06FF049
:109790007E430093324603464FF400112046FFF704
:1097A000ADFE0028D9D0032002B070BD10B504462C
:1097B00050B3D0F888301BB980F88430FBF746FFEF
:1097C00022682423C4F88830136823F0010313604F
:1097D000A36A13B12046FFF73DFE2046FFF72CFD9C
:1097E000012811D023685A6822F490425A609A687E
:1097F00022F02A029A601A6842F0010220461A609A
:10980000BDE81040FFF79DBF012010BD30B5816558
:109810008168A0F85C200023B1F5805FA0F85E208D
:10982000436735D10369002B40F2FF1318BFFF23B4
:10983000A0F860300023C0F890302223C0F88C30AC
:10984000016801F1080353E8003F43F001030831C8
:1098500041E800340368002CF2D1456E8468016948
:10986000B5F1005F32D1B0F8685095422ED8B4F50A
:10987000805F244A03D1244C002908BF2246426756
:10988000B1B153E8002F42F4807243E80021F7E7BA
:1098900029B90369002B14BF7F23FF23C8E7B1F167
:1098A000805FC5D10369002B14BF3F237F23BFE72F
:1098B00003F1080252E8002F42F0805203F1080041
:1098C00040E800210029F3D1002030BDB4F5805FCD
:1098D0000E4A03D10E4C002908BF2246426741B10F
:1098E00053E8002F42F4907243E800210029F7D199
:1098F000EAE753E8002F42F0200243E80021002964
:10990000F7D1E1E7ED8E0008959000085D8D000825
:10991000298E0008D0F88C30202B30B415D1B9B185
:10992000B2B100230468C3660A4B9C420AD0636844
:109930001B0207D554E8003F43F0806344E800353C
:10994000002DF7D130BCFFF761BF022030BC70475B
:109950000120FBE700800040436E30B52BB90123A6
:10996000A0F86A30A0F8683030BD0368094D9A68E5
:109970009968094C490FC2F342626B5C615CDB0081
:10998000B3FBF1F3A0F86A30AB5CA25CDB00B3FB85
:10999000F2F3E7E720D9000818D9000870477047AC
:1099A00070471FB504AB03E9060090F88430012B23
:1099B00004463AD0012380F884302423C0F888304C
:1099C00003681A6822F001021A609A6822F44012B1
:1099D0000A439A6071B95A68BDF80C009DF80E10E0
:1099E00022F0100202435A605A6822F07F4242EA93
:1099F00001625A601A6842F001021A60FBF7C2FC69
:109A00006FF07E42034600924FF480010022204610
:109A1000FFF774FD38B92023C4F88830002384F898
:109A2000843004B010BD0320F8E70220F9E790F875
:109A30008430012B0FD0012380F88430016851E875
:109A4000002F42F0020241E80023002BF6D180F8FB
:109A50008430184670470220704710B590F8843063
:109A6000012B044617D02423C0F8883003681A68F5
:109A7000196821F00101196042F000524FF00051C5
:109A800041661A60FFF768FF2023C0F88830002085
:109A900084F8840010BD0220FCE770B590F8843093
:109AA000012B044617D005682423C0F888302E689F
:109AB0002B6823F001032B60AB6823F0604319434C
:109AC000A960FFF749FF20232E60C0F888300020EE
:109AD00084F8840070BD0220FCE770B590F88430F3
:109AE000012B044617D005682423C0F888302E685F
:109AF0002B6823F001032B60AB6823F060631943EC
:109B0000A960FFF729FF20232E60C0F888300020CD
:109B100084F8840070BD0220FCE70120704700003B
:109B2000034B1B6813B15B6803B11847704700BF54
:109B3000900F0020034B1B6813B1DB6803B118477B
:109B4000704700BF900F0020012070470120704730
:109B500001F01EB901F008B910B501F0F3FD0E21B6
:109B6000044640F61F1001F0FFF82046012101F0E5
:109B7000D3FDBDE8104001F0B1BA000070B50C4E45
:109B800001EB40030D46B3654FF6FF710023044619
:109B90001A46084601F038FB96F85600002101F0FD
:109BA000BBFD29462046BDE8704001F06FBA00BFFA
:109BB000340F002010B5044601F084FE012818D1AE
:109BC00001F088FE34B11048214602F02FFA0E4809
:109BD00002F0F2F90D4C002194F85600A16501F055
:109BE0009BFD63786BB16FF07F40BDE8104001F0E2
:109BF00031BA002340F262211A46084601F004FB04
:109C0000E0E7A0688001F0E7040F0020340F002097
:109C1000002001F09FB9000008B501F09FF804385A
:109C2000C0B2032896BF024B0020185C08BD00BFDD
:109C300086D9000808B501F09AFD033008BD01F08F
:109C400029B901F0E9B808B501F0E0FC08BD000051
:109C500038B50D46144601F03DFB284601F072FD73
:109C60000E21054640F61F1001F07EF8284601211E
:109C7000074D01F051FD01F031FA4FF47A71614363
:109C8000284602F0D3F92846BDE8384002F094B9DE
:109C90001C0F002001F01EBB08B5084B002193F8F3
:109CA000560001F039FD00234FF4C0711A460846F2
:109CB00001F0AAFABDE8084001F004BA340F002010
:109CC00010B5044601F0FEFD012818D101F002FE96
:109CD00034B11048214602F0A9F90E4802F06CF99F
:109CE0000D4C002194F85600A16501F015FD637834
:109CF0006BB16FF07F40BDE8104001F061B9002307
:109D000040F262211A46084601F07EFAE0E7A068B8
:109D10008001F0E7040F0020340F002008B54FF059
:109D2000040001F0FDF8BDE808400220FBF732BB5B
:109D300008B500231A461946184601F065FABDE831
:109D4000084001F053B900001D4B73B51D4D18605C
:109D500000241D486C70C5E90144AC6501F07EFA31
:109D6000AC8101F0E9F92146204601F031FC2146A1
:109D70000422012001F0E2FA144E154D4FF6FF7156
:109D800023462246084601F03FFAFFF7C7FF224666
:109D9000104B00944FF0FF31304602F061F80E4B4B
:109DA000009422464FF0FF31284602F059F8304621
:109DB00002F0B4F8284602B0BDE8704002F0AEB838
:109DC000900F0020340F00204DAD00081C0F002024
:109DD000040F0020219B0008359B0008012808483B
:109DE00005D1084BC17719700E3001F08DBB437D52
:109DF000012B03D1034B81751970F5E7704700BF44
:109E0000340F0020200000200D4B10B504461873BD
:109E10005873012000F016F85CB134214FF4E8606B
:109E200000F0A2FF4421BDE8104040F2417000F074
:109E30009BBF14214FF4E86000F096FF2421F2E765
:109E4000340F002038B5114C0546207001F047FD55
:109E5000052D04D8DFE805F0090B031717090320C7
:109E600001F056FA0023637338BD0020F8E70120A3
:109E700001F04EFA207B637B8342F5D06073BDE82E
:109E80003840FFF7C1BF0220EAE700BF340F0020CF
:109E90002DE9F0431E4687B000230546CDE9013386
:109EA0000C46174601F00DFD032D5BD8DFE815F0D9
:109EB0007A00C1000C010400A27C082A69D8A168BC
:109EC00001A801F0C5FE2168002962D042F210729B
:109ED0009142E37C874D50D80322AA7385F838203D
:109EE000E96385F844304FF002086368A17DDB0028
:109EF0002B820423AB74A37CDB00EB7402294FF0AC
:109F000000032B75637D02D0227D022A46D103F126
:109F10000F02D2B2012A01D9012B3AD1764B774AEE
:109F2000196803944FF0010903A88DF8149001F00B
:109F3000C5FC70BB287685F817906875FFF768FE3A
:109F40004046FFF77FFF6E4801F072FA6D4801F05E
:109F5000DBFA01A800F070FF208A00F041FFA08921
:109F600000F086FF384601F0EDFB624C84F85600A5
:109F700001F0ACFC666000200DE04FF00008E963E2
:109F8000890885F80E8085F8388085F84430296482
:109F9000ABE74FF0FF3007B0BDE8F083EB752976F3
:109FA0006A75CBE72368002BF3D0A27C082AF0D88F
:109FB000504DA16801A801F04BFE002385F8383010
:109FC0002268EA63E27C85F84420A269AB732A64C4
:109FD0006268D2002A820422AA74A27C2B75D20065
:109FE000EA74A27D022A02D0237D022B1CD1627D5D
:109FF00002F10F03DBB2012B01D9012AC9D13E4B7B
:10A000003E4A196803944FF0010803A88DF81480A4
:10A0100001F054FC0028BCD1287685F817806875BB
:10A02000FFF7F6FD00208CE7617DE9752A766B75F8
:10A03000F6E7304D012185F83810227885F8502058
:10A04000637885F85130A37885F85230E3788B42F5
:10A0500002D0022B03D03BB985F8533004E00B3A11
:10A06000012A29D885F853104FF0010885F80E8091
:10A07000A388AB83A379AB77E37985F82030237A83
:10A0800085F82130FFF7C4FD4046FFF7DBFE1C4892
:10A0900001F0CEF91B4801F037FA95F85130062B44
:10A0A00040F689000AD100F073FE00F0FB0140F693
:10A0B000890000F059FE55E70023CDE700F068FE67
:10A0C00040F00401C9B2F2E72368013BB3F57A7F9F
:10A0D000BFF45FAF0320FFF7B5FE0648022380F808
:10A0E000383023688364162380F84C30383001F010
:10A0F0009FF937E7340F0020900F00201C0F00203D
:10A100006C0F0020420F0020F0B51E4687B00023E0
:10A11000CDE90133144607460D4601F0D2FB002C71
:10A12000724C16BF012300230026637027B1012F54
:10A130007AD0002007B0F0BDAB68002B00F0D380D0
:10A14000EB68002B00F0CF80AA7F082A00F2CB80BA
:10A15000296901A801F07CFD2868003818BF01209A
:10A1600000F0C6FF84F83870AB68E36395F82030E0
:10A1700084F84430686801F047FBA77384F8450011
:10A18000EB68DB002382EB7FA374AB7FDB00E3741F
:10A1900095F82130237595F82230002B3ED12A7D89
:10A1A00095F82410A275022995F8232001D0022BDE
:10A1B00036D102F10F03DBB2012B02D9012A40F0A4
:10A1C000928000238DF81430494B4A4A196804954F
:10A1D00003A801F073FB002840F08580012320765E
:10A1E000E3756075FFF714FD0020FFF72BFE424872
:10A1F00001F01EF9414801F087F901A800F01CFEAA
:10A20000A88B00F0EDFD288B00F032FE4FF4FA53DE
:10A21000AA687343B3FBF2F3A3608AE7FF22BFE7A8
:10A22000E27521766375DDE72B8E002B5BD095F808
:10A230003230A86A012B0CBF95F83370FF27003825
:10A2400018BF012000F054FFF0B200F05DFF0121C3
:10A2500084F8381095F82C2084F8502095F82D308B
:10A2600084F8513095F82E3084F8523095F82F301C
:10A270008B4202D0022B03D03BB984F8533004E068
:10A280000B3A012A27D884F853102B8EA38395F814
:10A290003230A3770126AB8E2384A673E777FFF7CE
:10A2A000B7FC3046FFF7CEFD134801F0C1F8134864
:10A2B00001F02AF994F82130B34240F236700CD103
:10A2C00000F066FD00F0FB0140F2367000F04CFD3E
:10A2D0004FF6FF73A0E70023CFE700F059FD40F0F1
:10A2E0000401C9B2F0E74FF0FF3023E7340F00203C
:10A2F000900F0020040F00206C0F0020420F002060
:10A300002DE9F04F85B082460E9DBDF840809DF846
:10A3100044709DF84890019193461E4601F0D1FA91
:10A32000BAF1010F524C54D0BAF1040F00F09180F1
:10A33000BAF1000F3AD10B22304684F8442084F859
:10A3400038A0E56301F060FA4FEAC803B9F1000FE5
:10A35000238241F6040363820CBF0123F223E375D9
:10A3600087F001070123237684F84500C4F840B044
:10A3700084F80EA084F814A06775FFF749FC5046D6
:10A38000FFF760FD04F1380001F052F804F10E000F
:10A3900001F0BAF8374A1068516802AB03C302A84B
:10A3A00000F04AFD40F2FF1000F01AFD019801F0A4
:10A3B000C9F90E2184F8560040F61F1000F0D4FCB5
:10A3C00094F8560001F082FA169B636005B0BDE870
:10A3D000F08F294984F838A0EAB2895D84F85020CA
:10A3E00076BB0B3D012D8CBF00250125053A012AC6
:10A3F00004D8B8F10C0F38BF4FF00C081F4B9DF874
:10A400003C201B7884F85350E37701259DF85430A5
:10A4100084F8511084F8522084F82130A573A4F8F0
:10A420001C80A77784F82090FFF7F2FB2846FFF7FF
:10A4300009FD134800F0FCFF124801F065F8B5E78C
:10A44000012E04D1A5F10C035D425D41CEE700254C
:10A45000CCE75046FFF7F6FC022384F8383004F1CD
:10A4600038001623A56484F84C3000F0E1FF9DE726
:10A47000340F0020FCCE0008B8D9000820000020CE
:10A480006C0F0020420F00202DE9F04F87B0DFF85D
:10A49000B4B29DF864A09DF84C90029314469DF8C8
:10A4A00054309DF85020BDF84880039205468BF843
:10A4B00001A0BDF8446001930F4601F002FABAF121
:10A4C000000F18BF4FF00008DFF87CA2039AB9F123
:10A4D000000F08BFFF22012D8AF8002000F0C8807D
:10A4E000052D48D0002D40F0C080284600F000FE29
:10A4F0000B2238468BF844208BF83850CBF83C4080
:10A5000001F082F9019B8BF8450041F60402002B13
:10A51000ABF812209AF800208BF816200CBF01220D
:10A52000F2228BF81720F600012289F001098BF83E
:10A5300018208BF80E50ABF810608BF814508BF885
:10A540001590FFF765FB2846FFF77CFC0BF1380000
:10A5500000F06EFF0BF10E0000F0D6FF7B4908689B
:10A56000496804AA03C204A800F066FC40F2FF1088
:10A5700000F036FC71E0012000F0BAFD09224FF036
:10A5800000098BF8442038464FF44872CBF840203D
:10A590008BF83890CBF83C4001F036F94FF48052FC
:10A5A000ABF812209AF800208BF845008BF81620A3
:10A5B00028460122F6008BF817208BF80E90ABF896
:10A5C0001060ABF814908BF81890FFF73BFC0BF180
:10A5D000380000F02DFF0BF10E0000F095FF5B49F5
:10A5E0008868C96804AA03C204A800F025FC40F2E8
:10A5F000FF1000F0F5FB40F6B80000F0C9FB00F0DA
:10A60000EF0140F6B80000F0AFFB042140F6B900BE
:10A6100000F0AAFB40F69B0000F0BAFB00F0E3015B
:10A6200041F0080140F69B0000F09EFB40F2D16033
:10A6300000F0AEFB40F01801C9B240F2D16000F06A
:10A6400093FB40F2AC6000F0A3FB00F08F0141F0FF
:10A65000500140F2AC6000F087FB4FF4FA5202FB6D
:10A6600008F2B2FBF4F2CBF8082007B0BDE8F08F97
:10A67000002000F03DFD36498BF83850E2B2C95D4C
:10A680008BF85020002F4DD10B3C012C8CBF0024A7
:10A690000124053A012A02D80C2E38BF0C26029B51
:10A6A0009AF800208BF852308BF85340019B8BF8BE
:10A6B0001F2001249DF860208BF821208BF8511079
:10A6C0008BF820308BF80E40ABF81C608BF81E9096
:10A6D000FFF79EFA2046FFF7B5FB1E4800F0A8FEE4
:10A6E0001D4800F011FF5FFA88F000F00DFD40F604
:10A6F000A30000F04DFB00EA040140F6A30000F0C7
:10A7000033FB9BF82120A24240F2367013D100F0B7
:10A710003FFB00F0FB0140F2367000F025FB4FF6E6
:10A72000FF72A0E7012F04D1A4F10C035C425C414D
:10A73000AFE70024ADE700F02BFB40F00401C9B205
:10A74000E9E700BF340F002020000020FCCE000805
:10A75000B8D900086C0F0020420F0020F0B58BB074
:10A760000D46044617461E46FFF752FA0020FFF733
:10A7700069FB204600F0AEFD00240123CDE908432B
:10A7800003234FF4167229462046CDE90644CDE94D
:10A790000444CDE90244CDE900532346FFF774FE9B
:10A7A0002046FFF78DFAFFF745FAFAF7F3FD01F0BF
:10A7B00071FB0446204601F077FBB04205D301242B
:10A7C000FFF726FA20460BB0F0BD00F01FFF8742CE
:10A7D000F0DA0024F4E70000F7B50023664D0C46DC
:10A7E00040F201211A460646084600F00DFD95F894
:10A7F0005600012100F090FF2B78012B40F68900D4
:10A8000013D195F85130062B0FD100F0C1FA00F0AA
:10A81000FB0140F6890000F0A7FA2B78042B6CD8D6
:10A82000DFE803F0524B527F090000F0B1FA40F02C
:10A830000401C9B2EDE7514A731E1046C6F1010783
:10A840004FF0000CF9188C426FDC0022E700134631
:10A85000BA4271D19A0142EAC3125B0183F020032C
:10A860001343661C0355F6B202234548AB73AE761C
:10A8700000F04AFE0021F12000F076FA0021F020DD
:10A8800000F072FAAB6C642B70D17021F32000F0F1
:10A890006BFA1D21F22000F067FAE1008C1CF42015
:10A8A000090A00F061FA04F0FE01F52000F05CFAFC
:10A8B00032486FF07F4231461DE0EC77304800F0BF
:10A8C00023FE0022214615E000F0FCFF0128074688
:10A8D00025D121460DF10702304600F0F8FF04466D
:10A8E000A0B99DF807302648AB7500F00DFE9DF825
:10A8F00007102246304600F059FB6968214801F0F4
:10A9000095FB204801F058FB002006E01E4B3A461C
:10A910000021022001F096F8032003B0F0BDAC75D1
:10A92000CCE70223AB73AC76C8E713F8011FC94329
:10A93000197002F801CB85E7D1106FEA020C715C47
:10A940000CF0070C013241FA0CF101F001014FEA61
:10A95000E20C4B40D14310F80CE001F0070103FA80
:10A9600001F141EA0E0100F80C1071E7E121F3203A
:10A9700000F0FAF904218DE7340F0020940F002035
:10A98000420F00201C0F002028D90008F0B5BDF8A8
:10A9900014409DF818709DF81CE09DF8205040B1BF
:10A9A000012814D00122002398180138B0FBF2F0DE
:10A9B000F0BD87F00107E30003EBC70318330EEB8C
:10A9C000450503EBC5034FF47A714B43ECE7501F89
:10A9D000012803F1040302D80C2C38BF0C24D1B990
:10A9E000A2F10B0CBCF1010F8CBF4FF0000C4FF02B
:10A9F000010C2801002F00EBCE000CBF1425002510
:10AA0000A0EB8200062A4FEA82062844A2F1020740
:10AA10000DD8354610E0012906D1A2F10C00D0F185
:10AA2000000C4CEB000CE4E74FF0000CE1E70830C1
:10AA3000BCF1000FEDD0BD000028ACBF2E182E1CBD
:10AA4000701E90FBF5F003FB0044094B062A5A5C8C
:10AA50008CBF0C340E340A2A09D8A30001334FF4FA
:10AA60007A71BB404B43034951F822209CE7FFDE3B
:10AA7000B8D900088CD9000808B5094B012193F812
:10AA8000560000F049FE4FF4D7602D2100F06CF91C
:10AA900000F029FBBDE80840024800F071BA00BF91
:10AAA000340F0020FFFF0F0073B59C4CB4F85430F6
:10AAB0000025202B8DF80350019500F00A8114D851
:10AAC000082B0DD87BB1013B072B0CD8DFE813F026
:10AAD0003D0052000B00BC000B000B000B00EC0013
:10AAE000102B00F0EF8002B070BDB3F5807F00F056
:10AAF0008B8011D8402B00F0FF80802BF3D12846AB
:10AB000000F028FA864B1B68002BECD09B69002BC9
:10AB1000E9D028469847E6E7B3F5007FE3D1814BBB
:10AB200001222946022000F08DFF00F017F90428C9
:10AB300078D17D4801F0F2F9284600F00BFA784B05
:10AB40001B68002BCFD05B6810E0774801F0E6F976
:10AB5000002000F0FFF900F0B7FE012801D100F05D
:10AB6000BCFE6F4B1B68002BBDD01B68002BBAD0FE
:10AB70009847B8E76D4801F0D1F9657895B928464E
:10AB800000F0E8F9294640F6021000F0EDF840F632
:10AB9000441000F0FDF840F00201C9B240F6441044
:10ABA00000F0E2F8FF220DF1030161485C4D00F076
:10ABB0005DFD604800F074FD2B68002B93D09E680B
:10ABC000002E90D094F82430012B08D194F9313024
:10ABD00094F930209DF803105548B04783E7E06BA7
:10ABE00001A900F025FE019B9DF8031050484FF489
:10ABF0007A7203F5FA7393FBF2F32A685BB29568F5
:10AC000094F92920A8476EE7284600F0A3F9444BA1
:10AC10001B68002B3FF467AF9B69002B3FF463AFC9
:10AC2000012077E700F09AF805287FF45CAF3F48F1
:10AC300001F074F9284600F08DF9394B1B68002BA0
:10AC40003FF451AFDB6891E700213B4B012202202A
:10AC500000F0F8FEA16D00293FF445AFC1F30741B4
:10AC600040F6031000F080F894F8591040F60410F4
:10AC700000F07AF894F8581040F6051000F074F8D7
:10AC800040F6021000F084F840F00101C9B240F62D
:10AC9000021000F069F8002340F262211A460846CB
:10ACA000A36500F0B1FA1EE7244B01220021022027
:10ACB00000F0C8FE00F006FE01287FF414AF00F09B
:10ACC0000DFE10E71E4B01220021022000F0BAFE0B
:10ACD00009E7164801F022F9607808B900F03AF95E
:10ACE0000F4B1B68002B3FF4FEAEDB68002B3FF4DC
:10ACF000FAAE9847134BE6E7134B01222946022090
:10AD000000F0A0FE607808B900F024F9044B1B683D
:10AD1000002B3FF4E8AE1B6928E700BF340F00208A
:10AD2000900F00203DD900081C0F0020040F0020C8
:10AD3000940F0020580F002051D900085AD900085C
:10AD400064D900086DD9000876D90008024BA3F831
:10AD50005400FFF7A9BE00BF340F0020014B187844
:10AD6000704700BFA210002013B58DF80710EFF355
:10AD7000108472B6012301460DF107020348FDF766
:10AD8000F7FB84F3108802B010BD00BF940A0020C6
:10AD900013B50146EFF3108472B601230DF10702DB
:10ADA0000448FDF71EFC84F310889DF8070002B0EC
:10ADB00010BD00BF940A002010B50446FBF7ACFBA1
:10ADC00001280CD140F62310FFF7E2FF00F0F90153
:10ADD000214340F62310BDE81040FFF7C5BF10BD6A
:10ADE00010B50C4B1B7804469BB94FF4D760FFF7A6
:10ADF000CFFFC4F3002100F0FE0001434FF4D76001
:10AE0000FFF7B2FFE1B240F2B960BDE81040FFF7D2
:10AE1000ABBF10BDA110002010B51346EFF3108496
:10AE200072B60A4601460348FDF7A2FB84F3108878
:10AE300010BD00BF940A002008B5014608224FF457
:10AE4000D860FFF7E9FF002008BD000007B5074BF9
:10AE50001B7840BAADF804002BB9022201A940F2D8
:10AE6000BC60FFF7D9FF03B05DF804FBA110002020
:10AE700007B5074B1B7840BAADF804002BB9022286
:10AE800001A940F2BE60FFF7C7FF03B05DF804FB05
:10AE9000A110002010B51346EFF3108472B60A46D5
:10AEA00001460348FDF79DFB84F3108810BD00BFE9
:10AEB000940A002010B51346EFF3108472B60A46C8
:10AEC00001460348FDF781FC84F3108810BD00BFE4
:10AED000940A00200A4601460020FFF7EBBF00005D
:10AEE00010B51346EFF3108472B60A4601460348C4
:10AEF000FDF79EFC84F3108810BD00BF940A00206B
:10AF000010B51346EFF3108472B60A4601460348A3
:10AF1000FDF7A2FB84F3108810BD00BF940A002047
:10AF200013B504460020FBF7F1FA0220FFF744FFB7
:10AF300004F0070401220DF1070184208DF8074079
:10AF4000FFF7DEFF024B00221A7002B010BD00BFF7
:10AF5000A210002007B501228DF807000DF10701AE
:10AF60008020FFF7CDFF9DF80730002B034B14BF67
:10AF7000022201221A7003B05DF804FBA210002027
:10AF800007B5094B8DF8060004221A70030C8DF8E2
:10AF900004300322030A01A983208DF80530FFF74E
:10AFA000AFFF03B05DF804FBA210002010B51446FB
:10AFB000FFF790FF2046BDE81040FFF7E1BF00001B
:10AFC00007B5094B8DF8060005221A70030C8DF8A1
:10AFD00004300322030A01A982208DF80530FFF70F
:10AFE0008FFF03B05DF804FBA210002073B50026AC
:10AFF00040F6E2000196FFF7CBFE00F0FE010546A9
:10B0000040F6E200FFF7B0FE40F6E500FFF7C0FEB5
:10B0100000F07F01044640F6E500FFF7A5FE6FF063
:10B020007F40FFF7CDFF04220DEB020140F619002F
:10B03000FFF730FF3046FFF78DFF294640F6E2006C
:10B04000FFF792FE214640F6E500FFF78DFE0198DE
:10B0500002B070BD13B50C4B04460522972140F693
:10B06000AC001A70FFF780FE230C8DF80430032229
:10B07000230A01A982208DF805308DF80640FFF7DC
:10B080003FFF02B010BD00BFA210002007B5030CA7
:10B090008DF80030030A8DF801300B0C49BA8DF899
:10B0A0000200ADF804100622694694208DF80330A2
:10B0B000FFF726FF024B06221A7003B05DF804FB6F
:10B0C000A2100020002208B51146C520FFF718FF86
:10B0D000014B07221A7008BDA21000200022114661
:10B0E000D120FFF70DBF00221146D220FFF708BF85
:10B0F00007B501228DF807000DF107019F20FFF72A
:10B10000FFFE03B05DF804FB07B501228DF80700D0
:10B110000DF10701A020FFF7F3FE9DF807103F296E
:10B1200007D901F0F8010131C9B240F20670FFF70A
:10B130001BFE03B05DF804FB07B5FBF7EDF9431EFA
:10B14000584258418DF8070001220DF10701962061
:10B15000FFF7D6FE03B05DF804FB07B500F07F00F3
:10B160008DF8070001220DF107018920FFF7C8FEC5
:10B1700003B05DF804FB0000154B984207B51BD8DF
:10B18000144B98421BD8144B98421BD8134B98422F
:10B190001BD8134B98428BBF6B2229226F232B2382
:10B1A0008DF8042001A9022298208DF80530FFF7C0
:10B1B000A7FE03B05DF804FBE122E923F0E7D72204
:10B1C000DB23EDE7C122C523EAE775228123E7E708
:10B1D00000E9A43580F8A9328044E52D000B6B1BF3
:10B1E00040FC541907B58DF8062004228DF80400A0
:10B1F0008DF8051095200DEB02018DF80730FFF753
:10B200007FFE03B05DF804FB07B552BAADF8042029
:10B2100040BA082249BAADF80000ADF802105BBA96
:10B2200069461046ADF80630FFF76AFE03B05DF8D8
:10B2300004FB07B50B0C042200F0070049BA8DF897
:10B240000400ADF8061097200DEB02018DF80530D3
:10B25000FFF756FE03B05DF804FB000010B508B11F
:10B26000194B1860FAF714F80220FFF7A5FD002427
:10B27000164B20461C70FFF76DFEFBF74BF90128BB
:10B2800016D14021FFF7D5FF40F611102146FFF7F8
:10B290006BFD4FF07F00FFF760FF0E2140F61F109F
:10B2A000FFF762FDFBF730F9094B01221A7010BD60
:10B2B000202140F61110FFF757FD202140F6121013
:10B2C000FFF752FDE9E700BF94100020981000201E
:10B2D000A210002037B50C4D2B7804461BB9FFF7A0
:10B2E0004BFF01232B700023084A6006E109F8F7A1
:10B2F000CFFA042200BA01900DEB02018620FFF77D
:10B30000FFFD03B030BD00BF981000200048E801E9
:10B3100007B5094B8DF807000146187018B940F2BF
:10B32000AC60FFF721FD01220DF107018A20FFF734
:10B33000E7FD03B05DF804FBA1100020012873B500
:10B340000C46164637D10020FBF7E8F8A042B8BFFC
:10B3500044B20E2805461AD101231A4600210420C2
:10B36000FFF740FF6FF010039C42B8BF1C46182146
:10B3700040F6E700FFF7F8FC022201A98E208DF8C5
:10B3800004408DF80560FFF7BBFD02B070BD0123DE
:10B390000A28E4B21A464FF0000105D11846FFF71B
:10B3A00021FF033464B2DDE70720C5F10E05FFF786
:10B3B00019FF2C44F6E740F6D800FFF7E9FC40F00F
:10B3C0001E01C9B240F6D800FFF7CEFC0120FBF702
:10B3D000A5F8A042B8BF44B2142805464FF00103B7
:10B3E0004FF000020CD105210320FFF7FBFE0234D1
:10B3F00064B26FF008039C42B8BF1C463821B7E71F
:10B40000112805D103210220FFF7ECFE0534EFE7F8
:10B410000E2804D102210846FFF7E4FEE9E7C5F152
:10B420001605072104202544FFF7DCFE6CB2E0E797
:10B4300013B5314A0446516810686B4603C32F4B5D
:10B4400020781B78834201D0FFF762FF2378032B1B
:10B4500027D8DFE803F00239283C6268284BB3FBA9
:10B46000F2F31A0CA1688DF800208DF802301A0A48
:10B47000237B8DF80330637B8DF801208DF8043039
:10B48000204A00234806C909F8F702FA030C40BA1B
:10B490008DF80530ADF80600082269468B20FFF7CD
:10B4A0002FFD02B010BD2269154BB3FBF2F31A0C4D
:10B4B0008DF800208DF802301A0A237D8DF80120C6
:10B4C0008DF803300422E8E7A3690093FAE7626885
:10B4D0000B4BB3FBF2F31A0C8DF800208DF8023001
:10B4E0001A0A237B8DF80330637B8DF801208DF8D9
:10B4F00004300522D1E700BF0CCF0008A1100020C6
:10B500000000093D0048E8011FB52E4A0446D168F5
:10B510009068127C01AB03C31A702B4B20781B7808
:10B52000834201D0FFF7F4FE2378032B26D8DFE80F
:10B5300003F002383302637AF12B21D14FF6FF700A
:10B54000FFF784FC48F20500FFF792FC02236288B3
:10B55000A188ADF8061052BAE188ADF804208DF844
:10B560000B30227AA37A8DF80A20ADF808108DF8F6
:10B570000C30092201A98C20FFF7C2FC04B010BDD9
:10B58000F22BE4D141F60F50FFF760FC41F22100AD
:10B59000FFF76EFC0623DAE7237B8DF804300122E7
:10B5A000E8E7E389094A5BBAADF80430237C1370FD
:10B5B0008DF80630637C8DF80730638AADF808306B
:10B5C0000622D7E70CCF0008A1100020A010002011
:10B5D00007B502228DF804008DF805108F2001A90F
:10B5E000FFF78EFC03B05DF804FB000010B51346B6
:10B5F000EFF3108472B60A4601460348FDF764F87B
:10B6000084F3108810BD00BF940A002007B5012202
:10B6100001A91520FFF7EAFF9DF804004042401001
:10B6200003B05DF804FB000037B505460C46022266
:10B6300001A91320FFF7DAFF0A4B1B78012B0DD16C
:10B64000094B1B78012B09D140F20270FFF7A0FBD8
:10B650009DF805302870237003B030BD9DF80400BC
:10B66000F6E700BFA1100020A0100020F7B50D469E
:10B67000064600240DF10701284617468DF80740BD
:10B68000FFF7D2FF2A78BA4207D89DF80700314663
:10B69000FFF726FC204603B0F0BD0120FBE70000C9
:10B6A00013B50322044601A91420FFF79FFF184B8E
:10B6B0001A7822704AB1012A17D01422002120469C
:10B6C00000F0D0FA0F2323700DE09DF804302371B1
:10B6D0009DF80530A2605B425B10A3719DF80630B7
:10B6E0005B425B10637102B010BD9DF804305B4299
:10B6F0005B1023739DF9053002339B1063739DF833
:10B7000006305B425B10A373024B1B682361EAE7C0
:10B71000A11000209C100020012908B5034608460E
:10B720000ED1012B07D10420FFF746FB0220BDE814
:10B730000840FAF7EBBE022B14BF08460320F6E7D9
:10B740000120F4E738B50446FAF7E2FE50B10228CA
:10B750000CBF02250125284602222146FFF7EEFDF7
:10B76000284638BD102CB4BF01250225F3E701207F
:10B7700070470000014B01201B68184794100020FF
:10B78000014B02201B68184794100020014B4020F9
:10B790001B6818479410002011B1012904D070478C
:10B7A000044B1B6880201847024B4FF480701B68C5
:10B7B000F9E700BF94100020024B4FF400701B68A3
:10B7C000184700BF94100020014B20201B68184729
:10B7D00094100020014B04201B681847941000208F
:10B7E000014B08201B68184794100020014B1020C3
:10B7F0001B68184794100020024B4FF480401B68D0
:10B80000184700BF9410002010B568B1074A002304
:10B8100052F83340844202EBC30101D9087910BDCC
:10B820000133162BF4D1FEE71F20F8E748DA0008B1
:10B8300073B51D4B0193044640F607000D46FFF714
:10B84000A7FAC0F3C10308336B4413F8042C00F0CB
:10B850000703013302FA03F3144AB2FBF3F2B2FB1B
:10B86000F4F007281ED84000042834BF0423022324
:10B870004FF4D66002FB03F4FFF78AFA060240F2A7
:10B88000B160FFF785FA06F470663043030544BFE4
:10B890006FEA00506FEA105063094343DB112B60DD
:10B8A00002B070BD0123E3E704080A0C0048E80178
:10B8B0004FF0FF3070474FF0FF3070474FF0FF30D0
:10B8C00070477047002070470020704770474FF066
:10B8D000FF3070474FF0FF30704770477047704738
:10B8E00070B5EFF3108672B6144B5C8A1A8A9442D4
:10B8F00013D1C4F5007292B2904206D3844218D993
:10B9000001229A7000221C805A825A8A0A800244BC
:10B91000C2F308025A8200200DE006D9C4F5007572
:10B92000ADB28542F1D88242E9E7121B92B282425F
:10B93000EBD84FF0FF3086F3108870BDA4130020C1
:10B94000EFF3108172B6034AD38A0133D38281F3B5
:10B9500010887047A4130020EFF3108172B6034AD9
:10B96000D38A013BD38281F310887047A41300204F
:10B9700010B508481822002100F074F906484FF469
:10B980000072002100F06EF9044B05481B68BDE809
:10B9900010401847A4130020A3110020E0D4000891
:10B9A0000DBB0008014B5860704700BFA413002076
:10B9B000014B1872704700BFA413002073B5EFF35A
:10B9C000108572B61C4CE08A00282FD1FFF7B8FF13
:10B9D000218A628A914227D0A378012B12D1238831
:10B9E00020805B1A9BB20221A382A17063B9A3706D
:10B9F0002382238A9A428BBFD21AC3F50073A28294
:10BA0000A38201E0002BF4D0268A0C4B1E4485F360
:10BA10001088F9F7AFFC0A4BA18ADB680193304626
:10BA200002B0BDE870401847FFF796FF85F3108815
:10BA3000002002B070BD00BFA4130020A31100209D
:10BA4000E0D4000808B4F0B586B00023ADF80030AB
:10BA50002B4B0B9C1D7A85424CD3D86881434CD12B
:10BA60005B681BB112B1694602A898470CAB22462D
:10BA70004FF480712348019300F034FBFFF760FF1F
:10BA8000BDF8003018440DF1020180B2FFF728FF25
:10BA900001302AD00023BDF80020BDF802601A480A
:10BAA0000DF1080C1F4699B216FA83F58A42ADB221
:10BAB00015D817B13244ADF80220BDF80250019BF1
:10BAC00022464FF48071284400F00CFBFFF744FF3E
:10BAD000FFF774FF06B0BDE8F04001B070471CF8F6
:10BAE000011B415501330127DDE7FFF735FF6FF0FB
:10BAF0000200EFE76FF00400ECE76FF00500E9E704
:10BB0000A4130020A3100020A311002013B5EFF30D
:10BB1000108472B6204B9A78588A022A1DBF1A8A5E
:10BB2000998A5218002214BFC2F308029A709042F8
:10BB30001A8228D0D98A012925D19978012913D1CF
:10BB400019888A1A022192B2997000219A8219806A
:10BB500062B99A701A821A8A90428BBF801AC2F513
:10BB6000007298829A8201E00029F4D0188A0B4A68
:10BB7000104484F310880A4A998AD368019302B06A
:10BB8000BDE81040184784F31088F9F7F7FB02B0BE
:10BB9000BDE81040FFF7E0BEA4130020A311002071
:10BBA000E0D40008024A00231360024A1360704781
:10BBB000C0130020BC13002010B5EFF3108472B640
:10BBC00041B1012903D1064A13680343136084F38A
:10BBD000108810BD024A136823EA0003F6E700BF8D
:10BBE000C013002010B5EFF3108472B641B10129E3
:10BBF00003D1064A13680343136084F3108810BD11
:10BC0000024A136823EA0003F6E700BFBC130020D2
:10BC100038B5EFF3108572B60A4B0B4C1B6833B185
:10BC2000236898476368984785F3108838BD074BA9
:10BC30001B681BB1A3689847E368F4E7236998473A
:10BC40006369F0E7C01300207CD40008BC13002017
:10BC500001380A44914200D1704711F8013B00F8C5
:10BC6000013FF7E700F0AEBC10B5EFF3108472B6F9
:10BC7000064A136803431360054A52F83130034300
:10BC800042F8313084F3108810BD00BFDC1300206F
:10BC9000C413002070477047B0F5803F3ABF0004DE
:10BCA00010230023B0F1807F3EBF08330002DBB2D7
:10BCB000B0F1805F38BF00014FEA1070054A38BF0D
:10BCC0000433125C38BFDBB2C3F11F03981AC0B251
:10BCD000704700BFF8DA00082DE9F84F384D394EAB
:10BCE000D5F80080DFF8E0B0DFF8E0A0DFF8E09002
:10BCF000D6F800C0374FDBF80010374CDAF80020D8
:10BD0000D9F8003008EA00002860286800EA020E2E
:10BD10001EEA0C0F01D019421ED04FF0FF333B60DA
:10BD2000FFF7B8FFEFF3108472B63368DBF800203A
:10BD3000DAF800100B4029680B4205D1D9F8003021
:10BD4000134201D1F9F714FB84F31088FFF7A3FF26
:10BD5000C5F80080BDE8F88F2368236803401340CE
:10BD600062681A4204BF4FF0FF3262606068184098
:10BD7000FFF792FF62683860012303FA00F022EABD
:10BD800000026260EFF3108172B63A689340326845
:10BD900022EA03023260226822EA0303236081F36D
:10BDA00010880E4A3B6852F823309847D6F800C0F6
:10BDB000DBF80010DAF80020D9F80030A5E700BF62
:10BDC00024000020DC130020D813002028000020CD
:10BDD000D4130020D0130020C4130020CC13002063
:10BDE00010B51146EFF3108472B6FFF755FF034B01
:10BDF00043F8201084F3108810BD00BFCC1300203E
:10BE000073B5114E002305460093ADF8043001A828
:10BE100033699847F36800909847736804469847D9
:10BE2000009B1844BDF8043023449AB21BB2B3F50A
:10BE30007A7FA2BF0130A2F57A731BB22860284630
:10BE4000AB8002B070BD00BFA0D40008024B00223E
:10BE50001A60024B1B681847E0130020B4D4000896
:10BE6000F8B50446174608461E467CB173B1084B28
:10BE700000255B6A25609847069B60602581A57256
:10BE8000E6602361E77265612846F8BD0120FCE7A2
:10BE9000B4D4000810B5034CE3699847A36ABDE821
:10BEA00010401847B4D4000870B5064DEB6906463B
:10BEB00098476B6A044630469847AB6A201ABDE83B
:10BEC00070401847B4D40008054B1B680BB91846DE
:10BED0007047834201D05B69F8E70120704700BFDB
:10BEE000E01300202DE9F3410B4E336A04469847D6
:10BEF0000123B7692372D4F800800546B847284467
:10BF0000804502D2B84728442060B3682068019376
:10BF100002B0BDE8F0411847B4D4000870B520B3B2
:10BF2000EFF3108672B6124D2B680122827253B164
:10BF30000022427298425C690ED102723CB12046E6
:10BF40002C60FFF7CFFF86F31088002070BD094BEF
:10BF5000DB6898472C60F6E71A465B69002BF2D045
:10BF60009842F9D143695361EDE70120EEE700BF44
:10BF7000E0130020B4D40008084B10B51A685369C8
:10BF8000516911B95061416110BD046819688C4252
:10BF900002D91A465B69F3E71946F3E7E01300207C
:10BFA000044A13680BB10021197243611060FFF756
:10BFB00099BF00BFE01300202DE9F041044600289E
:10BFC0002DD0FFF781FF50BB657A45BBEFF310889A
:10BFD00072B6144E6768336A984787422CBF276051
:10BFE0002060114FA5724FF4807323813B684BB9D9
:10BFF000336998472046FFF7D3FF88F31088284617
:10C00000BDE8F081B3699847236818443B68206015
:10C010001B6898422046EED3FFF7AEFFEDE70125FF
:10C02000EDE700BFB4D40008E013002010B50446CB
:10C0300008467CB1084B5B6A984760602046FFF772
:10C0400043FF40B12046FFF769FF2046BDE810409E
:10C05000FFF7B2BF012010BDB4D400082DE9F041B4
:10C06000EFF3108772B61D4E1D4D73699847336903
:10C07000044698472B684BB94FF000082B688BB9E2
:10C08000286828BB87F31088BDE8F081011B241ABB
:10C090001A688A428CBF121900221A605B69002B51
:10C0A000F6D1E9E71C681CB1B36998478442E7D22E
:10C0B0002C6863692B60A4F80880D4E903309847A2
:10C0C0006389B3F5807FD9D12046FFF775FFD5E7A7
:10C0D000037A002BD6D1FFF705FFD3E7B4D40008CD
:10C0E000E01300202DE9F04F002997B081461E464D
:10C0F00040F3118104464F1E1378A4EB090023B9C5
:10C100000023237017B0BDE8F08FB842F8DA252B72
:10C1100005D004F8013B904608F10102ECE792F8E3
:10C1200001E0AEF1300102F10108AEF130034A4204
:10C130004A41092B2BD8414600250A20884611F890
:10C14000013BA3F1300CBCF1090F1BD998F800306A
:10C15000692B00F09E801DD8632B29D0642B00F042
:10C160009880582B5AD0252B1AD198F80030002BE4
:10C1700000F0938004F8013BA4EB0903BB4280F27A
:10C180008A80C9E700FB0533A3F13005D6E74FF0FD
:10C19000FF35DBE7752B7ED0782B41D0732B1CD07D
:10C1A000252304F8013BA4EB0903BB4273DADCE767
:10C1B000002D05F1FF3AD8BF4FF0000A5246204645
:10C1C000202100F0FFF9A244002D56F8043B8AF824
:10C1D0000030D8BF01252C449EE7504B56F804BBD5
:10C1E000BBF1000F08BF9B465846F6F7C9FF2A1A55
:10C1F0008542B8BF0022824620212046019200F0ED
:10C20000E1F9019A00232244534502DB02EB0A04C0
:10C2100082E71BF80310D1540133F5E742F04002E6
:10C220001021DFF8FCB0DFF8FCA056F804CB12F0C8
:10C23000400F18BFDA46BEF1300FCDF808A0A4EBCE
:10C2400009030CBF4FF0300A4FF0200A9207A7EB0A
:10C2500003036046CDF80CA022D5002820DA404226
:10C26000013D4FF02D0C05AA019200228246B0FB41
:10C27000F1F001FB10AB029810F80BB0019800F838
:10C2800001BB5145019002F10102BAFBF1F0EDD979
:10C2900010E042F002020A21C3E708F1FF386BE721
:10C2A000BCF1000F02D04FF0000CDCE730228DF81B
:10C2B00014200122BEF1300FA5EB020504D020208E
:10C2C000002D05F1FF350ADCBCF1000F05D02D2152
:10C2D000013B04F8011B3FF41FAF25440AE0013B7A
:10C2E00004F8010BECD117E7039904F8011B013B9B
:10C2F0003FF412AF291B0029F6DC05A911442344A1
:10C300002244A2423FF408AF11F8010D04F8010BDA
:10C310009C42F6D100E70020F4E600BF08DB0008ED
:10C3200034DB00080FDB00080A22002100F07AB895
:10C33000242B2DE9F0478646904601D8012B06D1E3
:10C3400000F06CF9162303600020BDE8F087344844
:10C350000D462A4615F8014B065D16F00806F8D181
:10C360002D2C2DD12C780126951C33F0100209D1EB
:10C37000302C2AD12A7802F0DF02582A25D16C7895
:10C380001023023506F1004C0CF1FF3C0022BCFBEF
:10C39000F3F9104603FB19CAA4F13007092F1BD883
:10C3A0003C46A34227DD571C07D0814520D301D14D
:10C3B000A2451DDB00FB0340012215F8014BEBE712
:10C3C0002B2C04BF2C78951CCFE7002BDAD1302C16
:10C3D0000CBF08230A23D5E7A4F14107192F01D880
:10C3E000373CDEE7A4F16107192F04D8573CD8E7A2
:10C3F0004FF0FF32E1E7531C08D12223CEF8003082
:10C400006046B8F1000FA0D0691E06E006B14042B8
:10C41000B8F1000F99D0002AF6D1C8F8001094E7BF
:10C420005ADB000813460A46014602480068FFF737
:10C430007FBF00BF2C0000202DE9F043344E86461C
:10C440000D46284615F8014B375D17F00807F8D15F
:10C450002D2C2FD12C780127851C33F0100009D109
:10C46000302C2CD1287800F0DF00582827D16C78A8
:10C47000102302354FF0FF380026B8FBF3F803FB1A
:10C4800008F96FEA09093046A4F1300CBCF1090F34
:10C490001CD86446A3422ADDB6F1FF3F07D0804591
:10C4A00022D301D1A1451FDB00FB0340012615F873
:10C4B000014BE9E72B2C04BF2C78851CCDE7002B22
:10C4C000D8D1302C0CBF08230A23D3E7A4F1410CA8
:10C4D000BCF1190F01D8373CDCE7A4F1610CBCF1C9
:10C4E000190F04D8573CD5E74FF0FF36DFE7731C30
:10C4F00006D12223CEF80030304632B9BDE8F083B1
:10C5000007B14042002AF9D006B1691E1160F5E773
:10C510005ADB000813460A46014602480068FFF746
:10C520008BBF00BF2C0000200CB430B5174B0C1E85
:10C530001D689DB008DA8B232B604FF0FF301DB0D3
:10C54000BDE8304002B070474FF40273ADF81430CC
:10C5500014BF04F1FF332346049307934FF6FF7390
:10C5600002900690ADF81630209A21AB02A9284619
:10C57000019300F0E1F9431CBCBF8B232B60002C1E
:10C58000DDD0029B00221A70D9E700BF2C000020EA
:10C59000884210B501EB020402D98442234607D831
:10C5A000431EA14208D011F8012B03F8012FF8E730
:10C5B000024401468A4200D110BD13F8014D02F831
:10C5C000014DF7E702440346934200D1704703F858
:10C5D000011BF9E7C9B20346184613F8012B12B143
:10C5E0008A42F9D17047002918BF002070470A78A5
:10C5F00070B56AB970BD9A4209D10C46054614F867
:10C60000013F002BF6D015F8016F9E42F7D00130A4
:10C610000378002BEFD11846ECE70000014B1868B7
:10C62000704700BF2C00002070B50D4D0D4C641BF1
:10C63000A4100026A64209D10B4D0C4C00F04CFC76
:10C64000641BA4100026A64205D170BD55F8043B1A
:10C6500098470136EEE755F8043B98470136F2E774
:10C6600098DC000898DC000898DC00089CDC0008D6
:10C67000704770470A44914200F1FF3300D1704780
:10C6800010B511F8014B03F8014F9142F9D110BDDB
:10C6900038B50546002941D051F8043C0C1F002B49
:10C6A000B8BFE41800F0E0F81D4A136833B96360BE
:10C6B00014602846BDE8384000F0DCB8A34208D931
:10C6C000206821188B4201BF19685B680918216036
:10C6D000EDE71A465B680BB1A342FAD9116850180E
:10C6E000A0420BD120680144501883421160E0D170
:10C6F00018685B68536008441060DAE702D90C23BD
:10C700002B60D6E7206821188B4204BF19685B684C
:10C71000636004BF091821605460CAE738BD00BFD8
:10C720002815002070B50F4E0C463168054611B92A
:10C7300000F08CFB30602146284600F087FB431C4C
:10C7400003D14FF0FF34204670BDC41C24F0030415
:10C75000A042F8D0211A284600F078FB0130F2D12F
:10C76000EFE700BF241500202DE9F843CD1C25F08C
:10C77000030508350C2D38BF0C25002D064601DBBE
:10C78000A94204D90C2333600020BDE8F883DFF808
:10C79000D48000F069F8D8F800301C4644BB294624
:10C7A0003046FFF7BFFF431C044658D1D8F800407D
:10C7B0002746002F43D1002C4BD023683946304602
:10C7C00004EB030900F042FB814542D121686D1A58
:10C7D00029463046FFF7A6FF01303AD023682B44A4
:10C7E0002360D8F800305A6862BBC8F800700FE0C8
:10C7F0002268521B20D40B2A17D96119A342256045
:10C8000018BF5960636808BFC8F8001062514B60D8
:10C81000304600F02FF804F10B00231D20F0070034
:10C82000C21A1CBF1B1AA350AFE76268A3420CBF19
:10C83000C8F800205A60EBE723466468AEE73C4640
:10C840007F68B6E71A465B68A342FBD100235360BA
:10C85000DEE70C233360304600F00CF894E7056007
:10C86000D6E700BF281500200148FFF701BF00BF31
:10C87000201500200148FFF7FCBE00BF2015002056
:10C880002DE9F0478E681F46BE420B6882460C4673
:10C8900090462DD8B1F90C2012F4906F26D065691E
:10C8A000096905EB4505A3EB010905EBD5757B1C73
:10C8B0004B446D109D4238BF1D46530527D5294670
:10C8C000FFF752FF064660B321694A46FFF7D2FEE2
:10C8D000A38923F4906343F08003A38126616561FB
:10C8E0004E44A5EB09052660A5603E46BE4200D930
:10C8F0003E46206832464146FFF74AFEA3689B1B2E
:10C90000A3602368334423600020BDE8F0872A46F3
:10C9100000F0ACFA06460028E0D121695046FFF746
:10C92000B7FE0C23CAF80030A38943F04003A3816B
:10C930004FF0FF30E9E700002DE9F04F98468B8972
:10C940001B069DB007460D46144610D50B6973B9FA
:10C950004021FFF709FF2860286130B90C233B60B4
:10C960004FF0FF301DB0BDE8F08F40236B61002316
:10C97000099320238DF82930CDF80C803023DFF87F
:10C980009C818DF82A304FF0010923469A4613F80E
:10C99000012B0AB1252AF9D1BAEB040B0BD05B4667
:10C9A000224629463846FFF76BFF013000F0A7808A
:10C9B000099A5A4409929AF80030002B00F09F809F
:10C9C00000234FF0FF32CDE905230AF1010A049359
:10C9D00007938DF853301A935446052214F8011B1F
:10C9E0004E48F6F7D5FB049AD8B9D00644BF2023A9
:10C9F0008DF85330110744BF2B238DF853309AF82C
:10CA000000302A2B15D0079A544600204FF00A0C0C
:10CA1000214611F8013B303B092B4BD9B0B10792AD
:10CA200014E0A0EB080309FA03F313430493A246AE
:10CA3000D2E7039B191D1B680391002BBBBF5B4210
:10CA400042F0020207930793B8BF049223782E2B7B
:10CA50000AD163782A2B32D1039B1A1D1B680392DB
:10CA600043EAE37302340593DFF8B4A0217803228C
:10CA70005046F6F78DFB38B1049BA0EB0A0040222C
:10CA8000824013430134049314F8011B25488DF8A8
:10CA900028100622F6F77CFB002836D0224B1BBB61
:10CAA000039B073323F0070308330393099B3344A5
:10CAB00009936AE70CFB02320C460120A8E7002329
:10CAC0000134059319464FF00A0C204610F8012B4B
:10CAD000303A092A03D9002BC6D00591C4E70CFBD4
:10CAE000012104460123F0E703AB00932A460F4BD4
:10CAF00004A93846AFF30080421C0646D6D1AB8964
:10CB00005B063FF52DAF09982CE703AB00932A464F
:10CB1000064B04A9384600F079F8EDE75ADC000826
:10CB200060DC000864DC00080000000081C8000828
:10CB30002DE9F047164698468A680B69DDF8209083
:10CB40009342B8BF1346336091F8432007460C4622
:10CB50000AB1013333602368990642BF3368023358
:10CB60003360256815F0060506D104F1190AE3685B
:10CB700032689B1AAB4226DC94F843302268003BB3
:10CB800018BF012392062BD404F1430241463846D4
:10CB9000C84701301ED02368226903F00603042B26
:10CBA00002BFE5683368ED1AA3680CBF25EAE57596
:10CBB00000259342C4BF9B1AED1800261A34B542D3
:10CBC0001AD1002008E00123524641463846C847A2
:10CBD000013003D14FF0FF30BDE8F0870135C6E7E3
:10CBE000E1185A1C302081F84300224494F8451083
:10CBF00082F843100233C7E70123224641463846F4
:10CC0000C8470130E6D00136D9E700002DE9FF47DB
:10CC10000F7E0C9E782F914680460C469A4601F175
:10CC2000430207D8622F0AD8002F00F0D280582F75
:10CC300000F0B98004F1420684F842703AE0A7F1AE
:10CC40006303152BF6D801A151F823F0A5CC0008F9
:10CC5000B9CC000835CC000835CC000835CC00082C
:10CC600035CC0008B9CC000835CC000835CC00081C
:10CC700035CC000835CC0008B9CD0008E3CC00085D
:10CC800073CD000835CC000835CC0008DBCD00089A
:10CC900035CC0008E3CC000835CC000835CC0008C2
:10CCA0007BCD000833681A1D1B68326004F1420610
:10CCB00084F8423001239DE033682068191D3160FB
:10CCC000060601D51D6803E04506FBD5B3F9005003
:10CCD000002D03DA2D236D4284F8433059480A238E
:10CCE00011E021683368080653F8045B02D4490652
:10CCF00048BFADB26F2F5348336014BF0A230823D7
:10CD0000002184F843106668A660002EA2BF216847
:10CD100021F0040121600DB9002E4BD01646B5FB61
:10CD2000F3F103FB1157C75D06F8017D2F46BB42A7
:10CD30000D46F4D9082B0BD12368DF0708D52369EA
:10CD400061689942DEBF302306F8013C06F1FF36E8
:10CD5000921B2261CDF800A04B4603AA2146404613
:10CD6000FFF7E6FE01304AD14FF0FF3004B0BDE8D6
:10CD7000F087236843F0200323603348782784F842
:10CD80004570236831681F0651F8045B02D45F06C2
:10CD900048BFADB23160D90744BF43F020032360E0
:10CDA0001DB11023ACE72748E9E7236823F02003EF
:10CDB0002360F6E71646BDE7336825686169181DEC
:10CDC00030602E061B6801D5196002E06806FBD5AD
:10CDD0001980002323611646BCE733681A1D3260B0
:10CDE0001E68626800213046F6F7D2F908B1801B50
:10CDF000606063682361002384F84330AAE72369F5
:10CE0000324649464046D0470130ADD023689B07A3
:10CE100013D4E068039B9842B8BF1846A6E70123E5
:10CE2000324649464046D04701309DD00135E3683F
:10CE300003995B1AAB42F2DCEBE7002504F119061B
:10CE4000F5E700BF6BDC00087CDC000838B5064D58
:10CE50000023044608462B60F8F7ACFA431C02D1C5
:10CE60002B6803B1236038BD1C1500202DE9F0416B
:10CE7000804615460C4621B9BDE8F0411146FFF742
:10CE800073BC2AB9FFF704FC00242046BDE8F081FA
:10CE900000F01AF88542064602D8B5EB500FF4D8D8
:10CEA00029464046FFF760FC07460028ECD0B54213
:10CEB0002A46214628BF3246FFF7DCFB2146404682
:10CEC000FFF7E6FB3C46E0E751F8043C181F002B57
:10CED000BCBF0B58C0187047F8B500BFF8BC08BC01
:10CEE0009E467047F8B500BFF8BC08BC9E46704728
:10CEF000000000000100000002000000C194C10019
:10CF000000000000B2270000000000000000000048
:10CF100000000000000000000000000000457272E8
:10CF20006F720041542B4F54413D0041542B4445F6
:10CF300056494E464F00444556494E464F3D4C4F8C
:10CF400052412C4E4F44452C4D532D4D42532D44B0
:10CF500052532D58312C56312E312E302C56322E24
:10CF6000302E302C25642C25642C25640A0054585E
:10CF700054494D453D25640A0041542B44455644CF
:10CF80004154410041542B55500055503D53656E5E
:10CF900064696E670A0041542B4552415345004570
:10CFA000524153453D4F4B0A0045524153453D4583
:10CFB00072726F720A0041542B524553455400520D
:10CFC000455345543D4F4B0A0041542B5458544946
:10CFD0004D453D00545854494D453D4572726F7260
:10CFE0000A0041542B545854494D450041542B4399
:10CFF000483D0043483D25640A0043483D45727260
:10D000006F720A0041542B43480041542B454E4354
:10D010004B45593D00454E434B45593D25640A005B
:10D02000454E434B45593D4572726F720A0041545B
:10D030002B454E434B45590041542B42414E443DF4
:10D040000042414E443D4572726F720A0042414EA9
:10D05000443D25640A0041542B42414E4400424164
:10D060004E443D41533932330A0042414E443D4122
:10D07000553931350A0042414E443D455538363820
:10D080000A0042414E443D494E3836350A0042417D
:10D090004E443D55533931350A0041542B434C41E0
:10D0A00053533D00434C4153533D25630A004154C3
:10D0B0002B434C4153530041542B4D5347494E464B
:10D0C0004F3D004D5347494E464F3D25642C256446
:10D0D0002C25640A0041542B4D5347494E464F00BE
:10D0E00041542B53463D0053463D25640A004154AC
:10D0F0002B53460041542B534C5649443D00534C4E
:10D100005649443D4572726F720A00534C56494469
:10D110003D25640A0041542B534C56494400415468
:10D120002B505752454E423D00505752454E423DBE
:10D1300025642C25640A0041542B505752454E4219
:10D140000041542B4C52530042414E443D25730A3A
:10D1500000415400415339323300415539313500D3
:10D16000455538363800494E383635005553393133
:10D170003500000054D100085AD1000860D10008E1
:10D1800066D100086CD10008426174746572792020
:10D19000496E6974202D3E2052656D61696E696E1D
:10D1A000673A2025642E25303264206D4168207C4A
:10D1B0002025642E253032642025250A0000C0C1B8
:10D1C00001C30302C2C60607C705C5C404CC0C0DC3
:10D1D000CD0FCFCE0E0ACACB0BC90908C8D8181973
:10D1E000D91BDBDA1A1EDEDF1FDD1D1CDC14D4D5D3
:10D1F00015D71716D6D21213D311D1D010F0303163
:10D20000F133F3F23236F6F737F53534F43CFCFD02
:10D210003DFF3F3EFEFA3A3BFB39F9F83828E8E992
:10D2200029EB2B2AEAEE2E2FEF2DEDEC2CE4242512
:10D23000E527E7E62622E2E323E12120E0A0606182
:10D24000A163A3A26266A6A767A56564A46CACAD42
:10D250006DAF6F6EAEAA6A6BAB69A9A86878B8B9F2
:10D2600079BB7B7ABABE7E7FBF7DBDBC7CB4747552
:10D27000B577B7B67672B2B373B17170B0509091A2
:10D28000519353529296565797559594549C5C5D82
:10D290009D5F9F9E5E5A9A9B5B9959589888484912
:10D2A000894B8B8A4A4E8E8F4F8D4D4C8C44848592
:10D2B0004587474686824243834181804000C18141
:10D2C0004001C0804101C0804100C1814001C08057
:10D2D0004100C1814000C1814001C0804101C08046
:10D2E0004100C1814000C1814001C0804100C18135
:10D2F0004001C0804101C0804100C1814001C08027
:10D300004100C1814000C1814001C0804100C18114
:10D310004001C0804101C0804100C1814000C18105
:10D320004001C0804101C0804100C1814001C080F6
:10D330004100C1814000C1814001C0804101C080E5
:10D340004100C1814000C1814001C0804100C181D4
:10D350004001C0804101C0804100C1814000C181C5
:10D360004001C0804101C0804100C1814001C080B6
:10D370004100C1814000C1814001C0804100C181A4
:10D380004001C0804101C0804100C1814001C08096
:10D390004100C1814000C1814001C0804101C08085
:10D3A0004100C1814000C1814001C0804100C18174
:10D3B0004001C0804101C0804100C181402B4F54D9
:10D3C000413A4641494C2C53594E5441580D0A009C
:10D3D0002B4F54413A4641494C2C53495A450D0A6A
:10D3E000002B4F54413A4641494C2C45524153453C
:10D3F0000D0A002B4F54413A52454144590D0A0041
:10D400002B4F54413A4641494C2C54494D454F55B8
:10D41000540D0A002B4F54413A4641494C2C575267
:10D420004954450D0A002B4F54413A41434B2C259A
:10D43000750D0A0041542B4F544141424F52540044
:10D440002B4F54413A41424F525445440D0A002B50
:10D450004F54413A4641494C2C4352430D0A002B4C
:10D460004F54413A4641494C2C4D4554410D0A0018
:10D470002B4F54413A4F4B0D0A0000000F52000849
:10D48000FD510008E151000801520008DD5100087B
:10D4900021520008256473253033643A00000000EF
:10D4A0009954000839550008A9540008455500084A
:10D4B000095500085155000800000000B954000843
:10D4C000715400083D540008F55300084D540008FD
:10D4D000615400080154000805540008195400085C
:10D4E000B9570008E1570008655700085157000870
:10D4F00053656E64696E6720646174612073746142
:10D500007274203A20004F6E547854696D656F75BF
:10D51000740A0D005458494E542020202020203AEF
:10D520002025642053656320286170706C696564F0
:10D53000290A0D0055503D52657472792C25640AF4
:10D540000041542B444556444154413D7B22446F95
:10D550006F72537461747573223A25642C22437977
:10D56000636C6573223A25647D0A002573004F6E53
:10D5700052784572726F720A0D0055503D4641490E
:10D580004C0A004556454E543D4C6F73740A004F8B
:10D590006E527854696D656F75740A0D0045564575
:10D5A0004E543D44656C6976657265640A00555059
:10D5B000535543434553533D253034642C25642C47
:10D5C00025642C25642C25642C25640A004F6E529A
:10D5D00078446F6E650A0D005273736956616C75FD
:10D5E000653D25642064426D2C20536E7256616C3B
:10D5F00075653D256464420A0D007061796C6F6148
:10D60000642E2073697A653D2564200A0D005265F9
:10D610006369766564204D657373616765203A20A0
:10D6200000256300426174746572793A2025642E86
:10D6300025303264206D4168207C2025642E253001
:10D6400032642025250A00446F6F72205374617480
:10D6500065203A2025640A004D414320494420209A
:10D660002020203A20253032583A253032583A25A9
:10D670003032583A253032583A253032583A25302F
:10D6800032583A253032583A253032580A0D004F78
:10D690004E2028757020746F203320617474656D7E
:10D6A00070747329004F464600434F4E4649524D11
:10D6B000454420203A2025730A0D000A534C564950
:10D6C00044313D25640A000A0D4D616353796E6350
:10D6D0002D444F4F522053454E534F520A0D004197
:10D6E00050504C49434154494F4E5F56455253495F
:10D6F0004F4E3A205625582E25582E25580D0A00F3
:10D700004D575F524144494F5F56455253494F4E22
:10D710003A202020205625582E25582E25580D0A0F
:10D72000002D2D2D2D2D2D2D2D2D2D2D2D2D2D2D56
:10D730000A0D004C4F524120434F4E4649470A0DB7
:10D740000046524551202020202020203A202564E8
:10D7500020487A0A0D0042414E445749445448201B
:10D76000203A202564206B487A0A0D005350524518
:10D770004144494E4720203A20534625640A0D0073
:10D78000454E435F4B4559202020203A2025640A0E
:10D790000D005458494E542020202020203A2025A6
:10D7A00064205365630A0D0052616E646F6D2054EE
:10D7B000782044656C6179203D2025640A0D0000C5
:10D7C00000EA063740F7093780040D37C0111037DB
:10D7D000001F1337402C163780391937C0461C37C5
:10D7E00000D88C3640E58F3680F29236C0FF9536F1
:10D7F000000D9936401A9C3680279F36C034A236D9
:10D800004889BE33D859C233682AC633F8FAC933B7
:10D8100088CBCD33189CD133A86CD533383DD93360
:10D8200088C2903318939433A863983338349C3368
:10D83000C804A03358D5A333E8A5A7337876AB3313
:10D840006001C835A00ECB35E01BCE352029D1357F
:10D850006036D435A043D735E050DA35205EDD356B
:10D86000A0860100400D0300801A060000350C0060
:10D8700040420F0080841E0000093D0000127A0023
:10D880000024F40000366E010048E801006CDC0260
:10D890000000000000000000000000000000000088
:10D8A0000000000000000000000000000000000078
:10D8B000010000000200000003000000040000005E
:10D8C000010000000300000005000000010000004E
:10D8D00001000000060000000A0000002000000017
:10D8E000020000000400000008000000100000001A
:10D8F0004000000080000000000100000002000065
:10D90000010002000400060008000A000C001000DC
:10D910002000400080000001080402040801010109
:10D920000101010307010000526164696F53656ED4
:10D9300064204F76657273697A650D0A0049525109
:10D940005F52585F54585F54494D454F55540D0A26
:10D9500000505245204F4B0D0A0053594E43204F63
:10D960004B0D0A00484452204F4B0D0A00484452C8
:10D97000204B4F0D0A004952515F4352435F4552BD
:10D98000524F520D0A00020100030000841E0000E5
:10D99000093D0000127A000024F4000048E801006C
:10D9A00090D0030020A1070000000000B128000073
:10D9B00061510000C3A2000004050600499D000853
:10D9C000199C0008459E0008959C00085DA700086A
:10D9D000319D000889A4000801A300081B9B0008D2
:10D9E0008DA90008D9A700081D9D0008119C0008FA
:10D9F000C19C0008999C0008519C0008479C0008A5
:10DA0000559B0008519B0008439C00083F9C000860
:10DA1000DD9D0008099E0008359C0008A9AA0008A1
:10DA2000B59B00087D9B000879AA0008599B000857
:10DA300009A10008919E0008B1B80008B7B8000815
:10DA4000499B00084D9B0008C01200001F00000009
:10DA5000A816000017000000841C00000F00000042
:10DA6000E42500001E000000B42D00001600000098
:10DA7000083900000E0000002C4C00001D000000C2
:10DA8000685B000015000000747200000D000000CB
:10DA9000589800001C00000034B70000140000007B
:10DAA000E8E400000C000000783101001B000000D9
:10DAB000686E01001300000034CA01000B00000072
:10DAC000286202001A00000040DB02001200000081
:10DAD0003C9303000A000000C0C2040019000000CB
:10DAE00060B30500110000003820070009000000A5
:10DAF00020A107000000000004030202010101014F
:10DB000000000000000000003C4E554C4C3E003030
:10DB1000313233343536373839616263646566676C
:10DB200068696A6B6C6D6E6F7071727374757677FD
:10DB300078797A00303132333435363738394142EA
:10DB4000434445464748494A4B4C4D4E4F5051522D
:10DB5000535455565758595A000020202020202051
:10DB6000202020282828282820202020202020208D
:10DB7000202020202020202020208810101010108D
:10DB800010101010101010101010040404040404DD
:10DB900004040404101010101010104141414141C0
:10DBA0004101010101010101010101010101010125
:10DBB00001010101011010101010104242424242B6
:10DBC00042020202020202020202020202020202F5
:10DBD00002020202021010101020000000000000DB
:10DBE0000000000000000000000000000000000035
:10DBF0000000000000000000000000000000000025
:10DC00000000000000000000000000000000000014
:10DC10000000000000000000000000000000000004
:10DC200000000000000000000000000000000000F4
:10DC300000000000000000000000000000000000E4
:10DC400000000000000000000000000000000000D4
:10DC500000000000000000000000232D302B2000F9
:10DC6000686C4C0065666745464700303132333496
:10DC70003536373839414243444546003031323336
:10DC800034353637383961626364656600000000F8
:08DC9000F054FF7F01000000C9
:04DC980065310008EA
:04DC9C00413100080A
:10DCA000010000002C0100000700000088C2903332
:10DCB0000300393000093D000100000010000000A1
:10DCC000FF000000FFFFFFFFFFFFFFFF300000200D
:10DCD00000000000E41300204C140020B4140020C5
:10DCE0000000000000000000000000000000000034
:10DCF0000000000000000000000000000000000024
:10DD00000000000000000000000000000000000013
:0CDD100000000000000000000000000007
:040000050800588D0A
:00000001FF
